accent,domain,reference,prediction,ref_norm,pred_norm
yoruba,general,A second impact tore open the second of the two watertight compartments flooding it.," A second impact, tall open the second of the two watertight compartments, flooding it, full stop.",a 2nd impact tore open the 2nd of the 2 watertight compartments flooding it,a 2nd impact tall open the 2nd of the 2 watertight compartments flooding it full stop
yoruba,clinical,X-ray examination of the mastoids is of little value though it may show areas of bone destruction and enlargement of jugular foramen.," X iPhone Re examination of the mastoid is of little value, though it may show areas of bone destruction and enlargement of jugular pharamine.",x ray examination of the mastoids is of little value though it may show areas of bone destruction and enlargement of jugular foramen,x iphone re examination of the mastoid is of little value though it may show areas of bone destruction and enlargement of jugular pharamine
yoruba,general,"Confederate infantry assaults
", confederate infantry as well.,confederate infantry assaults,confederate infantry as well
yoruba,general,"DamnBBNaija BBNaijaShineYaEye BBNaijaReunion
"," Don't be being a ninja, be being a ninja, shine a eye, be being a ninja, rainbow.",damnbbnaija bbnaijashineyaeye bbnaijareunion,do not be being a ninja be being a ninja shine a eye be being a ninja rainbow
yoruba,clinical,The ulna remains relatively stationary., The owner remains relatively stationary.,the ulna remains relatively stationary,the owner remains relatively stationary
yoruba,general,"The prevalence of moderate and complete ED was 29, increasing rapidly with age from 12 for age 50 years to 58 at age 75 years.
"," The prevalence of moderate and complete ED was 29, increasing rapidly with age from 12 for each 50 years to 58 at age 75 years, full stop.",the prevalence of moderate and complete ed was 29 increasing rapidly with age from 12 for age 50 years to 58 at age 75 years,the prevalence of moderate and complete ed was 29 increasing rapidly with age from 12 for each 50 years to 58 at age 75 years full stop
yoruba,general,"Minor political issues
", minor political issues for the stock market.,minor political issues,minor political issues for the stock market
yoruba,clinical,AB: O: Infant RR 30-60s with sats remaining 97-100 in RA.," AB colon, O colon, infantile spirit rate 30, I think 60 seconds with starvation remaining 97, I think 100 in array full stop.",ab 0 infant rr 30 60s with sats remaining 97 100 in ra,ab colon 0 colon infantile spirit rate 30 i think 60 seconds with starvation remaining 97 i think 100 in array full stop
yoruba,general,"He currently lives in Brooklyn.
"," He currently lives in Brooklyn, Fullstock.",he currently lives in brooklyn,he currently lives in brooklyn fullstock
yoruba,general,"We can call this second man, Dying Man.
"," we can call this second man, a dying man, first of all.",we can call this 2nd man dying man,we can call this 2nd man a dying man 1st of all
yoruba,general,"Henderson wrote that so far, there has been no evidence of spread to students from the dining hall and that the current seven-day positive test rate at Northeastern is 0.08.
"," Henderson, roots that so far, there has been no evidence of spread to students from the dining hall and at the current seven I think they positive test rates at North-Eastern is 0.08 full stop",henderson wrote that so far there has been no evidence of spread to students from the dining hall and that the current 7 day positive test rate at northeastern is 0.08,henderson roots that so far there has been no evidence of spread to students from the dining hall and at the current 7 i think they positive test rates at north eastern is 0.08 full stop
yoruba,clinical,"If it is fertilized by an X-bearing sperm, however, the result is a female with Turner 18 syndrome, with an XO combination O represents the absence of one sex chromosome."," If it is fertilized by an X-Beren spline coma, however coma, the result is a female with Turner-Ettin syndrome coma with an XO combination or represent the absence of 1,6 chromosome.",if it is fertilized by an x bearing sperm however the result is a female with turner 18 syndrome with an xo combination 0 represents the absence of one sex chromosome,if it is fertilized by an x beren spline coma however coma the result is a female with turner ettin syndrome coma with an xo combination or represent the absence of 16 chromosome
yoruba,general,"One day our school soccer team needed some players to help out at a soccer match and they asked me to step in and help out.
", One day our school soccer team needed some players to help out at a soccer match and they asked me to step him and help out full stop.,one day our school soccer team needed some players to help out at a soccer match and they asked me to step in and help out,one day our school soccer team needed some players to help out at a soccer match and they asked me to step him and help out full stop
yoruba,clinical,CA: a cancer journal for clinicians.," C.A. Colon, a cancer journal for clinicians who study.",ca a cancer journal for clinicians,c a colon a cancer journal for clinicians who study
yoruba,clinical,"Differential diagnosis of swellings in the region of the salivary glands, e."," Differential diagnosis of swellings in the region of the saliva gland, e.",differential diagnosis of swellings in the region of the salivary glands e,differential diagnosis of swellings in the region of the saliva gland e
yoruba,clinical,"Patients who give a history of physical signs suggestive of a liver disorder or a high alcohol intake should have blood taken for clotting studies and liver function tests LFTs.
"," to give the history of physical signs suggestive of a liver disorder, OAI-accoin-6 should have not taken for closing studies and liver function tests.",patients who give a history of physical signs suggestive of a liver disorder or a high alcohol intake should have blood taken for clotting studies and liver function tests lfts,to give the history of physical signs suggestive of a liver disorder oai accoin 6 should have not taken for closing studies and liver function tests
yoruba,clinical,"Haemorrhage is carefully arrested, as a haematoma could prevent the ap taking, and closure is effected with mattress sutures."," Temoridge is carefully arrested, as a matuma could prevent the uptake in coma and closure is affected with mattress suture.",hemorrhage is carefully arrested as a haematoma could prevent the ap taking and closure is effected with mattress sutures,temoridge is carefully arrested as a matuma could prevent the uptake in coma and closure is affected with mattress suture
yoruba,clinical,The hair cells are supported by pillars of Corti that enclose a space called the tunnel of Corti., The air cells are supported by pillars of cutty that enclose a space called the tunnel of cutty.,the hair cells are supported by pillars of corti that enclose a space called the tunnel of corti,the air cells are supported by pillars of cutty that enclose a space called the tunnel of cutty
yoruba,clinical,Papillary projections of ductal epithelium resemble villous morphology and contain mucin-filled vesicles.," Popular projections of Dr. Epithelium resemble Vilius morphology and continuous syn-ithium-phib vesicles, who stop.",papillary projections of ductal epithelium resemble villous morphology and contain mucin filled vesicles,popular projections of doctor epithelium resemble vilius morphology and continuous syn ithium phib vesicles who stop
yoruba,clinical,": Extended transthoracicresectioncomparedwithlimitedtranshiatal resection for adenocarcinoma of the esophagus.
", Colon extended trans thoracic recession compared with limited trans-hittile recession for adenocalcinoma of the esophagus.,extended transthoracicresectioncomparedwithlimitedtranshiatal resection for adenocarcinoma of the esophagus,colon extended trans thoracic recession compared with limited trans hittile recession for adenocalcinoma of the esophagus
yoruba,clinical,The effect of ablation technology on surgical outcomes after the Cox-maze procedure: a propensity analysis.," The effect of ablation technology on surgical outcomes after the COPS-MAS procedure colon, hypopensity analysis.",the effect of ablation technology on surgical outcomes after the cox maze procedure a propensity analysis,the effect of ablation technology on surgical outcomes after the cops mas procedure colon hypopensity analysis
yoruba,clinical,"With respect to the natural history, the panel advocated nonoperative management of these patients with mild PHPT based on observational studies, which suggested relative stability of biochemical parameters over time."," With respect to the natural history, the panel advocated nonoperative management of this patient with mild pH-BT based on observational studies, which suggested relative stability of their chemical parameters over time.",with respect to the natural history the panel advocated nonoperative management of these patients with mild phpt based on observational studies which suggested relative stability of biochemical parameters over time,with respect to the natural history the panel advocated nonoperative management of this patient with mild ph bt based on observational studies which suggested relative stability of their chemical parameters over time
yoruba,clinical,In the inferior meatus opens thenasolacrimal duct.," In the inferior miatus opens the nasal acrymauduct, post-op.",in the inferior meatus opens thenasolacrimal duct,in the inferior miatus opens the nasal acrymauduct post op
yoruba,clinical,"In others, the acute pain and blood loss are self-limited."," In others, command the acute, pin and blood loss are safe, I feel limited, full stop.",in others the acute pain and blood loss are self limited,in others command the acute pin and blood loss are safe i feel limited full stop
yoruba,clinical,A: feeds started., A. Fields started.,a feeds started,a fields started
yoruba,general,"Since when are you responsible for telling people what to eat?
"," Cezuen, are you responsible for telling people to eat? Question mark.",since when are you responsible for telling people what to eat,cezuen are you responsible for telling people to eat question mark
yoruba,general,"As of this minute, ticket sales are surging so by tonight we may see a higher result.
"," As of this minute, ticket sales are surging so by tonight we may see a higher result. Full stock.",as of this minute ticket sales are surging so by tonight we may see a higher result,as of this minute ticket sales are surging so by tonight we may see a higher result full stock
yoruba,general,"Easy quick breakfast ideas
", Easy quick brief first ideas.,easy quick breakfast ideas,easy quick brief 1st ideas
yoruba,clinical,213 The American Society for Radiation Oncology ASTRO developed guidelines for the use of APBI outside of clinical trials based on data reported from published studies.," 2. The American Society for Radiation Oncology, Astro, developed guidelines for the use of APBI outside of clinical trials based on data reported from published studies.",213 the american society for radiation oncology astro developed guidelines for the use of apbi outside of clinical trials based on data reported from published studies,2 the american society for radiation oncology astro developed guidelines for the use of apbi outside of clinical trials based on data reported from published studies
yoruba,general,"With N60,000 collected at Ijora and another N60,000 collected between Marine Bridge and Area B Junction, that is N120,000 collected without receipts.
"," With 60,000 air collected at Ijora and another 60,000 air collected between Marine Bridge and Iriabee Junction, that is 120,000 air collected without recedes. Full stop.",with n 60000 collected at ijora and another n 60000 collected between marine bridge and area b junction that is n 120000 collected without receipts,with 60000 air collected at ijora and another 60000 air collected between marine bridge and iriabee junction that is 120000 air collected without recedes full stop
yoruba,general,"Its the growth and glow-up for us
", It's the growth and glow I feel up for us.,its the growth and glow up for us,it is the growth and glow i feel up for us
yoruba,general,"Dr. Uloaku is w/ the Pt Onyinyechukwu at this time and has also spoken to Pt's neice Finidi
", The Arofo Stop Uno Aku is W-star's patient on YouTube at the time and has also spoken to patient Apostrophe S. Ness Fendi.,doctor uloaku is w the pt onyinyechukwu at this time and has also spoken to pt is neice finidi,the arofo stop uno aku is w star is patient on youtube at the time and has also spoken to patient apostrophe s ness fendi
yoruba,general,"These conversations become harder and having them so many times per day is exhausting.
", These conversations become harder and have you them so many times per day is exhausting. Full stop.,these conversations become harder and having them so many times per day is exhausting,these conversations become harder and have you them so many times per day is exhausting full stop
yoruba,general,"Camille Hamonics five-year-old wont have a seat on the school bus this fall.
", I'm going to start by giving you a little bit of a quick overview of the resources.,camille hamonics 5 year old wont have a seat on the school bus this fall,i am going to start by giving you a little bit of a quick overview of the resources
yoruba,clinical,"The public demonstration was a failure because nitrous oxide has analgesic properties, but does not suffice as the sole anesthetic agent in every patient.", The public demonstration was a failure because nitrous oxide has an agenetic properties but does not suffice as the so anaesthetic agents in every patient's postdoc.,the public demonstration was a failure because nitrous oxide has analgesic properties but does not suffice as the sole anesthetic agent in every patient,the public demonstration was a failure because nitrous oxide has an agenetic properties but does not suffice as the so anesthetic agents in every patient is postdoc
yoruba,clinical,Abd benign AG 25-26 V/S stooling., APD-9 AG-25 iPhone 26 V-S-S tooling,abd benign ag 25 26 v s stooling,apd 9 ag 25 iphone 26 v s s tooling
yoruba,general,"Slot scanners are typically used to scan bar codes on identification cards.
", Slot scanner are typically used to scan back goods on a deducation card full store.,slot scanners are typically used to scan bar codes on identification cards,slot scanner are typically used to scan back goods on a deducation card full store
yoruba,general,"Triple-S Management stock opened at 18.12 on Monday.
", Triple iPhone S Management stock opened at 18 Fustop 12 on Monday Fustop,triple s management stock opened at 18.12 on monday,triple iphone s management stock opened at 18 fustop 12 on monday fustop
yoruba,clinical,The two-cell theory of estrogen synthesis is diagrammed in Figure 33.," Ditzu-fine cell theory of estrogen synthesis is diagrammed in Fig. 33, full stock.",the 2 cell theory of estrogen synthesis is diagrammed in figure 33,ditzu fine cell theory of estrogen synthesis is diagrammed in fig 33 full stock
yoruba,clinical,Several cycles of extremely intensive myelosuppressive chemotherapy are necessary to cure childhood AML there is little evidence that low-dose continuation therapy is helpful in AML with the exception of acute promyelocytic leukemia.," Several cycles of extremely intensive myelosuppressive chemotherapy are necessary to cure childhood acute myeloid leukemia. There is little evidence that low-ifin dose continuation therapy is helpful in acute myeloid leukemia, with the exception of acute promyelocytic leukemia who stops.",several cycles of extremely intensive myelosuppressive chemotherapy are necessary to cure childhood aml there is little evidence that low dose continuation therapy is helpful in aml with the exception of acute promyelocytic leukemia,several cycles of extremely intensive myelosuppressive chemotherapy are necessary to cure childhood acute myeloid leukemia there is little evidence that low ifin dose continuation therapy is helpful in acute myeloid leukemia with the exception of acute promyelocytic leukemia who stops
yoruba,clinical,U/O 30-60 ml/hr all night., you slash o 30 i think 16u slash hr all night,u 0 30 60 ml hr all night,you slash 0 30 i think 16 u slash hr all night
yoruba,clinical,HE HAS OCASSIONAL DRIFTS IN SATS THAT RESOLVE WITHINCREASE IN O2 BRIEFLY., He has occasional drifts in saturation that resolve with increase in oxygen briefly.,he has ocassional drifts in sats that resolve withincrease in 0 2 briefly,he has occasional drifts in saturation that resolve with increase in oxygen briefly
yoruba,clinical,Planning for PDA ligation in near future., planning for PDA Legation in near future.,planning for pda ligation in near future,planning for pda legation in near future
yoruba,general,"Humanitarian cases will continue to get precedence, the official said.
"," Humanitarian cases will continue to get precedence, your official said, full stop.",humanitarian cases will continue to get precedence the official said,humanitarian cases will continue to get precedence your official said full stop
yoruba,general,"Our religion has become our ethnic identity, you know, exclusive to us.
"," Our religion has become our ethnic identity, comma, you know, comma, exclusive to us for stuff.",our religion has become our ethnic identity you know exclusive to us,our religion has become our ethnic identity comma you know comma exclusive to us for stuff
yoruba,general,"Trying to keep younger students 6 feet 1.8 meters apart could prove to be impossible, he said, and many schools have so many students they would violate suggested limits on large gatherings.
"," Trying to keep younger students 6 feet, 1.8 meters apart could prove to be impossible, comma, he said, comma. And many schools asked for many students they will violate suggested limits on large gardens full stop.",trying to keep younger students 6 feet one.8 meters apart could prove to be impossible he said and many schools have so many students they would violate suggested limits on large gatherings,trying to keep younger students 6 feet one.8 meters apart could prove to be impossible comma he said comma and many schools asked for many students they will violate suggested limits on large gardens full stop
yoruba,general,"Ive got a lot of experience to lean on with guys who have played five, six, seven years of IPL and Test tours over there for Australia, so theres a lot to learn.", I've got a lot of experience to lead on with gas who have played 5.6.7 years of IPL and testers over there for Australia Coma so there's a lot to learn full stop.,ive got a lot of experience to lean on with guys who have played 567 years of ipl and test tours over there for australia so theres a lot to learn,i have got a lot of experience to lead on with gas who have played 5.6.7 years of ipl and testers over there for australia coma so there is a lot to learn full stop
yoruba,clinical,"Care must be taken during dental extraction, but fractures of the jaws are uncommon in this disease."," Care must be taken during dental extractions, but fractures of the jaws are uncommon in this disease, full stop.",care must be taken during dental extraction but fractures of the jaws are uncommon in this disease,care must be taken during dental extractions but fractures of the jaws are uncommon in this disease full stop
yoruba,general,"Friends praying for Ini Dima-Okojie
", Friends praying for any Dima-Okuji,friends praying for ini dima okojie,friends praying for any dima okuji
yoruba,clinical,"Unspecified superficial injury of right hip, initial encounter. TABLET, ORAL KETOCONAZOLE, KETOCONAZOLE, 200MG. Other specified injury of blood vessel of unspecified finger, initial"," Onspecified superficial injury of right hip, initial encounter, tablet oral ketoconazole, ketoconazole 200 mg, other specified injury of blood vessel of on specified finger, initial.",unspecified superficial injury of right hip initial encounter tablet oral ketoconazole ketoconazole 200 mg other specified injury of blood vessel of unspecified finger initial,onspecified superficial injury of right hip initial encounter tablet oral ketoconazole ketoconazole 200 mg other specified injury of blood vessel of on specified finger initial
yoruba,general,"From the beginning of the first question being asked, we saw a glimpse of what the next 90 minutes would include with the constant interruptions.
"," From the beginning of the first question being asked, we saw ignitance of what the next 19s would include with the constant interruptions, full stop.",from the beginning of the 1st question being asked we saw a glimpse of what the next 90 minutes would include with the constant interruptions,from the beginning of the 1st question being asked we saw ignitance of what the next 19s would include with the constant interruptions full stop
yoruba,clinical,Tx'd c hydration abxs Hospital Uwaezuoke.," TSDC Hydration ABXS Hospital, YSJK",tx would c hydration abxs hospital uwaezuoke,tsdc hydration abxs hospital ysjk
yoruba,general,"The incident happened on Tuesday, the same day security operatives shot tear gas canisters to disperse journalists on duty.
"," The incident happened on Tuesday, the same day security operatives shot tear gas canisters to disperse journalists on duty.",the incident happened on tuesday the same day security operatives shot tear gas canisters to disperse journalists on duty,the incident happened on tuesday the same day security operatives shot tear gas canisters to disperse journalists on duty
yoruba,clinical,"After age 70, it is 1:1HIGH-YIELD FACTSCardiothoracic Surgery421SyncopeAbnormal heart soundsSeventyve percent present with classic angina, 25 present atypically, many have silent myocardial infarctions MIs particularly diabetics and elderly.
"," After H70, it is one ratio 1, I, Ifin, Eid fact, cardio thoracic surgery 421, Psycope, Abnormal, Art, Sounds, 70% present with classic adenu, 25% atypical, many are silent myocardial infections, MIS, particularly diabetics and edyly, FUSTO.",after age 70 it is one one high yield factscardiothoracic surgery 421 syncopeabnormal heart soundsseventyve percent present with classic angina 25 present atypically many have silent myocardial infarctions mis particularly diabetics and elderly,after h 70 it is one ratio one i ifin eid fact cardio thoracic surgery 421 psycope abnormal art sounds 70% present with classic adenu 25% atypical many are silent myocardial infections mis particularly diabetics and edyly fusto
yoruba,clinical,Carcinoma tends to be irregular in shape and is adherent to the adjacent tissues., Casino mutton tends to be regular in sheep and it's adhering to the adjacent sheep.,carcinoma tends to be irregular in shape and is adherent to the adjacent tissues,casino mutton tends to be regular in sheep and it is adhering to the adjacent sheep
yoruba,clinical,tagging it with permanent suture can make identification of the stump easier if the colostomy is closed at a later date., tagging it with permanence to make it easier to stop if it could be used to me to exclude the facility is full stop.,tagging it with permanent suture can make identification of the stump easier if the colostomy is closed at a later date,tagging it with permanence to make it easier to stop if it could be used to me to exclude the facility is full stop
yoruba,general,"pt Taiwo Jaruntu received diuris 333mg iv at 11:22pm and lasix 220mg at 11pm with only fair urine output. Friday 08 December, 2028
"," Patient Tywo Jarrun II received Diuris, 333 mg, IV at 11.22 pm and Lasis, 220 mg at 11 pm with only fair urine output. Full stop Friday 8 December, 2020.",pt taiwo jaruntu received diuris 333 mg iv at 11 22 pm and lasix 220 mg at 11 pm with only fair urine output friday 8 december 2028,patient tywo jarrun ii received diuris 333 mg iv at 11.22 pm and lasis 220 mg at 11 pm with only fair urine output full stop friday 8 december 2020
yoruba,clinical,Pt quit smoking in ; prior to that he smoked 10 ppd x 50 years.," patient quit smoking in prior to that smoked 10 packs per day, 10-50 years",pt quit smoking in prior to that he smoked 10 ppd x 50 years,patient quit smoking in prior to that smoked 10 packs per day 10 50 years
yoruba,clinical,"Hct stable afterward with no evidence of bleeding.
"," HCT stable afterward with no evidence of bleeding, full stop.",hct stable afterward with no evidence of bleeding,hct stable afterward with no evidence of bleeding full stop
yoruba,general,"He further stated that This bold step by ProvidusBank addresses the United Nations Sustainable Development Goals 12, 13, 15, and 17.
"," If others stated that, this bold step by Providence Bank addresses the United Nations Sustainable Development Goals 12, 13, 15, and 17 full stop.",he further stated that this bold step by providusbank addresses the united nations sustainable development goals 12 13 15 and 17,if others stated that this bold step by providence bank addresses the united nations sustainable development goals 12 13 15 and 17 full stop
yoruba,general,"Bandits kill groom, abduct wife, four family members in Kaduna
"," Bandit scale groom coma, have doctor wife coma, four family members in Kadima.",bandits kill groom abduct wife 4 family members in kaduna,bandit scale groom coma have doctor wife coma 4 family members in kadima
yoruba,general,"It uses A for objects people say are asteroids.
", It uses a for objects people say are stereo and full stop,it uses a for objects people say are asteroids,it uses a for objects people say are stereo and full stop
yoruba,clinical,"Massive enlargement below umbilicus occurs in CML, myeloid metaplasia with myelofibrosis, storage diseases, thalassaemia major, chronic malaria, leishmaniasis and portal vein obstruction."," massive enlargement below ambolycos occurs in chronic myelod leukemia coma, myelod metaplasia with myelofibrosis coma, storage disease coma, talasemia major coma, chronic malaria coma, lish maniasis and putter vein obstruction, full stop.",massive enlargement below umbilicus occurs in cml myeloid metaplasia with myelofibrosis storage diseases thalassaemia major chronic malaria leishmaniasis and portal vein obstruction,massive enlargement below ambolycos occurs in chronic myelod leukemia coma myelod metaplasia with myelofibrosis coma storage disease coma talasemia major coma chronic malaria coma lish maniasis and putter vein obstruction full stop
yoruba,general,"Dr Bulakalotua Apakata made aware of rising Calcium with no new orders received at 08-02-2022
", Dr. Bula Kalutwa Apakata made a way of rising caution with no new orders received at 8th February 2022.,doctor bulakalotua apakata made aware of rising calcium with no new orders received at 8 2 2022,doctor bula kalutwa apakata made a way of rising caution with no new orders received at 8th february 2022
yoruba,clinical,Kainenechukwu IS MUMBLED AND DIFFICULT TO UNDERSTAND.," Ok, Nehruku is mumbood and difficult to understand.",kainenechukwu is mumbled and difficult to understand,ok nehruku is mumbood and difficult to understand
yoruba,clinical,a diet as he wishes ., and diet as you wish it.,a diet as he wishes,and diet as you wish it
yoruba,general,"For instance, James Segars, from the department of gynecology and obstetrics at Johns Hopkins University in Baltimore, MD, told The Atlantic that, Having a monthly period is reassuring, but it is certainly not necessary."," For instance, Coma, James Shegers Coma, from the Department of Ganocology and Obstructories at Jones-Akul University in Brachoma, Coma, medical doctor, Coma, told the antennas that Coma, having a monthly period is re-azoming Coma, but it is certainly not necessary, full stop.",for instance james segars from the department of gynecology and obstetrics at johns hopkins university in baltimore md told the atlantic that having a monthly period is reassuring but it is certainly not necessary,for instance coma james shegers coma from the department of ganocology and obstructories at jones akul university in brachoma coma medical doctor coma told the antennas that coma having a monthly period is re azoming coma but it is certainly not necessary full stop
yoruba,general,"Bullying can look like a lot of different things, said Noah Biddlecombe, program director at Youth One.
", Blink and look like a lot of things.,bullying can look like a lot of different things said noah biddlecombe program director at youth one,blink and look like a lot of things
yoruba,clinical,LUPUS ERYTHEMATOSUS: Lupus erythematosus is an uncommon connective tissue disease Chs 12 and 23.," Lupus erythematosus is an uncommon connected tissue disease, CHS12 and 23.",lupus erythematosus lupus erythematosus is an uncommon connective tissue disease chs 12 and 23,lupus erythematosus is an uncommon connected tissue disease chs 12 and 23
yoruba,clinical,"Rectal agents and rectal manipulation, including enemas, should not be used with myelosuppressed patients and or patients at risk for myelosuppression and mucositis."," Reti agents and recta manipulation, including enemas, should not be used with myelo suppressed patients and all patients at risk for myelo suppressions and myococytes.",rectal agents and rectal manipulation including enemas should not be used with myelosuppressed patients and or patients at risk for myelosuppression and mucositis,reti agents and recta manipulation including enemas should not be used with myelo suppressed patients and all patients at risk for myelo suppressions and myococytes
yoruba,clinical,There has undoubtedly been a significant decline in the prevalence of dental caries in countries where drinking water has been fluoridated., There has undoubtedly been a significant decline in the prevalence of dental caries in countries where drinking water has been fluoridated for stock.,there has undoubtedly been a significant decline in the prevalence of dental caries in countries where drinking water has been fluoridated,there has undoubtedly been a significant decline in the prevalence of dental caries in countries where drinking water has been fluoridated for stock
yoruba,general,"Judgment against NBC, vindication of our position IPC
"," judgment against NBC, the indication of our position IPC.",judgment against nbc vindication of our position ipc,judgment against nbc the indication of our position ipc
yoruba,clinical,-- elevated lactate 4.1 Pulmonary: -- producing thick secretions --, elevated lactate 4.1 pulmonary producing thick secretions,elevated lactate 4 one pulmonary producing thick secretions,elevated lactate 4 one pulmonary producing thick secretions
yoruba,general,"He said it was not all about the standard gauge rail system but the security and safety of passengers.
", He said it was not all about the standard bridge rail system but the security and safety of passengers to stop.,he said it was not all about the standard gauge rail system but the security and safety of passengers,he said it was not all about the standard bridge rail system but the security and safety of passengers to stop
yoruba,general,"Upon opening the app, users are taken to a basic sign-in page where they are required to register using their name, contact number and pin-code.
"," Upon opening the app, users are taken to a basic sign-in page where they are required to register using their name, contact number and pin code.",upon opening the app users are taken to a basic sign in page where they are required to register using their name contact number and pin code,upon opening the app users are taken to a basic sign in page where they are required to register using their name contact number and pin code
yoruba,general,"Olusola was a Negerian movie director, historian, movie critic and teacher, born in Akpawfu on 02 Apr, 1985
"," Ulu Sola was an interim movie director, comic, historian, comic, movie critic, and teacher, comic, born in Aqafu on 2nd April 1915.",olusola was a negerian movie director historian movie critic and teacher born in akpawfu on 2 apr 1985,ulu sola was an interim movie director comic historian comic movie critic and teacher comic born in aqafu on 2nd april 1915
yoruba,general,"It added that there were also increases in the debt stock of the state governments and the FCT.
", It added that there were also increases in the debt stock of the state's governments and the federal capital territory full stop.,it added that there were also increases in the debt stock of the state governments and the fct,it added that there were also increases in the debt stock of the state is governments and the federal capital territory full stop
yoruba,clinical,"A similar force occurs in creating arectocele, a posterior wall defect."," A similar force occurs in creating a rectusio, a posterior word defect, pushed up.",a similar force occurs in creating arectocele a posterior wall defect,a similar force occurs in creating a rectusio a posterior word defect pushed up
yoruba,general,"Over time, the party became closer to the conservative movement and it renounced its policy against racial equality.
"," Over time, the party became closer to the conservative movement and it renounced its policy against racial equality.",over time the party became closer to the conservative movement and it renounced its policy against racial equality,over time the party became closer to the conservative movement and it renounced its policy against racial equality
yoruba,general,"Right to Care supports and delivers prevention, care, and treatment services for HIV and TB, including through technical assistance to the private sector, the department of health and the department of correctional services."," Right to Care supports and delivers provincial, comma care, comma, and treats services for HIV and TB, comma, including through technical assistance to the private sector, comma, the Department of the Health and the Department of the Correctional Services. We'll stop.",right to care supports and delivers prevention care and treatment services for hiv and tb including through technical assistance to the private sector the department of health and the department of correctional services,right to care supports and delivers provincial comma care comma and treats services for hiv and tb comma including through technical assistance to the private sector comma the department of the health and the department of the correctional services we will stop
yoruba,clinical,"Complete lesion of L1 level of lumbar spinal cord, initial encounter. CAPSULE, ORAL AGRYLIN, ANAGRELIDE HYDROCHLORIDE, EQ 0.5MG BASE. Pedestrian on roller-skates injured in collision with railway train or"," Complete lesion of L1 level of lumbar spinal cord, initial encounter, capsule, oral agriline, anagrelide hydrochloride, EQ 0.5 mgb, pedestrian or roller skates, knee-jodged inculision with railway train or",complete lesion of l one level of lumbar spinal cord initial encounter capsule oral agrylin anagrelide hydrochloride eq 0.5 mg base pedestrian on roller skates injured in collision with railway train or,complete lesion of l one level of lumbar spinal cord initial encounter capsule oral agriline anagrelide hydrochloride eq 0.5 mgb pedestrian or roller skates knee jodged inculision with railway train or
yoruba,general,"Bushfire arrived into the township of Malua Bay, just south of Batemans Bay.
"," fire arrived into the township of Malua Bay Cuma just south of Beatsmouth Bay, Fustop",bushfire arrived into the township of malua bay just south of batemans bay,fire arrived into the township of malua bay cuma just south of beatsmouth bay fustop
yoruba,general,"VERDICT: MISLEADING
", What it's called misleading.,verdict misleading,what it is called misleading
yoruba,clinical,Resident/Intern spoke to patients son., Residents of interns spoke to patients soon.,resident intern spoke to patients son,residents of interns spoke to patients soon
yoruba,clinical,"Regardless of the strategy used, follow-up head CT scans are required postoperatively and approximately 1 month later to document resolution."," Regardless of the strategy used, follow iPhone Up, Head, City Scans, are required postoperatively and approximately one month later to document resolution full stop.",regardless of the strategy used follow up head ct scans are required postoperatively and approximately one month later to document resolution,regardless of the strategy used follow iphone up head city scans are required postoperatively and approximately one month later to document resolution full stop
yoruba,general,"Here are a few mistakes you can avoid if you want affirmations to work for you:
", Here are a few mistakes you can avoid if you want the app to work for you.,here are a few mistakes you can avoid if you want affirmations to work for you,here are a few mistakes you can avoid if you want the app to work for you
yoruba,clinical,"Pleural fluid pH is 7.29, glucose 91, total protein3.1, LDH 296, 70 white blood cells, 50 red blood cells ."," Plural Fluid pH is 7.29, Glucose 91, Total Proten3.1, LDH 296, 70 Wise Blood Cells, 50 Red Blood Cells.",pleural fluid ph is 7.29 glucose 91 total protein 3 one ldh 296 70 white blood cells 50 red blood cells,plural fluid ph is 7.29 glucose 91 total proten 3 one ldh 296 70 wise blood cells 50 red blood cells
yoruba,general,"He said, Today, Im dressed as a prison inmate to attend the International Human Rights Summit at the United Nations.
", I am dressed as a prison image to attend the International Human Rights Summit at the United Nations. Full stop.,he said today im dressed as a prison inmate to attend the international human rights summit at the united nations,i am dressed as a prison image to attend the international human rights summit at the united nations full stop
yoruba,general,"They attacked Pompeys left flank and, rejoined by their cavalry, were able to get behind and attack Pompeys army from the rear.
"," attacked Pompey's left flank and Coma, rejoined by their cavalry, were able to get behind and attack Pompey's army from the rear, full stop.",they attacked pompeys left flank and rejoined by their cavalry were able to get behind and attack pompeys army from the rear,attacked pompey is left flank and coma rejoined by their cavalry were able to get behind and attack pompey is army from the rear full stop
yoruba,clinical,The mechanisms by which gastric distention is translated into a neurohormonal satiety signal have only been partially elucidated.," The mechanisms by which gastric distension is translated into a neurohomonal satiety signal have only been partially elucidated,",the mechanisms by which gastric distention is translated into a neurohormonal satiety signal have only been partially elucidated,the mechanisms by which gastric distension is translated into a neurohomonal satiety signal have only been partially elucidated
yoruba,general,"Hes protected from eviction until at least September, after Oregons governor signed legislation last Tuesday that extended the states moratorium and gives tenants until March 31, 2021, to pay back rent."," He is protected from eviction until at least September, come after Origins' Covern North signed legislation last Tuesday that extended the state's moratorium and gives tenants until March 31, 2021, comma, to pay back rent full stop.",hes protected from eviction until at least september after oregons governor signed legislation last tuesday that extended the states moratorium and gives tenants until march 31 2021 to pay back rent,he is protected from eviction until at least september come after origins covern north signed legislation last tuesday that extended the state is moratorium and gives tenants until march 31 2021 comma to pay back rent full stop
yoruba,clinical,For the four-point gait: a., 44-point gates colon A will stop,for the 4 point gait a,44 point gates colon a will stop
yoruba,clinical,CHEST PA and LAT             Reason: What is the status of the pulmonary fingings compared to CXR, Chest PA and LAT vision. What is the status of the pulmonary phingene compared to CXR?,chest pa and lat reason what is the status of the pulmonary fingings compared to cxr,chest pa and lat vision what is the status of the pulmonary phingene compared to cxr
yoruba,general,"In good news for Greggs workers, it was also revealed yesterday that its employees are to get a share of a 7million bonus following the bumper sales.
"," In good news for Greg's workers, it was also revealed yesterday that its employees are to get a share of a 7 million bonus following the bumper sales.",in good news for greggs workers it was also revealed yesterday that its employees are to get a share of a 7000000 bonus following the bumper sales,in good news for greg is workers it was also revealed yesterday that its employees are to get a share of a 7000000 bonus following the bumper sales
yoruba,general,"To schedule a fly by, go to the fire district website.
"," To shadow a flyby comma, go to the Fire District website, full stop.",to schedule a fly by go to the fire district website,to shadow a flyby comma go to the fire district website full stop
yoruba,general,"By no coincidence, thats also when the franchise really started to decline in quality.
", By Nuku Inc. that's also when the franchise released a package to decline in quality for stock.,by no coincidence thats also when the franchise really started to decline in quality,by nuku inc that is also when the franchise released a package to decline in quality for stock
yoruba,general,"Reps uncover extra-budgetary expenditures of 50m, 18m as PH refinery gets March 2023 completion date
"," reps uncover extra budgetary expenditures of $50 million, $80 million as PH Refinery gets March 2023 completion date.",reps uncover extra budgetary expenditures of 50 m 18 m as ph refinery gets march 2023 completion date,reps uncover extra budgetary expenditures of $50000000 $80000000 as ph refinery gets march 2023 completion date
yoruba,clinical,U/O > 30 cc/hr., You are all great Adam. Thank you.,u 0 30 cc hr,you are all great adam thank you
yoruba,general,"This is a year unlike most we have ever seen.
", This is a year unlike most we have ever seen.,this is a year unlike most we have ever seen,this is a year unlike most we have ever seen
yoruba,general,"According to the World Bank, MSMEs represent about 90 per cent of all businesses and over 50 per cent of employment globally.
"," According to the World Bank, Ministry of Micro, Small and Medium Enterprises represents about 90% of all businesses and over 50% of employment globally.",according to the world bank msmes represent about 90% of all businesses and over 50% of employment globally,according to the world bank ministry of micro small and medium enterprises represents about 90% of all businesses and over 50% of employment globally
yoruba,general,"Each side must secure objective points.
", each side of the music your objective points will stop.,each side must secure objective points,each side of the music your objective points will stop
yoruba,clinical,If the patient experiences any bloody stools melena passing out lightheadedness chest pain shortness of breath fevers/chills they should seek medical attention immediately.," If the patient experiences any bloody stools, milenia, passing out, lightheadedness, chest pain, shortness of breath, fever or chills, they should seek medical attention immediately.",if the patient experiences any bloody stools melena passing out lightheadedness chest pain shortness of breath fevers chills they should seek medical attention immediately,if the patient experiences any bloody stools milenia passing out lightheadedness chest pain shortness of breath fever or chills they should seek medical attention immediately
yoruba,general,Breaking international law is not acceptable and does not create the confidence we need to build our future relationship., Breaking international law is not acceptable and does not create the confidence we need to build our future relationship. Full stop.,breaking international law is not acceptable and does not create the confidence we need to build our future relationship,breaking international law is not acceptable and does not create the confidence we need to build our future relationship full stop
yoruba,general,"These were voluntaries which had a tune which was played with the right hand on a stop called a trumpet or a cornet.
", These were ballon trees which had a tin which was played with a bright hand on a top called a trumpet or a connet.,these were voluntaries which had a tune which was played with the right hand on a stop called a trumpet or a cornet,these were ballon trees which had a tin which was played with a bright hand on a top called a trumpet or a connet
yoruba,general,"Inchereneh Needs sputum sample but none to be had from Cango at this point.
", The Indian government needs to put an example but not to be heard from Congo at this point.,inchereneh needs sputum sample but none to be had from cango at this point,the indian government needs to put an example but not to be heard from congo at this point
yoruba,general,I guess thats the only way to describe it., I guess that's the only way to describe it.,i guess thats the only way to describe it,i guess that is the only way to describe it
yoruba,general,"Dr. Mrs. Ubochioma Kofoworola in her Potiskum interview said Malaria, Typhoid fever, Yellow fever, Tuberculosis, COVID-19 are endemic diseases
"," Dr. Mrs. Buczema, co-founder of the Boots East Coombe interview said malaria, typhoid fever, yellow fever, tuberculosis, COVID-19, and epidemic disease.",doctor missus ubochioma kofoworola in her potiskum interview said malaria typhoid fever yellow fever tuberculosis covid 19 are endemic diseases,doctor missus buczema co founder of the boots east coombe interview said malaria typhoid fever yellow fever tuberculosis covid 19 and epidemic disease
yoruba,general,"It is unconscionable and inimical to the countrys interest to entangle the central bank in partisan politics.
"," It is unconscious, unable and in the middle car to the country's interest to entangle the central bank in partisan politics who stole.",it is unconscionable and inimical to the countrys interest to entangle the central bank in partisan politics,it is unconscious unable and in the middle car to the country is interest to entangle the central bank in partisan politics who stole
yoruba,general,"On the goals she wishes her brand will accomplish:
"," On the go, she wishes her brand will accomplish.",on the goals she wishes her brand will accomplish,on the go she wishes her brand will accomplish
yoruba,clinical,"Pancoasts syndrome symptoms and signs: Neuritic pain in the arm, atrophy of muscles of arm and hand, associated Horners syndrome, osteolysis of ribs and vertebrae, coin shadow on X-ray chest at apex of lung."," hand-cold syndrome symptoms and signs, neurotic pain in the arm, atopy of the muscles of arm and hand, associated horna syndrome, osteolysis of ribs and vertebrae, coin shadow on x-ray chest, and apex of lung, full stop.",pancoasts syndrome symptoms and signs neuritic pain in the arm atrophy of muscles of arm and hand associated horners syndrome osteolysis of ribs and vertebrae coin shadow on x ray chest at apex of lung,hand cold syndrome symptoms and signs neurotic pain in the arm atopy of the muscles of arm and hand associated horna syndrome osteolysis of ribs and vertebrae coin shadow on x ray chest and apex of lung full stop
yoruba,clinical,"Given its potential dramatic impact, premature ovarian failure demands a careful workup in order to identify the underlying cause and permit appropriate management."," giving its potential dramatic impact, we must show a very fair demand a careful workup in order to identify the underlying cause and permit appropriate management full stop.",given its potential dramatic impact premature ovarian failure demands a careful workup in order to identify the underlying cause and permit appropriate management,giving its potential dramatic impact we must show a very fair demand a careful workup in order to identify the underlying cause and permit appropriate management full stop
yoruba,general,Read the full story on iamschick.com., Read the full story on imjake.com. Full stop.,read the full story on iamschick com,read the full story on imjake com full stop
yoruba,general,"Infant has lovely skin, born to Ngam Cherechi parents in Gombe
"," infant as lodged in command, both with medium teacher, parent and student.",infant has lovely skin born to ngam cherechi parents in gombe,infant as lodged in command both with medium teacher parent and student
yoruba,general,CD Japanese Edition  13 - track album including the bonus track  Tears  .," CD Japanese Edition 13, I think. Track album including the bonus track TS, full stop.",cd japanese edition 13 track album including the bonus track tears,cd japanese edition 13 i think track album including the bonus track ts full stop
yoruba,clinical,for morning of 3 Admitting Diagnosis: TRAUMA," For morning of three, admitting diagnosis, trauma.",for morning of 3 admitting diagnosis trauma,for morning of 3 admitting diagnosis trauma
yoruba,general,"The NCDC disclosed this on its official Facebook handle.
", The ACDC disclosed this on its official Facebook handle.,the ncdc disclosed this on its official facebook handle,the acdc disclosed this on its official facebook handle
yoruba,clinical,CVR: Intubated shortly after birth extubated at approx 2 am., CVR intubated shortly after bit extubated at approximately 2M,cvr intubated shortly after birth extubated at approx 2 am,cvr intubated shortly after bit extubated at approximately 2 m
yoruba,clinical,"Pathological fracture in neoplastic disease, unspecified femur, initia. SOLUTION, INTRAVENOUS FOLOTYN, PRALATREXATE, 40MG/2ML (20MG/ML). Procedure and treatment not carried out because of patient's decision"," Pathological fracture in neoplastic disease unspecified femur initial solution intravenous fallotine Prylatexate 40mg per 2 mil, bracket open 20mg per mil, bracket close. Procedure and treatment not carried out because of patient's decision.",pathological fracture in neoplastic disease unspecified femur initia solution intravenous folotyn pralatrexate 40 mg 2 ml procedure and treatment not carried out because of patient is decision,pathological fracture in neoplastic disease unspecified femur initial solution intravenous fallotine prylatexate 40 mg per 2 mil bracket open 20 mg per mil bracket close procedure and treatment not carried out because of patient is decision
yoruba,clinical,Infant initially transitioned to newborn nursery., Infants initially transition to new bone nursery.,infant initially transitioned to newborn nursery,infants initially transition to new bone nursery
yoruba,general,"Michael Gambon, Gina McKee, Tom Hollander and Bill Nighy appeared in major roles."," Michael Gabon, Gina M. Key, Tom Olandia and Ben Knightley appeared in Media Rules for Stove.",michael gambon gina mckee tom hollander and bill nighy appeared in major roles,michael gabon gina m key tom olandia and ben knightley appeared in media rules for stove
yoruba,clinical,gi: taking cl diet., G I taking C L diet.,gi taking cl diet,g i taking c l diet
yoruba,general,"The patient Eriayo owns business in Hospital Imole a clothing store and a limousine business in Akpawfu
"," The patient area owns business in hospital, a mall or a clothing store, and a limousine business in Apuah Foo.",the patient eriayo owns business in hospital imole a clothing store and a limousine business in akpawfu,the patient area owns business in hospital a mall or a clothing store and a limousine business in apuah foo
yoruba,clinical,Mallay via telephone at 10PM 26/05/1984.," Mali via telephone at 10pm, 26 May 1984.",mallay via telephone at 10 pm 26 5 1984,mali via telephone at 10 pm 26 may 1984
yoruba,general,Lopez stressed at a press conference that the coastal path is one of the most important tourist attractions for Marbella., You place trees at a place complex that the coastal part is one of the most important to place attractions for mobile and coastal.,lopez stressed at a press conference that the coastal path is one of the most important tourist attractions for marbella,you place trees at a place complex that the coastal part is one of the most important to place attractions for mobile and coastal
yoruba,clinical,Glucose and potassium ions., glucose and potassium aions.,glucose and potassium ions,glucose and potassium aions
yoruba,general,"For the avoidance of doubt, no qualified teacher in the states school system has been relieved of hisher appointment."," for the avoidance of doubts, no qualified teacher in the state school system have been relieved of ASIA appointments.",for the avoidance of doubt no qualified teacher in the states school system has been relieved of hisher appointment,for the avoidance of doubts no qualified teacher in the state school system have been relieved of asia appointments
yoruba,general,"How Work, Sleep, Phone Usage Cause Spondylosis, Pain In Legs, Arms, Back Dr Oladiran, Consultant Orthopaedic And Trauma Hip Surgeon"," I walk, sleep, full usage, cause some deloses, pain in legs, arms, back. Dr. Oladino, consultant, Octopedia and Trauma, Ip Sojourn.",how work sleep phone usage cause spondylosis pain in legs arms back doctor oladiran consultant orthopedic and trauma hip surgeon,i walk sleep full usage cause some deloses pain in legs arms back doctor oladino consultant octopedia and trauma ip sojourn
yoruba,general,"Well if you didnt hide things, I would be able to find them, he counters.
"," Well, if you did eat items, comma, I would be able to find them, comma, accountants, who stop",well if you didnt hide things i would be able to find them he counters,well if you did eat items comma i would be able to find them comma accountants who stop
yoruba,general,"For the week ending 424, we have a build of 70 Bcf.
"," For the weak engine 424, we have a build of 70 billion cubic feet.",for the week ending 424 we have a build of 70 bcf,for the weak engine 424 we have a build of 70000000000 cubic feet
yoruba,general,"Ini Dima-Okojies After Party look
", These are the names of the people who died after the war.,ini dima okojies after party look,these are the names of the people who died after the war
yoruba,general,"The effect on the climate after such a huge volcanic eruption will last up to several decades.
", The effect on the climate after such a huge volcanic eruption will last up to several decades. Full stop.,the effect on the climate after such a huge volcanic eruption will last up to several decades,the effect on the climate after such a huge volcanic eruption will last up to several decades full stop
yoruba,general,"Pt Osorachukwu has vomited many times this morning 24 Apr, 2005 before Dr Ofuchi came.
"," Patient Osoratruku has vomited many times this morning, 24 April 2005, before Dr. Ofuchi came.",pt osorachukwu has vomited many times this morning 24 apr 2005 before doctor ofuchi came,patient osoratruku has vomited many times this morning 24 april 2005 before doctor ofuchi came
yoruba,general,"A product that helps a cyberattack is sometimes called a cyberweapon.
", Your product that helps the saber attack is sometimes called a saber weapon.,a product that helps a cyberattack is sometimes called a cyberweapon,your product that helps the saber attack is sometimes called a saber weapon
yoruba,general,GTBank bags Most Admired Brand in Africa award, GTBanks most admired brand in African world.,gtbank bags most admired brand in africa award,gtbanks most admired brand in african world
yoruba,clinical,Lactulose per ng and pr w lg liq golden stools overnight., Black Tunis for NG and PRW LG Lick Golden Stores overnight.,lactulose per ng and pr w lg liq golden stools overnight,black tunis for ng and prw lg lick golden stores overnight
yoruba,clinical,Infant currently taking all po feeds.," If you want, comment below and I will be happy to help you.",infant currently taking all po feeds,if you want comment below and i will be happy to help you
yoruba,general,"A very common disease was discovered in Soweto by Imbelakay and Watto scientists at Tarkwa university from 1998 to 2006.
", A very common disease was discovered in Soweto by Imbelaki and Water Sciences at Starqua University from 1990s to 2006.,a very common disease was discovered in soweto by imbelakay and watto scientists at tarkwa university from 1998 to 2006,a very common disease was discovered in soweto by imbelaki and water sciences at starqua university from 1990s to 2006
yoruba,clinical,Infant's feed held at that time., Infants' feet head at that time.,infant is feed held at that time,infants feet head at that time
yoruba,general,"There is no treatment approach that has been scientifically proven to work.
", There is no treatment approach that has been scientifically proven to work.,there is no treatment approach that has been scientifically proven to work,there is no treatment approach that has been scientifically proven to work
yoruba,clinical,Thiazide diuretics cause hypercalcemia by decreasing renal clearance of calcium., Thiazide deuretics cause hypercalcemia by decreasing renal clearance of calcium.,thiazide diuretics cause hypercalcemia by decreasing renal clearance of calcium,thiazide deuretics cause hypercalcemia by decreasing renal clearance of calcium
yoruba,general,"Deportation and forced labour
", and vote in the first place.,deportation and forced labor,and vote in the 1st place
yoruba,clinical,LINE PATENT WITH NO S and S OF SWELLING/HEMATOMA., Line patterns with no S and S of swelling or ematoma.,line patent with no s and s of swelling hematoma,line patterns with no s and s of swelling or ematoma
yoruba,general,"After investigating the incident, the Orange County District Attorneys Office concluded in a January 2013 report that Villarreals use of deadly force was reasonable because he thought Herrera was armed.
"," After investigating the incident, the Orange County District Attorney's Office concluded in a January 2013 report that Villarreal's use of deadly force was reasonable because he thought Herrera was armed.",after investigating the incident the orange county district attorneys office concluded in a january 2013 report that villarreals use of deadly force was reasonable because he thought herrera was armed,after investigating the incident the orange county district attorney is office concluded in a january 2013 report that villarreal is use of deadly force was reasonable because he thought herrera was armed
yoruba,clinical,TheAmericanCollege of Radiology recommends theuse of nonionizing radiation techniques for front-line imagingin1257T HE APPENDIX  30pregnant women.," The Morgan College of Radiology recommends the use of main ionizing radiation techniques for frontline imaging in 12570, 80 appendix 30 pregnant women.",theamericancollege of radiology recommends theuse of nonionizing radiation techniques for front line imagingin 1257 t he appendix 30 pregnant women,the morgan college of radiology recommends the use of main ionizing radiation techniques for frontline imaging in 12570 80 appendix 30 pregnant women
yoruba,general,"It was more of an internal fight as well.
", it was more of an internal fight as well.,it was more of an internal fight as well,it was more of an internal fight as well
yoruba,clinical,Patient's TSH mildly elevated above normal so likely the cause of current symptoms.," Patient's TSH, mildly elevated above normal, so likely the cause of current symptoms.",patient is tsh mildly elevated above normal so likely the cause of current symptoms,patient is tsh mildly elevated above normal so likely the cause of current symptoms
yoruba,general,"I had a therapist I worked with who was really supportive and great, he said.
"," I had the therapist I worked with who was really supportive and great, he said, full stop.",i had a therapist i worked with who was really supportive and great he said,i had the therapist i worked with who was really supportive and great he said full stop
yoruba,clinical,"Displaced fracture of anterior column [iliopubic] of left acetabulum,. SUPPOSITORY, RECTAL ACEPHEN, ACETAMINOPHEN, 325MG. Bipolar disorder, current episode depressed, mild or moderate severity", The public of left acetabium suppositry rectal acetaminophen 325 milligals bipolar disorder current episode depress mild or moderate severity,displaced fracture of anterior column of left acetabulum suppository rectal acephen acetaminophen 325 mg bipolar disorder current episode depressed mild or moderate severity,the public of left acetabium suppositry rectal acetaminophen 325 milligals bipolar disorder current episode depress mild or moderate severity
yoruba,clinical,"Oocysts of Cryptosporidium in modified Zn stained smear: Small, round to oval, pink red stained bodies measuring 46m, as shown in Plate 5.", The size of the cryptosporidin in more than 10 small rounds over 10 great 10 bodies measuring 46 meters as shown in the,oocysts of cryptosporidium in modified zn stained smear small round to oval pink red stained bodies measuring 46 m as shown in plate 5,the size of the cryptosporidin in more than 10 small rounds over 10 great 10 bodies measuring 46 meters as shown in the
yoruba,general,"The Bold and the Beautiful spoilers say some serious excitements in store for Emmy Week, so dont miss all the action."," the boat and the beautiful spoilers say some serious excitement in stuff for any week, so don't miss all the action.",the bold and the beautiful spoilers say some serious excitements in store for emmy week so dont miss all the action,the boat and the beautiful spoilers say some serious excitement in stuff for any week so do not miss all the action
yoruba,general,"Social: Chike called last night updated on his wife's condition and plan of care provided by hospital Onitsha
"," social, colon, tick code last night updated on his wife's condition and plan of care provided by hospital Unisha.",social chike called last night updated on his wife is condition and plan of care provided by hospital onitsha,social colon tick code last night updated on his wife is condition and plan of care provided by hospital unisha
yoruba,general,"Enforcement action was taken for no fishing license in possession, fishing without a license, and expired ATV registration."," Enforcement action was taken for no fishing license in possession, comma, fishing without a license, comma, and expired ATV registration. Full stop.",enforcement action was taken for no fishing license in possession fishing without a license and expired atv registration,enforcement action was taken for no fishing license in possession comma fishing without a license comma and expired atv registration full stop
yoruba,general,"It comes with an official warranty.
", It comes with an official warranty full stock.,it comes with an official warranty,it comes with an official warranty full stock
yoruba,general,"Again, friendship is a binder.
"," Again comma friendship is a binder, full stop.",again friendship is a binder,again comma friendship is a binder full stop
yoruba,clinical,Recipient screening and selection: who is the right candidate for hand transplantation.," recipients, screenings and selection, colon, who is the right candidate for untransplantation. First up.",recipient screening and selection who is the right candidate for hand transplantation,recipients screenings and selection colon who is the right candidate for untransplantation 1st up
yoruba,clinical,"eexisting evidence suggests that bariatric surgery in severely obese adolescent results in signicant weight loss and improvements incomorbiditiesandqualityoflife.
", Existing evidence suggests that bariatric surgery in severely obese adolescent results in significant weight loss and improvement in comorbidities and quality of life puts,eexisting evidence suggests that bariatric surgery in severely obese adolescent results in signicant weight loss and improvements incomorbiditiesandqualityoflife,existing evidence suggests that bariatric surgery in severely obese adolescent results in significant weight loss and improvement in comorbidities and quality of life puts
yoruba,general,"Using other peoples misery and devastation for blundering photo opportunities is never a good plan.
", Using other people's misery and devastation for blundering photo opportunities is never a good plan for stop.,using other peoples misery and devastation for blundering photo opportunities is never a good plan,using other people is misery and devastation for blundering photo opportunities is never a good plan for stop
yoruba,clinical,Common-sense rules for prescribing do not apply only to the elderly but are especially important in this vulnerable group.," Common iPhone sense rules for prescribing do not apply only to the elderly comma, but are especially important in this vulnerable group full stop.",common sense rules for prescribing do not apply only to the elderly but are especially important in this vulnerable group,common iphone sense rules for prescribing do not apply only to the elderly comma but are especially important in this vulnerable group full stop
yoruba,general,"leadership to establish and continuously improve business operations, organization culture and employee experience.
"," leadership to establish and continuously improve business operations, common organization, culture and employee experience.",leadership to establish and continuously improve business operations organization culture and employee experience,leadership to establish and continuously improve business operations common organization culture and employee experience
yoruba,general,"The two directors will join OGUKs leadership team under the continued direction of chief executive Deirdre Michie.
", the,the 2 directors will join oguks leadership team under the continued direction of chief executive deirdre michie,the
yoruba,clinical,Adhere to 2 gm sodium dietFluid Restriction: 1500ccMedication changes: 1.," Adhere to 2 grams of sodium, diet fluid restriction. 1500cc, medication changes, one.",adhere to 2 gm sodium dietfluid restriction 1500 ccmedication changes one,adhere to 2 grams of sodium diet fluid restriction 1500 cc medication changes one
yoruba,general,"Because the hymen is stretchy, inserting an object as small as a tampon will not cause any tears. And since, during menstruation, the blood lubricates the vagina, inserting a tampon should not be uncomfortable, if done correctly.
"," Because of the high men's stretch, a comma inserting an object as small as a tambour will not cause any tears. And since comma during menstruation comma the blood will be case the vagina comma inserting a tambour should not be uncomfortable comma if done correctly.",because the hymen is stretchy inserting an object as small as a tampon will not cause any tears and since during menstruation the blood lubricates the vagina inserting a tampon should not be uncomfortable if done correctly,because of the high men is stretch a comma inserting an object as small as a tambour will not cause any tears and since comma during menstruation comma the blood will be case the vagina comma inserting a tambour should not be uncomfortable comma if done correctly
yoruba,general,"Different studies found different rates, between 85-95."," Different story found different rates, between 85 and 95 full stock.",different studies found different rates between 85 95,different story found different rates between 85 and 95 full stock
yoruba,clinical,"Oral lesions, which rarely appear without the rash mainly affect the tonsils, lateral borders of the tongue and lips."," oral lesions, comma, which rarely appear without the rush, mainly affects the tonsils, comma, lateral borders of the tongue and lips full stop.",oral lesions which rarely appear without the rash mainly affect the tonsils lateral borders of the tongue and lips,oral lesions comma which rarely appear without the rush mainly affects the tonsils comma lateral borders of the tongue and lips full stop
yoruba,general,"During her speech, she downplayed the concerns over a possible second wave of COVID-19 and vowed that Rakhine as well as all other parts of the country would be protected through public cooperation.
"," During her speech, she downplayed the concerns over a possible second wave of COVID-19 and found that raking as well as all other parts of the country would be protected through public cooperation through social.",during her speech she downplayed the concerns over a possible 2nd wave of covid 19 and vowed that rakhine as well as all other parts of the country would be protected through public cooperation,during her speech she downplayed the concerns over a possible 2nd wave of covid 19 and found that raking as well as all other parts of the country would be protected through public cooperation through social
yoruba,clinical,5.: Mom and dad visited., Five mom and dad visited.,5 mom and dad visited,5 mom and dad visited
yoruba,general,"Itunuoluwa studied English literature at the Port Harcourt University and translation in Ogundipe University.
"," It's a no-lua studied English literature at the Potakot University and translation in Ogundepen University, Fusto.",itunuoluwa studied english literature at the port harcourt university and translation in ogundipe university,it is a no lua studied english literature at the potakot university and translation in ogundepen university fusto
yoruba,clinical,"Unlike other receptor tyrosine kinases, HER 2 neu does not have a direct soluble ligand."," Unlike other receptor tyrosine kinases, human epidemial receptor good factor 2 does not have a direct soluble ligand full stop.",unlike other receptor tyrosine kinases her 2 neu does not have a direct soluble ligand,unlike other receptor tyrosine kinases human epidemial receptor good factor 2 does not have a direct soluble ligand full stop
yoruba,clinical,We will plan to discharge home tomorrow if feeds continue to be well-tolerated., We will plan to discharge home tomorrow if feeds continue to be well tolerated.,we will plan to discharge home tomorrow if feeds continue to be well tolerated,we will plan to discharge home tomorrow if feeds continue to be well tolerated
yoruba,clinical,Other labs: Ca: 8.1 mg/dL Mg: 2.2 mg/dL PO4: 1.8 mg/dL Imaging: 22," Other labs, calcium 8.1 mg per deal, magnesium 2.2 mg per deal, phosphate 1.8 mg per deal, imaging 22.",other labs ca 8 one mg dl mg 2.2 mg dl po 4 one.8 mg dl imaging 22,other labs calcium 8 one mg per deal magnesium 2.2 mg per deal phosphate one.8 mg per deal imaging 22
yoruba,general,"Industry officials close to the development said the Finance ministry was not making enough efforts to prepare the memo for the proposed loan agreement with the donor banks for FEC for ratification.
", Industry officials close to the development said the Finance Ministry was not making enough efforts to prepare the memo for the proposed loan agreement with the donor banks for FEC for amplification.,industry officials close to the development said the finance ministry was not making enough efforts to prepare the memo for the proposed loan agreement with the donor banks for fec for ratification,industry officials close to the development said the finance ministry was not making enough efforts to prepare the memo for the proposed loan agreement with the donor banks for fec for amplification
yoruba,clinical,No spells today on Caffeine Diuril.," No spells today on caffeine, diary",no spells today on caffeine diuril,no spells today on caffeine diary
yoruba,clinical,I will fax these to N.Medicine., I will fix this to end middle,i will fax these to n medicine,i will fix this to end middle
yoruba,clinical,Unconjugated indirect hyperbilirubinaemia., Unconjugated Indirect Hyperbiliurubinemia.,unconjugated indirect hyperbilirubinaemia,unconjugated indirect hyperbiliurubinemia
yoruba,general,"She finished the look with bedazzled pink eye makeup and nude lips.
", She finished the look with bedazzled pink eye makeup and nude lips. Full stop.,she finished the look with bedazzled pink eye makeup and nude lips,she finished the look with bedazzled pink eye makeup and nude lips full stop
yoruba,general,"You were admitted to Hospital Nkechinyereonye in Kano city on Saturday 28 July, 1979 with episodes of somnolence.
"," You were admitted to the hospital in Kechengere only in Canos City on Saturday, 28 July 1979 with episodes of Somlone's Host of",you were admitted to hospital nkechinyereonye in kano city on saturday 28 july 1979 with episodes of somnolence,you were admitted to the hospital in kechengere only in canos city on saturday 28 july 1979 with episodes of somlone is host of
yoruba,clinical,Responsive to exam tone WNL for gestational age., Responsive to exam tone within normal limit for gestational age first of all.,responsive to exam tone wnl for gestational age,responsive to exam tone within normal limit for gestational age 1st of all
yoruba,general,"I dont think they were trained for that, either, the union leader said.
"," I don't think they were trained for that. Come on. Either, come on, the union leader said. Fools done.",i dont think they were trained for that either the union leader said,i do not think they were trained for that come on either come on the union leader said fools done
yoruba,general,"Insolo Imbor is a 52 yo male admitted yesterday to Mutomo TSICU after falling down the stairs in the setting of alcohol intoxication.
"," Heel Solo Inba is a 52-year-old male admitted yesterday to Mutomo TSICU after falling down the stairs in the setting of alcohol intoxication, full stop.",insolo imbor is a 52 yo male admitted yesterday to mutomo tsicu after falling down the stairs in the setting of alcohol intoxication,heel solo inba is a 52 year old male admitted yesterday to mutomo tsicu after falling down the stairs in the setting of alcohol intoxication full stop
yoruba,general,"As the storm continued to get worse, the Matthews Police Department sent out notices for the community to avoid certain roads with downed power lines, traffic light outages and flooding.
"," As the storm continues to get worse, Coma, the Matthews Police Department sent out notices for the community to avoid certain roads with downed power lines, Coma traffic light outages and flooding, full stop.",as the storm continued to get worse the matthews police department sent out notices for the community to avoid certain roads with downed power lines traffic light outages and flooding,as the storm continues to get worse coma the matthews police department sent out notices for the community to avoid certain roads with downed power lines coma traffic light outages and flooding full stop
yoruba,general,"A very common disease was discovered in Touba by Onofuabi and Wolahmo scientists at Johannesburg university from 1998 to 2006.
", A very common disease was discovered in Toba by Onofuya P. and Ula Mo Sciences at Johasenbong University from 1998 to 2006 to 2012.,a very common disease was discovered in touba by onofuabi and wolahmo scientists at johannesburg university from 1998 to 2006,a very common disease was discovered in toba by onofuya p and ula mo sciences at johasenbong university from 1998 to 2006 to 2012
yoruba,general,"Its stereotypical for young kids to generally think adults dont understand them.
", is stereotypical for young kids to generally think others don't understand them. Full stop.,its stereotypical for young kids to generally think adults dont understand them,is stereotypical for young kids to generally think others do not understand them full stop
yoruba,general,"Taxis and rental cars can transport travelers to and from the airport.
", Taxis and rental cars can transport travelers to and from the airport full stop.,taxis and rental cars can transport travelers to and from the airport,taxis and rental cars can transport travelers to and from the airport full stop
yoruba,clinical,The patient underwent choledochojejunostomy in 11-04-2020 to bypass his biliary obstruction., The patient underwent trolley doto-jojo and ostomy in 11-4-2020 to bypass his pylary obstruction.,the patient underwent choledochojejunostomy in 11 4 2020 to bypass his biliary obstruction,the patient underwent trolley doto jojo and ostomy in 11 4 2020 to bypass his pylary obstruction
yoruba,general,"They are in the organisation for the long haul, not just for what they can get.
"," They are in the organization for the long haul, not just for what they can get.",they are in the organization for the long haul not just for what they can get,they are in the organization for the long haul not just for what they can get
yoruba,general,"Even now as the government start to ease lockdown the Chief Medical Advisor Chris shitty is already talking about plans for a second lockdown in winter and that we will be living with this virus for a long time to come.
"," Even now as the government starts to ease the lockdown, the Chief Medical Advisor Chris Shitty is already talking about plans for a second lockdown in winter and that will be living with the virus for a long time to come.",even now as the government start to ease lockdown the chief medical advisor chris shitty is already talking about plans for a 2nd lockdown in winter and that we will be living with this virus for a long time to come,even now as the government starts to ease the lockdown the chief medical advisor chris shitty is already talking about plans for a 2nd lockdown in winter and that will be living with the virus for a long time to come
yoruba,general,"The Israelis had been trying for hours to speak to Palestinian commanders , according to Israel s Cabinet Secretary , Isaac Herzog  he added that Palestinian security forces could have intervened to stop the fire .
"," The Israelis had been trying for hours to speak to Palestinian commanders, according to Israel's Cabinet Secretary, Isaac Herzog. He had it that Palestinian security forces could have intervened to stop the fire.",the israelis had been trying for hours to speak to palestinian commanders according to israel s cabinet secretary isaac herzog he added that palestinian security forces could have intervened to stop the fire,the israelis had been trying for hours to speak to palestinian commanders according to israel is cabinet secretary isaac herzog he had it that palestinian security forces could have intervened to stop the fire
yoruba,general,"She has been in both soap operas and movies.
", She has been in both soap operas and movies full stop.,she has been in both soap operas and movies,she has been in both soap operas and movies full stop
yoruba,general,"However, nobody climbs the ladder of success with his hands in his pockets. You can never accomplish a vision you cannot commit to. Vision without action is daydreaming while action or activity without a vision is a nightmare
"," However, nobody climbs the ladder of success with his hands in his pockets. Full stop. You can never accomplish a vision you cannot commit to. Full stop. Vision without action is the dreaming. Why action or activity without a vision is a nightmare.",however nobody climbs the ladder of success with his hands in his pockets you can never accomplish a vision you cannot commit to vision without action is daydreaming while action or activity without a vision is a nightmare,however nobody climbs the ladder of success with his hands in his pockets full stop you can never accomplish a vision you cannot commit to full stop vision without action is the dreaming why action or activity without a vision is a nightmare
yoruba,general,"Children Chisimdiri Ibinye and Maifari were found last night wandering the streets unattended after their mother and father, went missing while returning from work at Abakaliki
"," Children chasing Deribinge and Maifari were found last night wandering the streets unattended after their mother and father, Komah, went missing while returning from work at Abakaliki.",children chisimdiri ibinye and maifari were found last night wandering the streets unattended after their mother and father went missing while returning from work at abakaliki,children chasing deribinge and maifari were found last night wandering the streets unattended after their mother and father komah went missing while returning from work at abakaliki
yoruba,clinical,Pt also up in chair and standing several times today., patients also up in chair and standing several times today.,pt also up in chair and standing several times today,patients also up in chair and standing several times today
yoruba,clinical,"Progesterone therapy, in the form of injectable depomedroxyprogesterone acetate DMPA or implants, suppresses gonadotropin release and, in turn, ovarian steroidogenesis. It also directly affects the uterine endometrium and endometrialimplants."," Progesterone therapy, comma, in the form of injectable depometrogsy progesterone acetate, DMPA, or implants, comma, suppresses gonadotropin release, comma, in turn, comma, ovarian stereogenesis. It also directly affects the uterine endometrium and endometrial implants,",progesterone therapy in the form of injectable depomedroxyprogesterone acetate dmpa or implants suppresses gonadotropin release and in turn ovarian steroidogenesis it also directly affects the uterine endometrium and endometrialimplants,progesterone therapy comma in the form of injectable depometrogsy progesterone acetate dmpa or implants comma suppresses gonadotropin release comma in turn comma ovarian stereogenesis it also directly affects the uterine endometrium and endometrial implants
yoruba,clinical,Elevated CK: trop <0.01 and CK 187.," elevated C key, drop, less than 0 0 1 and C key 187",elevated ck trop 0.01 and ck 187,elevated c key drop less than 0 0 one and c key 187
yoruba,clinical,gi: tube feeds at goal and abd soft with positive bowel sounds., GA Tube feeds as go and abdomen softs with positive barrel sounds.,gi tube feeds at goal and abd soft with positive bowel sounds,ga tube feeds as go and abdomen softs with positive barrel sounds
yoruba,general,"The most stunning and stunning and sensual and beautiful, a third social media user wrote.
"," The most stunning and stunning essential and beautiful comma, a terse social media user roots, full stop.",the most stunning and stunning and sensual and beautiful a 3rd social media user wrote,the most stunning and stunning essential and beautiful comma a terse social media user roots full stop
yoruba,general,"It received wide criticism.
", It received wide criticism for stop.,it received wide criticism,it received wide criticism for stop
yoruba,clinical,Arthroscopic treatment of cam-type femoroacetabular impingement: preliminary report at 2 years minimum follow-up., Atroscopic treatment of Camp Tifemoras etabola impingements colon preliminary report at two years minimum follow-up first of,arthroscopic treatment of cam type femoroacetabular impingement preliminary report at 2 years minimum follow up,atroscopic treatment of camp tifemoras etabola impingements colon preliminary report at 2 years minimum follow up 1st of
yoruba,general,"According to The Hollywood Reporter, filmmaker Alexander Aja, best known for Crawl and Piranha 3D, will direct the movie based on Christie LeBlancs original script which was on The Black List.
"," According to the Hollywood Reporter, filmmaker Alexander Archer, who is based on the book, and pure and healthy, the comic will direct the movie based on Crystal LeBlanc's original script, which is on the blacklist, full stop.",according to the hollywood reporter filmmaker alexander aja best known for crawl and piranha 3 d will direct the movie based on christie leblancs original script which was on the black list,according to the hollywood reporter filmmaker alexander archer who is based on the book and pure and healthy the comic will direct the movie based on crystal leblanc is original script which is on the blacklist full stop
yoruba,general,Stone didnt make Richard Nixon a villain nor a hero.," Stone didn't make a return, if he didn't know a hero, full stop.",stone didnt make richard nixon a villain nor a hero,stone did not make a return if he did not know a hero full stop
yoruba,general,"Start nominating
", Starts Nominating,start nominating,starts nominating
yoruba,clinical,P: Extubate when fully awake., P colon X to bits went fully awake.,p extubate when fully awake,p colon x to bits went fully awake
yoruba,clinical,The jugular vein and omohyoid muscle are exposed while the ansa-hypoglossus and nerve branches to the anterior belly of theomohyoid muscle are identified., The juggernaut and Umuhayyad Mazu are exposed to the answer as for uses or new branches to the anterior belly of the Umuhayyad Mazu are identified.,the jugular vein and omohyoid muscle are exposed while the ansa hypoglossus and nerve branches to the anterior belly of theomohyoid muscle are identified,the juggernaut and umuhayyad mazu are exposed to the answer as for uses or new branches to the anterior belly of the umuhayyad mazu are identified
yoruba,general,"No craft, no crew can travel safely with such vast contradictions.
"," No craft, no crew, can travel safely with such vast contradictions for stock.",no craft no crew can travel safely with such vast contradictions,no craft no crew can travel safely with such vast contradictions for stock
yoruba,clinical,Other maternal factors that affect fetal growth and body composition include demographic factors and medical conditions.," Other maternal factors that affect fetal growth and body composition includes demographic factors and medical conditions, full stop.",other maternal factors that affect fetal growth and body composition include demographic factors and medical conditions,other maternal factors that affect fetal growth and body composition includes demographic factors and medical conditions full stop
yoruba,general,"These private schools go from pre-schools to universities.
", These private schools go from pre-I These private schools go from pre-Ivanschools to university's full stop,these private schools go from pre schools to universities,these private schools go from pre i these private schools go from pre ivanschools to university is full stop
yoruba,general,"In general, frozen food will keep for three months in a standard home freezer.
"," In general, comma, frozen food will keep for three months in a standard umphreaser full stop.",in general frozen food will keep for 3 months in a standard home freezer,in general comma frozen food will keep for 3 months in a standard umphreaser full stop
yoruba,general,"After a period of time, Little Albert would cry when he saw a white rat or anything small and white, even his stuffed animal."," After a period of time, comma, little Albert would cry when he saw a white rat or anything small and white, comma, even a stuffed animal, full stop.",after a period of time little albert would cry when he saw a white rat or anything small and white even his stuffed animal,after a period of time comma little albert would cry when he saw a white rat or anything small and white comma even a stuffed animal full stop
yoruba,general,"Judicial enquiries have commenced, and we will work as reports get back to us."," Judicial enquiries as commenced, and we will work as reports get back to her to stop.",judicial enquiries have commenced and we will work as reports get back to us,judicial enquiries as commenced and we will work as reports get back to her to stop
yoruba,general,"Most advanced countries have gone down this route.
", Most advanced countries have contained this resource.,most advanced countries have gone down this route,most advanced countries have contained this resource
yoruba,general,"These actions ensure the survival of the young and vulnerable members of her family, again helping ensure her genetic material is passed down through the generations indirectly.
"," These actions ensure the survival of the young and vulnerable members of our family come on. Again, helping ensure genetic material is passed down through generations indirectly through stone.",these actions ensure the survival of the young and vulnerable members of her family again helping ensure her genetic material is passed down through the generations indirectly,these actions ensure the survival of the young and vulnerable members of our family come on again helping ensure genetic material is passed down through generations indirectly through stone
yoruba,general,"The Empire Sundown Lagos is proudly sponsored by Hennessy.
"," The Empire's sundown leaguers is proudly sponsored by NSC, full stop.",the empire sundown lagos is proudly sponsored by hennessy,the empire is sundown leaguers is proudly sponsored by nsc full stop
yoruba,clinical,"Reproduced with permission from Mercer DW, Liu TH, Castaneda A: Anatomy and physiology of the stomach, in Zuidema GD, Yeo CJ eds:  Shackelfords Surgery of the Alimentary Tract, 5th ed."," We produce with permission from Mr. D. W. LeWitt H. Castaneda A. Anatomy and Physiology of the Stomach in Zwaydema, D.G. LeWitt C.J. Nt. Sesterford, Storgy of the Elementary Track Fifth Edition.",reproduced with permission from mercer dw liu th castaneda a anatomy and physiology of the stomach in zuidema gd yeo cj eds shackelfords surgery of the alimentary tract 5th ed,we produce with permission from mister d w lewitt h castaneda a anatomy and physiology of the stomach in zwaydema d g lewitt c j nt sesterford storgy of the elementary track 5th edition
yoruba,general,"Since the vehicle had a raised body, we could safely yet comfortably view the animals and take pictures while at it.
"," Since the vehicle had a wrist-bodied command, we could safely yet comfortably view the animas and take pictures while at its full stop.",since the vehicle had a raised body we could safely yet comfortably view the animals and take pictures while at it,since the vehicle had a wrist bodied command we could safely yet comfortably view the animas and take pictures while at its full stop
yoruba,general,"Coins are generally used for lower valued monetary units, and banknotes for higher values.
", is generally used for lower value to monitor units and banknotes for higher value source to,coins are generally used for lower valued monetary units and banknotes for higher values,is generally used for lower value to monitor units and banknotes for higher value source to
yoruba,clinical,"These patients are identified by bedside ultrasound, and the morbidity of a laparotomy is avoided.", These peluses are identified by best ultrasound and the mobility of the laparotomy is avoided.,these patients are identified by bedside ultrasound and the morbidity of a laparotomy is avoided,these peluses are identified by best ultrasound and the mobility of the laparotomy is avoided
yoruba,clinical,Carotid Bruit none  Right:  Left:, How to move on the right left.,carotid bruit none right left,how to move on the right left
yoruba,general,The Newport Road CFD was formed in 2003 and authorized up to 24 million of bonded indebtedness., The New Port Road CFD was formed in 2003 and authorized up to 24 million of bonded indebtedness to stop.,the newport road cfd was formed in 2003 and authorized up to 24000000 of bonded indebtedness,the new port road cfd was formed in 2003 and authorized up to 24000000 of bonded indebtedness to stop
yoruba,general,"One of nine children, she was the first daughter of the family but her mother eventually returned to France to live.
"," one of nine children, Komar, she was the first daughter of the family, but her mother eventually returned to France to live.",one of 9 children she was the 1st daughter of the family but her mother eventually returned to france to live,one of 9 children komar she was the 1st daughter of the family but her mother eventually returned to france to live
yoruba,clinical,cvicu provider is Akaderi Admitting Diagnosis: CHEST PAIN; ANGINALEFT HEART CATHETERIZATION," XVICU provider is Akaderi's admitting diagnosis, chest pain, and general left heart catalyzation.",cvicu provider is akaderi admitting diagnosis chest pain anginaleft heart catheterization,xvicu provider is akaderi is admitting diagnosis chest pain and general left heart catalyzation
yoruba,clinical,MACROLIDE ANTIBIOTICS Structure: The macrolide antibiotics are those that consist of a large lactone ring to which sugars are attached.," macrolide antibiotics. Structure of the macrolide antibiotics are those that consist of a large lactoring to which sugars are attached, full stop.",macrolide antibiotics structure the macrolide antibiotics are those that consist of a large lactone ring to which sugars are attached,macrolide antibiotics structure of the macrolide antibiotics are those that consist of a large lactoring to which sugars are attached full stop
yoruba,general,"It will involve disappointment, failures and frustration, but if you invest your time and effort upfront, it can be the most fruitful and worthwhile investment of your time, as it continues to pay you long after the work has been completed.
"," It will involve disappointment, comma, failures and frustration, comma, but if you invest your time and effort upfront, comma, it can be the most fruitful and worthwhile investment of your time, comma, as it continues to pay you long after the work has been completed.",it will involve disappointment failures and frustration but if you invest your time and effort upfront it can be the most fruitful and worthwhile investment of your time as it continues to pay you long after the work has been completed,it will involve disappointment comma failures and frustration comma but if you invest your time and effort upfront comma it can be the most fruitful and worthwhile investment of your time comma as it continues to pay you long after the work has been completed
yoruba,general,"12-01-2002 Mr. Offiong Kuforiji recently treated at Hospital Makurdi for spontaneous hemoperitoneum resulting in surgery for splenic lac and spenectomy.
"," 12th January 2002, Mr. Ofyong Kufo-Riji recently treated at Hospital Macordy for spontaneous hemoperitonium resulting in surgery for splenic lac and spenectomy full stop.",12 one 2002 mister offiong kuforiji recently treated at hospital makurdi for spontaneous hemoperitoneum resulting in surgery for splenic lac and spenectomy,12th january 2002 mister ofyong kufo riji recently treated at hospital macordy for spontaneous hemoperitonium resulting in surgery for splenic lac and spenectomy full stop
yoruba,general,"What is the implication of long abstinence from sx?Nollywood actress and show host, Nancy Isime, has said that the trauma she had as a child made her grow up to become a people pleaser.
"," What is the implication of long abstinence from sex? Only would actress Anshu Huzkoma, Nasi Isime, Koma, have said that the trauma she had as a child made her grow up to become a people pleaser.",what is the implication of long abstinence from sx nollywood actress and show host nancy isime has said that the trauma she had as a child made her grow up to become a people pleaser,what is the implication of long abstinence from sex only would actress anshu huzkoma nasi isime koma have said that the trauma she had as a child made her grow up to become a people pleaser
yoruba,clinical,GU: FOLEY-BSD WITH Radiology URINE SEDIMENT PRESENT.," genito-urinary, fully bedside drainage with radiology during sediments presence.",gu foley bsd with radiology urine sediment present,genito urinary fully bedside drainage with radiology during sediments presence
yoruba,clinical,Patient did not respond to commands cues or questions.," Patients did not respond to commands, cues or questions full stop.",patient did not respond to commands cues or questions,patients did not respond to commands cues or questions full stop
yoruba,general,Economists and public health experts arent on different sides here., Economist and public expert aren't on different sides. See full stop,economists and public health experts arent on different sides here,economist and public expert are not on different sides see full stop
yoruba,general,Cities are at ground zero of the COVID-19 pandemic with 90 per cent of cases reported globally.," The city has had ground zero of the COVID-19 pandemic with 90% of cases reported globally, full stop.",cities are at ground 0 of the covid 19 pandemic with 90% of cases reported globally,the city has had ground 0 of the covid 19 pandemic with 90% of cases reported globally full stop
yoruba,clinical,"Conservatively speaking, until further long-term data become available, if the patient is a suitable surgical risk, elective open conversion should be considered.", conservatively speaking comma until further long-term data become available comma if the patient is a suitable surgical risk comma elective open conversion should be considered full stop,conservatively speaking until further long term data become available if the patient is a suitable surgical risk elective open conversion should be considered,conservatively speaking comma until further long term data become available comma if the patient is a suitable surgical risk comma elective open conversion should be considered full stop
yoruba,general,"Both were directed to pay their childrens school fees.
", Both were directed to pay the trillions coffees first up.,both were directed to pay their childrens school fees,both were directed to pay the 1000000000000s coffees 1st up
yoruba,general,"TikTok is a constant presence in high schools.
", Tick Tock is a constant presence in high schools full stop.,tiktok is a constant presence in high schools,tick tock is a constant presence in high schools full stop
yoruba,general,"The group includes Serbian Americans living in the United States for one or many generations, people who are citizens of both Serbia and the United States, or any other people who say that they are both Serbian and American.
"," The group includes Sabia and Rekha, living in the United States for one or many generations of commerce. People who are citizens of both Sabia and the United States commerce or any other people who see that they have both Sabia and Rekha, both of them.",the group includes serbian americans living in the united states for one or many generations people who are citizens of both serbia and the united states or any other people who say that they are both serbian and american,the group includes sabia and rekha living in the united states for one or many generations of commerce people who are citizens of both sabia and the united states commerce or any other people who see that they have both sabia and rekha both of them
yoruba,general,"Her game was actually getting to me I liked her. I didnt want to own up to it in the show. Unfortunately we werent just compatible  Sammie on his relationship with Angel in the houseBBNaijaReunion BBNaija BBNaijaShineYaEye
"," Her game was actually getting to me. I liked her. Full stop. I didn't want to own up to it in the show. Full stop. Unfortunately, we weren't just compatible. Sammy and his relationship with Tanger in the house, Big Brother Naya Reunon. Big Brother Naya, Big Brother Naya, shine your eyes.",her game was actually getting to me i liked her i didnt want to own up to it in the show unfortunately we werent just compatible sammie on his relationship with angel in the housebbnaijareunion bbnaija bbnaijashineyaeye,her game was actually getting to me i liked her full stop i did not want to own up to it in the show full stop unfortunately we were not just compatible sammy and his relationship with tanger in the house big brother naya reunon big brother naya big brother naya shine your eyes
yoruba,general,"The envoy said the second meeting on the oil and gas development cooperation between Manila and Beijing will resume early this year.
", The envoy said the second meeting on the other and that's development cooperation between Manila and Beijing will be using LEDC to stop,the envoy said the 2nd meeting on the oil and gas development cooperation between manila and beijing will resume early this year,the envoy said the 2nd meeting on the other and that is development cooperation between manila and beijing will be using ledc to stop
yoruba,general,"A BNCH shall not: carry out investing or lending activities receive, disburse, or engage in any transaction involving foreign currency sub-contract another entity to carry out its operations any other activities that may be prohibited by the CBN.
"," A BNCH and NOS call on carry out investing on lending activities, receive, and dispose of, or engage in any transaction involving foreign currency, stop, and iPhone contracts, and other instances to carry out those operations, any other activities that may be prohibited by the CVN post office.",a bnch shall not carry out investing or lending activities receive disburse or engage in any transaction involving foreign currency sub contract another entity to carry out its operations any other activities that may be prohibited by the cbn,a bnch and nos call on carry out investing on lending activities receive and dispose of or engage in any transaction involving foreign currency stop and iphone contracts and other instances to carry out those operations any other activities that may be prohibited by the cvn post office
yoruba,general,"This report is the first description of the production of potassium permanganate.
"," This report is the first description of the production of potassium permanganate, full stock.",this report is the 1st description of the production of potassium permanganate,this report is the 1st description of the production of potassium permanganate full stock
yoruba,general,"However, the state has not yet defined the parameters of a mail-order testing program.
"," However, comma, the state has not yet defined the perimeter of a meal, iPhone, or the texting program for stock.",however the state has not yet defined the parameters of a mail order testing program,however comma the state has not yet defined the perimeter of a meal iphone or the texting program for stock
yoruba,clinical,"CARDIAC: colour pinks pale well, perfused no audible murmur on exam pulses palpable x4 cap refill 3secs mucous membranes pink and moist."," Cardiac colon, color pinks, pale, well perfused, no audible moment exam, pulses, palpable four times. Capillary refill three seconds, mucous membranes, pink and moist, full stop.",cardiac color pinks pale well perfused no audible murmur on exam pulses palpable x 4 cap refill 3 secs mucous membranes pink and moist,cardiac colon color pinks pale well perfused no audible moment exam pulses palpable 4 times capillary refill 3 seconds mucous membranes pink and moist full stop
yoruba,clinical,The morning of admission the mother developed vaginal bleeding and fetal bradycardia was noted .," The morning of admission, the mother developed vaginal bleeding and fetal bradycardia was noted.",the morning of admission the mother developed vaginal bleeding and fetal bradycardia was noted,the morning of admission the mother developed vaginal bleeding and fetal bradycardia was noted
yoruba,general,"The women used men as runners to send word of their decisions, or a woman could appear at the mens council to speak, presenting the view of the women.
"," The women used men as runners to send word of their decisions, comma, or a woman could appear at the men's council to speak, comma, presenting the view of the women who stopped.",the women used men as runners to send word of their decisions or a woman could appear at the mens council to speak presenting the view of the women,the women used men as runners to send word of their decisions comma or a woman could appear at the men is council to speak comma presenting the view of the women who stopped
yoruba,general,"He has taken on an array of sponsorships outside of football, some of which have been controversial.
"," It has taken on an array of sponsorships outside of football, comma, some of which have been controversial and full stop.",he has taken on an array of sponsorships outside of football some of which have been controversial,it has taken on an array of sponsorships outside of football comma some of which have been controversial and full stop
yoruba,clinical,Patients who do not experience emesis within 4 hours of exposure are unlikely to have severe clinical effects., Patients who do not experience MSS within four hours of exposure are unlikely to have severe clinical effects.,patients who do not experience emesis within 4 hours of exposure are unlikely to have severe clinical effects,patients who do not experience mss within 4 hours of exposure are unlikely to have severe clinical effects
yoruba,general,"The area of Lebanon is 10,452 square kilometres."," The area of Lebanon is 10,452 square kilometers for stop.",the area of lebanon is 10452 square kilometers,the area of lebanon is 10452 square kilometers for stop
yoruba,general,"There is no gainsaying that the Nigerian Law School is the only institution responsible for vocational training of lawyers in Nigeria.
", There is no gain saying that the Nigeria Law School is the only institution responsible for vocational training of lawyers in Nigeria. Full stop.,there is no gainsaying that the nigerian law school is the only institution responsible for vocational training of lawyers in nigeria,there is no gain saying that the nigeria law school is the only institution responsible for vocational training of lawyers in nigeria full stop
yoruba,clinical,Children born to obese mothers are three to five  times more likely to be obese in childhood., Children born to abuse modals are three to five times more likely to be abused in childhood.,children born to obese mothers are 3 to 5 times more likely to be obese in childhood,children born to abuse modals are 3 to 5 times more likely to be abused in childhood
yoruba,clinical,"Burn of first degree of upper back, sequela. CAPSULE, ORAL NEMBUTAL SODIUM, PENTOBARBITAL SODIUM, 100MG. Displaced oblique fracture of shaft of unspecified tibia, subsequent e"," Bono first degree of upper back sequela capsule, Orion nimbo-tile sodium, pentopapita of sodium, 100 milligram, displaced obliquial fracture of shafts of unspecified tibias subsequent.",burn of 1st degree of upper back sequela capsule oral nembutal sodium pentobarbital sodium 100 mg displaced oblique fracture of shaft of unspecified tibia subsequent e,bono 1st degree of upper back sequela capsule orion nimbo tile sodium pentopapita of sodium 100 milligram displaced obliquial fracture of shafts of unspecified tibias subsequent
yoruba,clinical,Hg: 158/84Status: InpatientDate/Time: 16 May 1982 at 15: 40Test: Portable TTE CompleteDoppler: Complete pulse and color flowContrast: NoneTechnical Quality: Adequate," HD 158 over 84, status, inpatient date and time, system May 1982 at 1540, tests, portable TTE, complete Doppler, complete pulse and color flow contrast, non-technical quality adequate.",hg 158 84 status inpatientdate time 16 may 1982 at 15 40 test portable tte completedoppler complete pulse and color flowcontrast nonetechnical quality adequate,hd 158 over 84 status inpatient date and time system may 1982 at 1540 tests portable tte complete doppler complete pulse and color flow contrast non technical quality adequate
yoruba,general,"She confirmed that he has been in a better place over the past year, and she could see him wanting to be back on the small screen in the near future."," She confirmed that he has been in a better place over the past year, and she could see him wanting to be back on the small screen in the near future.",she confirmed that he has been in a better place over the past year and she could see him wanting to be back on the small screen in the near future,she confirmed that he has been in a better place over the past year and she could see him wanting to be back on the small screen in the near future
yoruba,general,"Nnanna was watching TV as they normally do in the evening when his brother Chimaihe went to prepare dinner.
", Nana was watching TV as they normally do in the evening when his brother Chimaehei went to prepare dinner full stop.,nnanna was watching tv as they normally do in the evening when his brother chimaihe went to prepare dinner,nana was watching tv as they normally do in the evening when his brother chimaehei went to prepare dinner full stop
yoruba,clinical,"If the diagnosis is uncertain, percutaneous cholecystostomy is both diagnostic and therapeutic."," If the diagnosis is on certain, the cutaneous disease is so stomach, please put diagnostic on therapeutic.",if the diagnosis is uncertain percutaneous cholecystostomy is both diagnostic and therapeutic,if the diagnosis is on certain the cutaneous disease is so stomach please put diagnostic on therapeutic
yoruba,clinical,126 Recombinant molecular biologic means permit the purification of high concentrations of individual growth factors.," 126 recombinant molecular biologic means permits the purification of high concentrations of individual growth factors, full stop.",126 recombinant molecular biologic means permit the purification of high concentrations of individual growth factors,126 recombinant molecular biologic means permits the purification of high concentrations of individual growth factors full stop
yoruba,clinical,2+reflexes patellar and bilateral biceps., 2 plus reflexes patella and bilateral bicep,2 reflexes patellar and bilateral biceps,2 plus reflexes patella and bilateral bicep
yoruba,general,Nwanyanwu said it is high time Nigerians stop to pay lip service to democracy and efforts to change bad leaders and governments that have impoverished the people in the country., Nyaou said it is high time Nigerians stop to pay leave service to democracy and efforts to change bad leaders and governments that have impoverished the people in the country.,nwanyanwu said it is high time nigerians stop to pay lip service to democracy and efforts to change bad leaders and governments that have impoverished the people in the country,nyaou said it is high time nigerians stop to pay leave service to democracy and efforts to change bad leaders and governments that have impoverished the people in the country
yoruba,clinical,"VS do not change with pain or after receiving pain medications.
", Vias do not change with pain or after lesbian medications.,vs do not change with pain or after receiving pain medications,vias do not change with pain or after lesbian medications
yoruba,general,"It admonished world leaders to be proactive, as conflict and economic crises could escalate the situation.
", It admonished world leaders to be proactive as conflicts and economic crises could escalate this situation.,it admonished world leaders to be proactive as conflict and economic crises could escalate the situation,it admonished world leaders to be proactive as conflicts and economic crises could escalate this situation
yoruba,general,"But the industry opposes mandatory online pricing and said the decisions should be left to individual businesses.
", But the industry opposes mandatory online pricing and so the decisions should be left to individual businesses full stop.,but the industry opposes mandatory online pricing and said the decisions should be left to individual businesses,but the industry opposes mandatory online pricing and so the decisions should be left to individual businesses full stop
yoruba,general,"Single - season record : 3 200 - yard games
", Single iPhone Season Record Cologne 3200 iPhone Yard Games,single season record 3 200 yard games,single iphone season record cologne 3200 iphone yard games
yoruba,general,She was informed the stricken man lived in a housing unit under her supervision., She was informed this shaking man did in the housing unit on the house of the parish of Fusto.,she was informed the stricken man lived in a housing unit under her supervision,she was informed this shaking man did in the housing unit on the house of the parish of fusto
yoruba,general,"The goal is a satisfying life.
", The goal is a satisfying life. Full stock.,the goal is a satisfying life,the goal is a satisfying life full stock
yoruba,clinical,Tumours of surface epithelium common epithelialtumoursII., Summars of Sophies epithelium common epithelial tumors LL for stop,tumors of surface epithelium common epithelialtumoursii,summars of sophies epithelium common epithelial tumors ll for stop
yoruba,clinical,Aline dampened multiple attempts at new one.," Align, dump and multiple attempts as new one first up.",aline dampened multiple attempts at new one,align dump and multiple attempts as new 11st up
yoruba,general,"The Estadio Cuscatln also features the following specifications :
"," The ST2 caused sitium also fissures the following specifications, calling",the estadio cuscatln also features the following specifications,the st 2 caused sitium also fissures the following specifications calling
yoruba,general,"For example, minor league teams earn practically all of their revenue from tickets, hot dogs and jerseys.
"," For example, comma, minor league teams end practically all their revenue from tickets, comma, hot dogs and jerseys, full stop.",for example minor league teams earn practically all of their revenue from tickets hot dogs and jerseys,for example comma minor league teams end practically all their revenue from tickets comma hot dogs and jerseys full stop
yoruba,general,"Its my belief, he says, that all groups will experience a dramatic decrease in the number of coronavirus cases compared to the public at large.
"," It's my belief, Coman, he says, Coman, that all groups will experience a dramatic decrease in the number of coronavirus cases compared to the public at large, full stop.",its my belief he says that all groups will experience a dramatic decrease in the number of coronavirus cases compared to the public at large,it is my belief coman he says coman that all groups will experience a dramatic decrease in the number of coronavirus cases compared to the public at large full stop
yoruba,clinical,18. Seven of 13 mutations were functionally characterized and found to be activating mutations., 18-7 of 13 mutations were functionally characterized and found to be activity mutations.,187 of 13 mutations were functionally characterized and found to be activating mutations,18 7 of 13 mutations were functionally characterized and found to be activity mutations
yoruba,general,Its really going crazy., It's really going crazy. Full stop.,its really going crazy,it is really going crazy full stop
yoruba,general,"As an adult, Simon has become a successful solicitor, taking class actions in relation to Catholic Church and institutional sexual abuse in Australia.
"," As an adult, Simon has become a successful solicitor, taking class actions in relation to Catholic Church and institutional sexual abuse in Australia.",as an adult simon has become a successful solicitor taking class actions in relation to catholic church and institutional sexual abuse in australia,as an adult simon has become a successful solicitor taking class actions in relation to catholic church and institutional sexual abuse in australia
yoruba,clinical,"There is active transport of amino acids, resulting inlevels that are higher in the fetus than in the mother."," There is active transport of amino acids, resulting in levels that are higher in the foothills than in the mother foothills.",there is active transport of amino acids resulting inlevels that are higher in the fetus than in the mother,there is active transport of amino acids resulting in levels that are higher in the foothills than in the mother foothills
yoruba,clinical,"Generally, in an immunocompetent host, the biologic course passes through following3 phases Table 4."," Generally, comma, in an immunocompetent host comma, the biological sparse is true following three phases. Table four, full stop.",generally in an immunocompetent host the biologic course passes through following 3 phases table 4,generally comma in an immunocompetent host comma the biological sparse is true following 3 phases table 4 full stop
yoruba,general,Are you excited for Charlies new single?, Are you excited for telling me something?,are you excited for charlies new single,are you excited for telling me something
yoruba,general,"Consider, for instance, Yorubaland where many of the wealthy families we knew in the 80s and 90s and which one still hears about in old Fuji music no longer exist.
"," Consider, for instance, where many of the wealthy families we knew in the 80s and 90s and which ones to use about in old Fuji music, no longer is this, who's talking.",consider for instance yorubaland where many of the wealthy families we knew in the 80s and 90s and which one still hears about in old fuji music no longer exist,consider for instance where many of the wealthy families we knew in the 80s and 90s and which ones to use about in old fuji music no longer is this who is talking
yoruba,clinical,129 An IMH can be classified according to its location i.," 129 and IMH can be classified according to its location I, full stop.",129 an imh can be classified according to its location i,129 and imh can be classified according to its location i full stop
yoruba,clinical,"X-linked retinoschisis is characterized by microcystic-like changes of the macular region and schisis within the inner retinal layers, leading to visual deterioration in males"," X-linked retinoscases is characterized by microcystic-like changes of the macular region as cases within the inner retinal layers, leading to visual deterioration in nails.",x linked retinoschisis is characterized by microcystic like changes of the macular region and schisis within the inner retinal layers leading to visual deterioration in males,x linked retinoscases is characterized by microcystic like changes of the macular region as cases within the inner retinal layers leading to visual deterioration in nails
yoruba,clinical,"The major benefit for laparoscopic repairs compared to open repairs was a consistently lower risk of wound infections.
", The major benefit for laparoscopic repairs compared to open repairs was a consistently lower risk of wound infections full stock.,the major benefit for laparoscopic repairs compared to open repairs was a consistently lower risk of wound infections,the major benefit for laparoscopic repairs compared to open repairs was a consistently lower risk of wound infections full stock
yoruba,general,"Dr Bolajoko Kabiri speaking. Next line. Chief complaint: next line. Low back Pain started 22 weeks ago radiating to his left foot. Next line
", Dr. Bola Diokokabere speaking. Next line. Next line. Next line.,doctor bolajoko kabiri speaking next line chief complaint next line low back pain started 22 weeks ago radiating to his left foot next line,doctor bola diokokabere speaking next line next line next line
yoruba,general,"The show retains its Swedish roots only subtly, with Ingmar Bergmans marqueed on the local theater, and a tempo more inclined to take things in half time.
"," The show retains its Swedish-rout only subtly, with Ingmar Baggins mackwead on the look at theatre, and the temple more inclined to take things in half-time for the talk.",the show retains its swedish roots only subtly with ingmar bergmans marqueed on the local theater and a tempo more inclined to take things in half time,the show retains its swedish rout only subtly with ingmar baggins mackwead on the look at theater and the temple more inclined to take things in half time for the talk
yoruba,general,The show focused mostly on the criminal trial of the accused.," The show focused mostly on the criminal trial, although it accused full stop.",the show focused mostly on the criminal trial of the accused,the show focused mostly on the criminal trial although it accused full stop
yoruba,clinical,"Displaced osteochondral fracture of left patella, subsequent encounter. FILM, EXTENDED RELEASE, TRANSDERMAL FENTANYL-12, FENTANYL, 12.5MCG/HR. Dissection of artery of upper extremity"," displaced osteocondra fracture of left patella subsequent encounter. Film extended release transdama fentanyl 12, fentanyl 12.5 micrograms per HR, the extraction of apricot opaxiomitis.",displaced osteochondral fracture of left patella subsequent encounter film extended release transdermal fentanyl 12 fentanyl 12.5 mcg hr dissection of artery of upper extremity,displaced osteocondra fracture of left patella subsequent encounter film extended release transdama fentanyl 12 fentanyl 12.5 micrograms per hr the extraction of apricot opaxiomitis
yoruba,general,A Covid-19 outbreak inside the White House brings into sharp relief the literal nightmare scenarios that constitutional and presidential scholars have warned about for decades., a COVID-19 outbreak inside the White House brings into sharp relief the literal nightmare scenarios that constitutional and presidential scholars have warned about for decades. Who's top?,a covid 19 outbreak inside the white house brings into sharp relief the literal nightmare scenarios that constitutional and presidential scholars have warned about for decades,a covid 19 outbreak inside the white house brings into sharp relief the literal nightmare scenarios that constitutional and presidential scholars have warned about for decades who is top
yoruba,general,"It is widely believed that in order to understand the present, you need to examine the past - Obiamaka Onyegecha"," It is widely believed that in order to understand the praises, you need to examine the past, i.e. obey, amaka, oi, and geisha.",it is widely believed that in order to understand the present you need to examine the past obiamaka onyegecha,it is widely believed that in order to understand the praises you need to examine the past i e obey amaka oi and geisha
yoruba,general,"Submission of entries closes on the 30th of June, 2022. Voting for the various categories commences on September 23, and closes on October 23, 2022.
", Submission of entries closes on 30 June 2022 for stop. Voting for the various categories commences on September 23rd and closes on October 23rd 2022 for stop.,submission of entries closes on the 30th of june 2022 voting for the various categories commences on september 23 and closes on october 23 2022,submission of entries closes on 30 june 2022 for stop voting for the various categories commences on september 23rd and closes on october 23rd 2022 for stop
yoruba,general,"8 Alone in darkness and in a house as big as this, I dont feel safe at all.
", It alone in darkness and the house as big as this coma. I don't feel so bad for a full stop.,8 alone in darkness and in a house as big as this i dont feel safe at all,it alone in darkness and the house as big as this coma i do not feel so bad for a full stop
yoruba,clinical,"Large doses of isoproterenol can produce such excessive cardiac stimulation, combined with a decrease in diastolic blood pressure, that coronary insufficiency may result."," Like dust is off, isoproteinol can produce such excessive cardiac stimulation combined with a deep reason there is to leak blood failure that coronary insufficiency may result.",large doses of isoproterenol can produce such excessive cardiac stimulation combined with a decrease in diastolic blood pressure that coronary insufficiency may result,like dust is off isoproteinol can produce such excessive cardiac stimulation combined with a deep reason there is to leak blood failure that coronary insufficiency may result
yoruba,clinical,monitor neuro/psych status., monitor neuro slash psych status.,monitor neuro psych status,monitor neuro slash psych status
yoruba,general,"Janet Jackson - vocals , songwriter , producer , vocal and rhythm arrangement"," Janet Jackson, I think, vocals, songwriter, producer, vocal and rhythm arrangements.",janet jackson vocals songwriter producer vocal and rhythm arrangement,janet jackson i think vocals songwriter producer vocal and rhythm arrangements
yoruba,clinical,"Solitary simple bone cyst Solitary bone cysts are mostly seen in teenagers ,  and uncommon after the age of 25."," Solitary simple bonuses Solitary simple bonuses are mostly seen in teenagers, comma, and on common after the age of 25, full stop",solitary simple bone cyst solitary bone cysts are mostly seen in teenagers and uncommon after the age of 25,solitary simple bonuses solitary simple bonuses are mostly seen in teenagers comma and on common after the age of 25 full stop
yoruba,general,"Chidike studied English literature at the Ikot-Abasi University and translation in Zahrah University.
"," 3 decades studied English Literature at the E.C.E.S.I.F.A.B.A.C.E. University and translation in Zara University, FUSDO.",chidike studied english literature at the ikot abasi university and translation in zahrah university,3 decades studied english literature at the e c e s i f a b a c e university and translation in zara university fusdo
yoruba,general,"In 2022, the use of artemisinin, dihydroartemisinin, artemether, artesunate Antimalarials were prohibited in Kintampo and Isiolo by Ochebalay Ahcookkey the current NAFDAC DG
"," In 2022, the use of Atem-Escenine, Coma-Di-Aidu Atem-Escenine, Coma-Atem-Eta, Coma-Atesonates and Simalurians were prohibited in Kintampo and Isiolo by Uchebele, Atchokri, the current SNAPDAC DG.",in 2022 the use of artemisinin dihydroartemisinin artemether artesunate antimalarials were prohibited in kintampo and isiolo by ochebalay ahcookkey the current nafdac dg,in 2022 the use of atem escenine coma di aidu atem escenine coma atem eta coma atesonates and simalurians were prohibited in kintampo and isiolo by uchebele atchokri the current snapdac dg
yoruba,general,"The next morning, her friend and neighbour, Kelsey Hooper Porsha Lawrence Mavour invites her to go to the Bubble Shock open day."," Next morning, a friend enabled his C-Upa Usher, the rest, to invite us into the official group.",the next morning her friend and neighbor kelsey hooper porsha lawrence mavour invites her to go to the bubble shock open day,next morning a friend enabled his c upa usher the rest to invite us into the official group
yoruba,clinical,"This is especially important in any patients with significant pulmonary disease or hypoventilation syndrome of obesity, since a baseline value of normal for the patient must be appreciated if ventilator management postoperatively is necessary."," This is especially important in any patient with significant pulmonary disease or hyperventilation syndrome of obesity, since the baseline value of normal for the patient must be appreciated if ventilator management is pretty quickly its necessary for stop.",this is especially important in any patients with significant pulmonary disease or hypoventilation syndrome of obesity since a baseline value of normal for the patient must be appreciated if ventilator management postoperatively is necessary,this is especially important in any patient with significant pulmonary disease or hyperventilation syndrome of obesity since the baseline value of normal for the patient must be appreciated if ventilator management is pretty quickly its necessary for stop
yoruba,general,"The world is a big place, so I use my work to teach the girl child how to explore her world positively, and do something good in the society, that is what is driving me.
"," The world is a big place, Coma. So I use my work to teach the girl child how to explore our world positively, Coma, and do something good in the society, Coma. That is what is driving me. Full stop.",the world is a big place so i use my work to teach the girl child how to explore her world positively and do something good in the society that is what is driving me,the world is a big place coma so i use my work to teach the girl child how to explore our world positively coma and do something good in the society coma that is what is driving me full stop
yoruba,clinical,Radiographic changes do not appear until after at least 10 days., Radiographic changes do not appear until after at least 10 days.,radiographic changes do not appear until after at least 10 days,radiographic changes do not appear until after at least 10 days
yoruba,general,"He is now watching proceedings as led by the other political parties.
", It is now watching proceedings as led by the other political parties. Full stop.,he is now watching proceedings as led by the other political parties,it is now watching proceedings as led by the other political parties full stop
yoruba,general,"But not only do they treat their patients medically they are also comforting these patients in such an uncertain time.
"," but not only do they treat their patients medically, they are also comforting these patients with such an unstarting time filter.",but not only do they treat their patients medically they are also comforting these patients in such an uncertain time,but not only do they treat their patients medically they are also comforting these patients with such an unstarting time filter
yoruba,clinical,A: Stable except for resp status.," A double colon, stable except for respiratory status, full stop.",a stable except for resp status,a double colon stable except for respiratory status full stop
yoruba,general,"Dr. Demba Accohbay claims Cough, catarrh, fever, STI, abdominal pain, constipation, sore throat are the most common presenting complaints at Phalaborwa hospital
"," Dr. Demba Akubi claims cough comma, catar comma, fever comma, STI comma, abdominal pain comma, constipation comma, so troughed at the most common visiting complete at Palabora Hospital.",doctor demba accohbay claims cough catarrh fever sti abdominal pain constipation sore throat are the most common presenting complaints at phalaborwa hospital,doctor demba akubi claims cough comma catar comma fever comma sti comma abdominal pain comma constipation comma so troughed at the most common visiting complete at palabora hospital
yoruba,clinical,covering with sliding scale. No drip at this time.," of them with sliding scale, hyphen, note rip and this time full stop.",covering with sliding scale no drip at this time,of them with sliding scale hyphen note rip and this time full stop
yoruba,clinical,"Patients with agamma globulinemia usually present during therst 6 to12 months of lifeas maternally derived antibodies wane, although patients can present years later.", patients with Agama Global Linenemia usually present during thirsts 6 to 12 months of life as maternally derived antibodies wean. Although patients can present years later full stop,patients with agamma globulinemia usually present during therst 6 to 12 months of lifeas maternally derived antibodies wane although patients can present years later,patients with agama global linenemia usually present during thirsts 6 to 12 months of life as maternally derived antibodies wean although patients can present years later full stop
yoruba,clinical,RESP RATE 40-52 WITH IC/SC RETRACTIONS., Respiratory rate 40 to 52 with ICSC retractions.,resp rate 40 52 with ic sc retractions,respiratory rate 40 to 52 with icsc retractions
yoruba,general,"Hot summer temperatures can put stress on engines.
", Out-summer temperatures can put stress on engines. Full stop.,hot summer temperatures can put stress on engines,out summer temperatures can put stress on engines full stop
yoruba,general,"Instead of continuing to rely on the grossly inefficient, overwhelmed and over-centralised security architecture, states should intensify efforts to cobble regional security networks to secure their jurisdictions to facilitate farming.
"," Instead of continuing to rely on the grossly inefficient comma overwhelmed and over centralized security architecture comma, states should intensify efforts to cobble regional security networks to secure their jurisdictions to facilitate farming.",instead of continuing to rely on the grossly inefficient overwhelmed and over centralized security architecture states should intensify efforts to cobble regional security networks to secure their jurisdictions to facilitate farming,instead of continuing to rely on the grossly inefficient comma overwhelmed and over centralized security architecture comma states should intensify efforts to cobble regional security networks to secure their jurisdictions to facilitate farming
yoruba,clinical,"Startle Reflex Test: The newborn respond to loud sound by moving its head, legs and arms."," Style 2 Reflected Test The New Boner Respond comma to Loud Sun by Movies Z comma, Legs and Amps, Full Stop.",startle reflex test the newborn respond to loud sound by moving its head legs and arms,style 2 reflected test the new boner respond comma to loud sun by movies z comma legs and amps full stop
yoruba,general,"Avoiding the road to Kigali
", avoiding the road to Kigali.,avoiding the road to kigali,avoiding the road to kigali
yoruba,general,"We dont know when the show is really ending yet, she told the publication.
"," We don't know when the show is really ending yet, comma, she told the publication full stop.",we dont know when the show is really ending yet she told the publication,we do not know when the show is really ending yet comma she told the publication full stop
yoruba,clinical,Symptoms often result from stress at school or in novel social situations., Symptoms result from stress at school or in novel social situations. Full stop.,symptoms often result from stress at school or in novel social situations,symptoms result from stress at school or in novel social situations full stop
yoruba,clinical,cause of hyperglycemia for ?, because of hyperglycemia 4.,cause of hyperglycemia for,because of hyperglycemia 4
yoruba,clinical,No dng from intrathecal catheter site.," No DNG from Intro article, cut it aside.",no dng from intrathecal catheter site,no dng from intro article cut it aside
yoruba,clinical,PLAN: Cont to monitor VS resp status u/o and neuro status.," Plan, Const, Monitor, VAs, Resp, Status, UO, and Neural Status.",plan cont to monitor vs resp status u 0 and neuro status,plan const monitor vas resp status uo and neural status
yoruba,general,"Children Kilani Ali and Ejefenihu were found last night wandering the streets unattended after their mother and father, went missing while returning from work at Minna
"," children Kilani Ali and Ej Feniho were found last night wandering the streets unattended after their mother and father, Komak, went missing while returning from work at Mina.",children kilani ali and ejefenihu were found last night wandering the streets unattended after their mother and father went missing while returning from work at minna,children kilani ali and ej feniho were found last night wandering the streets unattended after their mother and father komak went missing while returning from work at mina
yoruba,clinical,monitor PO/PG/BFtolerance and weight.," Monitor PGO, PG, BF Tolerance and Weeks.",monitor po pg bftolerance and weight,monitor pgo pg bf tolerance and weeks
yoruba,general,"A company needs to embrace purpose and consider the needs of a broad range of stakeholders in order to achieve long-term profits.
", The company needs to embrace purpose and consider the needs of a broad range of stakeholders in order to achieve long-life intent profits for stock.,a company needs to embrace purpose and consider the needs of a broad range of stakeholders in order to achieve long term profits,the company needs to embrace purpose and consider the needs of a broad range of stakeholders in order to achieve long life intent profits for stock
yoruba,general,"The elderly clergy man, Revd Mansur Baki developed a heart attack"," The elderly clergyman, comma, left Mansour Bakki, developed the art attack.",the elderly clergy man revd mansur baki developed a heart attack,the elderly clergyman comma left mansour bakki developed the art attack
yoruba,clinical,1000 times 0 and soon., 1 doesn't time 0 and soon foostook,1000 times 0 and soon,one does not time 0 and soon foostook
yoruba,general,"Fahji Gado 56 yr female transfer from OR to SICU CC683 at 2100. Saturday 06 September, 2008
"," Fajikado 56 year, FEMA transfer from OR to SICU CC 683 at 21 o'clock Saturday 06th September 2008",fahji gado 56 yr female transfer from or to sicu cc 683 at 2100 saturday 6 september 2008,fajikado 56 year fema transfer from or to sicu cc 683 at 210 clock saturday 06th september 2008
yoruba,general,"Parliament is ratcheting up pressure on the government to desist from any reshuffle of high-ranking officials until presidential election results are announced.
", Parliament is raking up pressure on the government to desist from any reshuffle of Iran-cape officials onto presidential election results and announced full stop.,parliament is ratcheting up pressure on the government to desist from any reshuffle of high ranking officials until presidential election results are announced,parliament is raking up pressure on the government to desist from any reshuffle of iran cape officials onto presidential election results and announced full stop
yoruba,clinical,10. Pioglitazone 15 mg Tablet Sig : One ( 1 ) Tablet PO DAILY ( Daily ) as needed for DM .," biogliders on 15mg tablet 6, one tablet protrusion daily as needed for DM.",10 pioglitazone 15 mg tablet sig one tablet po daily as needed for dm,biogliders on 15 mg tablet 61 tablet protrusion daily as needed for dm
yoruba,general,"So youre having trouble with your cd drive, is that correct?
"," So you are having trouble with your CD drive comma, is that correct query?",so youre having trouble with your cd drive is that correct,so you are having trouble with your cd drive comma is that correct query
yoruba,general,Wilson describes it as an owners manual for the human brain., Huishan describes it as an onus mana for the human brain.,wilson describes it as an owners manual for the human brain,huishan describes it as an onus mana for the human brain
yoruba,clinical,"Differential was polys 59, bands 3, lymphs 25 ."," differential was poly segmented neutral fuels 59, bar neutral fuels 3 and lymphocytes 25.",differential was polys 59 bands 3 lymphs 25,differential was poly segmented neutral fuels 59 bar neutral fuels 3 and lymphocytes 25
yoruba,general,"He captioned the photo: I just Met a Fan She sabi my entire Mixtape.
"," E-Caption, the photo I just made a fan. She's subbing my entire mic.",he captioned the photo i just met a fan she sabi my entire mixtape,e caption the photo i just made a fan she is subbing my entire mic
yoruba,general,"So we are targeting 1,000 youths and that is about a billion naira so we do it as frequently as possible.
", So we are targeting 1000 youths and that is about a billion naira so we do it as frequently as possible full stop.,so we are targeting 1000 youths and that is about a 1000000000 naira so we do it as frequently as possible,so we are targeting 1000 youths and that is about a 1000000000 naira so we do it as frequently as possible full stop
yoruba,clinical,It has also been associated with an increased risk of acquisition of human immunodeciency virus HIV and herpes simplex virus HSV., It has also been associated with an increased risk of acquisition of human immunodeficiency virus HIV and happy symplect virus HSV full stop.,it has also been associated with an increased risk of acquisition of human immunodeciency virus hiv and herpes simplex virus hsv,it has also been associated with an increased risk of acquisition of human immunodeficiency virus hiv and happy symplect virus hsv full stop
yoruba,clinical,A: NPO status continues., and new power status continues.,a npo status continues,and new power status continues
yoruba,general,"Motorbike taxis seen everywhere in the megacity of 30 million were banned from picking up passengers, and residents were ordered to stay home.
", Motorbike taxis seen everywhere in the mega city of 30 million were banned from picking up passengers and residents were ordered to stay home.,motorbike taxis seen everywhere in the megacity of 30000000 were banned from picking up passengers and residents were ordered to stay home,motorbike taxis seen everywhere in the mega city of 30000000 were banned from picking up passengers and residents were ordered to stay home
yoruba,clinical,Check CBC with differential and blood cultures hold antibiotics unless labs abnormal and clinical status changes.," Check CBC with Differential and Blood Cultures, Old Antibiotics, Onless Labs, Abnormal and Clinical Status Changes",check cbc with differential and blood cultures hold antibiotics unless labs abnormal and clinical status changes,check cbc with differential and blood cultures old antibiotics onless labs abnormal and clinical status changes
yoruba,general,"What an amazing lady, wrote a different devotee, adding a kiss, heart-eye, and red heart emoji to the comment.
"," What an amazing lady, comma wrote a different devotee, comma adding a kiss, comma heart-eye, comma and he read the art emoji to the comments.",what an amazing lady wrote a different devotee adding a kiss heart eye and red heart emoji to the comment,what an amazing lady comma wrote a different devotee comma adding a kiss comma heart eye comma and he read the art emoji to the comments
yoruba,general,"It is the total commitment of an individual to the actualisation of an idea or a project.
", It is the total commitment of an individual to the actualization of an idea or a project. Full stop.,it is the total commitment of an individual to the actualisation of an idea or a project,it is the total commitment of an individual to the actualization of an idea or a project full stop
yoruba,general,"The Most Ultimate Rules Of Becoming A Casino Winner
", The most ultimate heroes of becoming a Casino winner.,the most ultimate rules of becoming a casino winner,the most ultimate heroes of becoming a casino winner
yoruba,clinical,"Medicine International 24:4-10 Podlesh S W ,  Boyden D K1996 Diagnosis of acute bonebone marrow infarction of the mandible in sickle haemoglobinopathy.
", anything you can understand now 24 14 God bless SW boy you know Pk1996 the admissive of a physical man in fact an automatic vehicle and mobile vehicle,medicine international 24 4 10 podlesh s w boyden d k 1996 diagnosis of acute bonebone marrow infarction of the mandible in sickle haemoglobinopathy,anything you can understand now 24 14 god bless sw boy you know pk 1996 the admissive of a physical man in fact an automatic vehicle and mobile vehicle
yoruba,clinical,CT placed to H2O seal., Chest tube placed to water seal.,ct placed to h 20 seal,chest tube placed to water seal
yoruba,general,"Tamara has also starred in the independent film Limbo Lounge, directed by Tom Pankratz."," The camera has also shared with independent film Rainbow Blount, directed by Tom Pankratz.",tamara has also starred in the independent film limbo lounge directed by tom pankratz,the camera has also shared with independent film rainbow blount directed by tom pankratz
yoruba,general,"State public health officials rate each case as definite , probable , possible or suspicious . Illness severity is assigned as low , moderate , severe , or fatal .
"," State public health officials rate each case as definite comma, probable comma, possible or suspicious, full stop. Ine severity is assigned as low comma, moderate comma, severe comma, or fatal, full stop.",state public health officials rate each case as definite probable possible or suspicious illness severity is assigned as low moderate severe or fatal,state public health officials rate each case as definite comma probable comma possible or suspicious full stop ine severity is assigned as low comma moderate comma severe comma or fatal full stop
yoruba,general,"Currently, attention is riveted on the bloody violence raging in Kaduna, the North-West state that hosts the highest number of security formations in West Africa.
"," Currently, Koma, attention is reverted on the bloody violence raging in Kaduna, Koma. The North Iphone West states that hosts the highest number of security formations in West Africa, full stop.",currently attention is riveted on the bloody violence raging in kaduna the north west state that hosts the highest number of security formations in west africa,currently koma attention is reverted on the bloody violence raging in kaduna koma the north iphone west states that hosts the highest number of security formations in west africa full stop
yoruba,clinical,Advancing 10cc/k/dHospital Bassee at 1300 and 0100., Advancing 10 CC per K per D. Hospital Bersie at 1300 and 100.,advancing 10 cc k dhospital bassee at 1300 and 100,advancing 10 cc per k per d hospital bersie at 1300 and 100
yoruba,general,"How could I leave out his driving habits?
", How could I leave out his driving habits?,how could i leave out his driving habits,how could i leave out his driving habits
yoruba,general,"The first cycle season was in 2006.
"," The first cycle season was in 2006, full stop.",the 1st cycle season was in 2006,the 1st cycle season was in 2006 full stop
yoruba,clinical,"Patients benet from an aggressive physical therapy plan to improve lower extremity exibilityandincreasecorestrengthandspinalstability.
"," Patients benefit from an aggressive physical therapy plan to improve lower extremity, stability and increased core strength and spinal stability.",patients benet from an aggressive physical therapy plan to improve lower extremity exibilityandincreasecorestrengthandspinalstability,patients benefit from an aggressive physical therapy plan to improve lower extremity stability and increased core strength and spinal stability
yoruba,general,"Next line. Plan: next line. Tablets Coartem, 4 tabs twice daily for 3 days and paracetamol 1gm 3x daily for 3 days. Next line. Signed: Dr Ugochinyere Zikoranaudodimma
", Next time full stop plan colon next time full stop tablet quarter 10 comma four times twice daily for three days and parasitum or one gram three times daily for three days full stop next time full stop sign colon doctor,next line plan next line tablets coartem 4 tabs twice daily for 3 days and paracetamol one gm 3 x daily for 3 days next line signed doctor ugochinyere zikoranaudodimma,next time full stop plan colon next time full stop tablet quarter 10 comma 4 times twice daily for 3 days and parasitum or one gram 3 times daily for 3 days full stop next time full stop sign colon doctor
yoruba,general,"Xejet Limited gets nod to operate Sierra Leonean national carrier
", The chat limited gets not to operate serial union national career.,xejet limited gets nod to operate sierra leonean national carrier,the chat limited gets not to operate serial union national career
yoruba,clinical,"The tight glycemic control group had an average serum glucose level of 103 mgdL, and the average glucose level in the control group was 153 mgdL."," The Tarte glycemic control group had an average serum glucose level of 103 mg deciliter, and the average glucose level in the control group was 153 mg deciliter.",the tight glycemic control group had an average serum glucose level of 103 mgdl and the average glucose level in the control group was 153 mgdl,the tarte glycemic control group had an average serum glucose level of 103 mg deciliter and the average glucose level in the control group was 153 mg deciliter
yoruba,clinical,"Treatment Treatment begins with education and demystication for the child and family about chronic constipation and soiling, emphasizing the chronic nature of this condition and the good prognosis with optimal management."," Treatment Treatment begins with education and dismissification for the child and family about chronic constipation and soiling, emphasizing the chronic nature of this condition and the group diagnosis with optimal management.",treatment treatment begins with education and demystication for the child and family about chronic constipation and soiling emphasizing the chronic nature of this condition and the good prognosis with optimal management,treatment treatment begins with education and dismissification for the child and family about chronic constipation and soiling emphasizing the chronic nature of this condition and the group diagnosis with optimal management
yoruba,general,"On Friday, James Colter, a founding member of Mr. Harriss PureMovement company known as Cricket, leads a bantaba hip-hop class.
"," On Friday, James Coulter, a founding member of Mr. Fullstop Harris Pure Movement Company, known as Crickets, leads a banter bar, hip, hyphen, off-class Fullstop.",on friday james colter a founding member of mister harriss puremovement company known as cricket leads a bantaba hip hop class,on friday james coulter a founding member of mister fullstop harris pure movement company known as crickets leads a banter bar hip hyphen off class fullstop
yoruba,clinical,"Occasionally ,  aphthae start when smoking is given up.
"," Ok, so now we have to go to the next place.",occasionally aphthae start when smoking is given up,ok so now we have to go to the next place
yoruba,clinical,Three to four circumferential interrupted sutures anchor the anterior layer of the mesh to the inguinal canal floor., the route for sacrificial inter-autosuitures and call the anterior layer of the mesh to the iguna cana flow for stopping.,3 to 4 circumferential interrupted sutures anchor the anterior layer of the mesh to the inguinal canal floor,the route for sacrificial inter autosuitures and call the anterior layer of the mesh to the iguna cana flow for stopping
yoruba,general,"You were admitted to Hospital Nzubechukwu in Port Harcourt city on Tuesday 18 November, 1986 with episodes of somnolence.
"," You were admitted to hospital in Potacot City on Tuesday, November 18, 1986, with episodes of Somnolence for Stoff.",you were admitted to hospital nzubechukwu in port harcourt city on tuesday 18 november 1986 with episodes of somnolence,you were admitted to hospital in potacot city on tuesday november 18 1986 with episodes of somnolence for stoff
yoruba,clinical,"Displaced fracture of left tibial spine, subsequent encounter for open. TABLET, ORAL OLANZAPINE, OLANZAPINE, 5MG. Blister (nonthermal), right knee, subsequent encounter"," Displace fracture of left tbl spine, subsequent encounter for opon. Tablet oral ulanzapine, ulanzapine 5 mg. Please turn on the mouse. Right knee subsequent encounter.",displaced fracture of left tibial spine subsequent encounter for open tablet oral olanzapine olanzapine 5 mg blister right knee subsequent encounter,displace fracture of left tbl spine subsequent encounter for opon tablet oral ulanzapine ulanzapine 5 mg please turn on the mouse right knee subsequent encounter
yoruba,general,"NGO celebrates 10th anniversary, launches childrens library in Ibadan
", NGO celebrates 10th anniversary comma launches Children's Library in Ibadon.,ngo celebrates 10th anniversary launches childrens library in ibadan,ngo celebrates 10th anniversary comma launches children is library in ibadon
yoruba,general,"She was in love with a young man .
", She was in love with a young man for a story.,she was in love with a young man,she was in love with a young man for a story
yoruba,clinical,qxd  22309  5:24 PM  Page 18 Obstetrician gynecologists should review their patients risk factors annually and assess the need for retesting., post-hatrician gynecologists should review their patient's risk factors annually and assess the need for retesting.,qxd 22309 5 24 pm page 18 obstetrician gynecologists should review their patients risk factors annually and assess the need for retesting,post hatrician gynecologists should review their patient is risk factors annually and assess the need for retesting
yoruba,general,"The UK governments Culture Recovery Fun announced 10 days ago specified that Secret Cinema was to receive an allocation of 977,000.
"," The UK government's cultural recovery fund announced 10 days ago, specifying that secret cinema was to receive an education of 977,000.",the uk governments culture recovery fun announced 10 days ago specified that secret cinema was to receive an allocation of 977000,the uk government is cultural recovery fund announced 10 days ago specifying that secret cinema was to receive an education of 977000
yoruba,general,"Planner: lajetfete
"," and plan a hyphen, longevity.",planner lajetfete,and plan a hyphen longevity
yoruba,clinical,"Because of its ability to slow cardiac conduction,disopyramide is not indicated for the treatment of digitalis-induced ventricular arrhythmias."," Because of its ability to slow cardiac conduction, the sopyramide is not indicated for the treatment of digitalist-induced ventricular arrhythmias.",because of its ability to slow cardiac conduction disopyramide is not indicated for the treatment of digitalis induced ventricular arrhythmias,because of its ability to slow cardiac conduction the sopyramide is not indicated for the treatment of digitalist induced ventricular arrhythmias
yoruba,general,"Massie 1967, p. 135 The younger sisters, Maria and Anastasia, were known as The Little Pair."," Marsy 1967, p.135, the younger sister, Maria and Anastasia, were known as the Little Pea.",massie 1967 p 135 the younger sisters maria and anastasia were known as the little pair,marsy 1967 p.135 the younger sister maria and anastasia were known as the little pea
yoruba,general,"It acquires, develops, produces, and distributes movies and produces television programming."," It acquires, develops, produces, and distributes movies and produces television programs.",it acquires develops produces and distributes movies and produces television programming,it acquires develops produces and distributes movies and produces television programs
yoruba,general,"During a news conference on Tuesday, Dr. Mandy Cohen said the states four key COVID-19 metrics are stabilizing, and some are even beginning to decline.
"," During the news conference on Tuesday, Dr. Mandico said the stakes for COVID-19 metrics are stabilizing, and so are even beginning to decline.",during a news conference on tuesday doctor mandy cohen said the states 4 key covid 19 metrics are stabilizing and some are even beginning to decline,during the news conference on tuesday doctor mandico said the stakes for covid 19 metrics are stabilizing and so are even beginning to decline
yoruba,clinical,1. Prematurity triplet number two ., 1. Promotority Triplet 2.,one prematurity triplet number 2,one promotority triplet 2
yoruba,clinical,Disp: 168 gms Refills: 06., DISP168 GMS Reface 06,disp 168 gms refills 6,disp 168 gms reface 6
yoruba,clinical,ENG is the gold standard for detecting unilateral peripheral vestibular disorders.," ENG is the gold standard for detecting unilateral peripheral vestibular disorders, full stop.",eng is the gold standard for detecting unilateral peripheral vestibular disorders,eng is the gold standard for detecting unilateral peripheral vestibular disorders full stop
yoruba,clinical,From the trabeculae arise small branches called central arterioles., From the trabecuole arise small branches called central arterioles.,from the trabeculae arise small branches called central arterioles,from the trabecuole arise small branches called central arterioles
yoruba,clinical,P: Cont to encourage parental calls and visits cont with dc instruction., P,p cont to encourage parental calls and visits cont with dc instruction,p
yoruba,general,"Some fan accounts have even become registered nonprofits, with dozens of administrators spread around the world putting in nearly full-time work on top of their day jobs.
"," Some fan accounts have even become registered non-profits, with dozens of administrators spread around the world, putting in nearly full hyphen time work on top of their day jobs full stop.",some fan accounts have even become registered nonprofits with dozens of administrators spread around the world putting in nearly full time work on top of their day jobs,some fan accounts have even become registered non profits with dozens of administrators spread around the world putting in nearly full hyphen time work on top of their day jobs full stop
yoruba,clinical,qxd  22309  5:24 PM  Page 16The findings elicited from the history and physical examinationand results of laboratory tests help guide interventions and counseling and may reveal additional risks that require targeted screening or evaluation.," The NPH 16, the engine is edited from the HEP and physical evaluation and results of laboratory tests help get the dimensions of the company and the reviewer generares that require certificate screening or evaluation.",qxd 22309 5 24 pm page 16 the findings elicited from the history and physical examinationand results of laboratory tests help guide interventions and counseling and may reveal additional risks that require targeted screening or evaluation,the nph 16 the engine is edited from the hep and physical evaluation and results of laboratory tests help get the dimensions of the company and the reviewer generares that require certificate screening or evaluation
yoruba,general,"The event might not be taking place physically, but you can still Join The Fun online at Virtual Windsor."," The events might not be taking place physically, but you can still join the phone online at virtual winstalk.",the event might not be taking place physically but you can still join the fun online at virtual windsor,the events might not be taking place physically but you can still join the phone online at virtual winstalk
yoruba,clinical,Reason: post-op cranioplasty please check for bleeding please do wi Admitting Diagnosis: SUBDURAL HEMORRAGE/SDA, please check for bleeding. Please.,reason post op cranioplasty please check for bleeding please do wi admitting diagnosis subdural hemorrage sda,please check for bleeding please
yoruba,clinical,"Defects in the IL-7 receptor, ZAP-70, and subunits of the CD3 molecule result in a deciency of T cells with normal B-cell and NK-cell numbers."," Defects in the inter-looking 7 receptor, zeta chain associated protein kinase 70, and the subunits of the cluster differentiation 3 molecule result in a decency of T cells with normal B and natural killer cell numbers, full stop.",defects in the il 7 receptor zap 70 and subunits of the cd 3 molecule result in a deciency of t cells with normal b cell and nk cell numbers,defects in the inter looking 7 receptor zeta chain associated protein kinase 70 and the subunits of the cluster differentiation 3 molecule result in a decency of t cells with normal b and natural killer cell numbers full stop
yoruba,general,"It was bought in July 2017 by Peter  Minsu Lu, according to documents obtained by SaharaReporters.
"," It was bought in July 2017 by Peter Minsu Lu, according to the document obtained by Sahara Reporters Full Stop.",it was bought in july 2017 by peter minsu lu according to documents obtained by saharareporters,it was bought in july 2017 by peter minsu lu according to the document obtained by sahara reporters full stop
yoruba,general,"Dr Tambara Ikpeama speaking. Next line. patient Iyeala is here to discuss other interventions including surgery
"," Dr. Tambaraikima speaking, full stop. Next line, full stop. Patient Iyala is here to discuss other interventions including surgery.",doctor tambara ikpeama speaking next line patient iyeala is here to discuss other interventions including surgery,doctor tambaraikima speaking full stop next line full stop patient iyala is here to discuss other interventions including surgery
yoruba,general,"Oppo may soon launch two new truly wireless earbuds, a rumour fuelled by the discovery of a patent application that features new designs."," Apple may soon launch two new truly wireless earbuds, a rumor fired by the discovery of a patent application that features new designs for stock.",oppo may soon launch 2 new truly wireless earbuds a rumor fuelled by the discovery of a patent application that features new designs,apple may soon launch 2 new truly wireless earbuds a rumor fired by the discovery of a patent application that features new designs for stock
yoruba,clinical,NOSPITS MAX ASPIRATE3.6CC., no speech mass as spirit.ccc,nospits max aspirate 3.6 cc,no speech mass as spirit ccc
yoruba,general,Critical and scholarly response, critical and scholarly response.,critical and scholarly response,critical and scholarly response
yoruba,general,"It was gathered that Samad, who is an internet fraudster, opened the academy in a three-bedroom flat and was training young men in the art of defrauding people in the apartment which he was said to have rented for the sum of N3 million per annum.
"," It was gathered that Samad, with an internet fraudster, opened the academy in the tree-yphene bedroom flat and was training young men in the art of defrauding people in the apartment which was said to have rented for the sum of three million Naira per annum.",it was gathered that samad who is an internet fraudster opened the academy in a 3 bedroom flat and was training young men in the art of defrauding people in the apartment which he was said to have rented for the sum of n 3000000 per annum,it was gathered that samad with an internet fraudster opened the academy in the tree yphene bedroom flat and was training young men in the art of defrauding people in the apartment which was said to have rented for the sum of 3000000 naira per annum
yoruba,general,"The church on the state of the nation
", the church on the state of the nation.,the church on the state of the nation,the church on the state of the nation
yoruba,clinical,"These results indicate that the vagal sparing esophagectomy procedure does indeed preserve the vagal nerves, and may be considered in the treatment of benign and early malignant lesions requiring esophagectomy.", These results indicate that the vagal sparing esophagectomy procedure does indeed preserve vagal nerves and may be considered in the treatment of benign and early malignant lesions requiring esophagectomy.,these results indicate that the vagal sparing esophagectomy procedure does indeed preserve the vagal nerves and may be considered in the treatment of benign and early malignant lesions requiring esophagectomy,these results indicate that the vagal sparing esophagectomy procedure does indeed preserve vagal nerves and may be considered in the treatment of benign and early malignant lesions requiring esophagectomy
yoruba,general,"Meanwhile, stay away from social media.
"," Meanwhile, stay away from social media.",meanwhile stay away from social media,meanwhile stay away from social media
yoruba,clinical,"Such reactions maybe avoided by dietary restrictions, see Specimen.", Such reactions may be avoided by dietary restrictions. C. specimen,such reactions maybe avoided by dietary restrictions see specimen,such reactions may be avoided by dietary restrictions c specimen
yoruba,general,"I love working out, going to the beach, watching movies and spending time with my wife and dogs.
"," I love walking out, comma, going to beach, comma, watching movies, and spending time with my wife and dogs full stop.",i love working out going to the beach watching movies and spending time with my wife and dogs,i love walking out comma going to beach comma watching movies and spending time with my wife and dogs full stop
yoruba,general,"Angel BBNaijaReunion BBNaija BBNaijaShineYaEye pic.twitter.comw6lugdnNsa
"," Inje Big Brother Niger, you know Big Brother Niger, Big Brother Niger, Shanya Hai PIC.CWITTER.COMW6LUGN Capital letter NSA",angel bbnaijareunion bbnaija bbnaijashineyaeye pic twitter comw 6 lugdnnsa,inje big brother niger you know big brother niger big brother niger shanya hai pic cwitter comw 6 lugn capital letter nsa
yoruba,clinical,It has been suggested that these drugs may act by stimulating afferent nerves to initiate a reex increase in gut motility., It has been suggested that these drugs may act by stimulating afferent nerves to initiate a weak increase in gut mutility.,it has been suggested that these drugs may act by stimulating afferent nerves to initiate a reex increase in gut motility,it has been suggested that these drugs may act by stimulating afferent nerves to initiate a weak increase in gut mutility
yoruba,general,"This guy goes around in the 70s or whenever, hes this big time football player, but he does needlepoint and gives zero fucks about what anyone thinks about him doing needlepoint.
"," This guy goes around in his 70s or whenever, he is this big time football player, but he does need a point and gives a refocus about what anyone thinks about him doing a point who's top.",this guy goes around in the 70s or whenever hes this big time football player but he does needlepoint and gives 0 fucks about what anyone thinks about him doing needlepoint,this guy goes around in his 70s or whenever he is this big time football player but he does need a and gives a refocus about what anyone thinks about him doing a point who is top
yoruba,general,Nigerians’ anger and the coming darkness," The endurance, I think, anger and the common darkness.",nigerians anger and the coming darkness,the endurance i think anger and the common darkness
yoruba,general,CH sounds like the KH in Ayatollah Khoumeini.," the sound like the cage in your toilet, go many firsto.",ch sounds like the kh in ayatollah khoumeini,the sound like the cage in your toilet go many firsto
yoruba,clinical,Received hydralazine x1 for sbp > 180., received Hydrolaxin 1 times for Cystalline Blood Pressure 0.188,received hydralazine x one for sbp 180,received hydrolaxin one times for cystalline blood pressure 0.188
yoruba,general,"A very common disease was discovered in Akpawfu by Ekiye and Motinola scientists at Katsina university from 1998 to 2006.
", A very common disease was discovered in Aqafu by Ekiye and Mutinola scientists at Kasena University from 1998 to 2006.,a very common disease was discovered in akpawfu by ekiye and motinola scientists at katsina university from 1998 to 2006,a very common disease was discovered in aqafu by ekiye and mutinola scientists at kasena university from 1998 to 2006
yoruba,general,"We are a very reliably Republican state especially in a presidential election year.
"," We are very reliably Republican states, especially in a presidential election year, full stop.",we are a very reliably republican state especially in a presidential election year,we are very reliably republican states especially in a presidential election year full stop
yoruba,general,"The artiste faced 11 charges bordering on alleged credit card fraud contrary to Money Laundering Prohibition Act and the Cyber Crimes Act.
"," the artist faced 11 charges, bothering on alleged credit card fraud, the Contra Ito Money Laundry Prohibition Act and the Cyber Crimes Act, who stopped",the artiste faced 11 charges bordering on alleged credit card fraud contrary to money laundering prohibition act and the cyber crimes act,the artist faced 11 charges bothering on alleged credit card fraud the contra ito money laundry prohibition act and the cyber crimes act who stopped
yoruba,clinical,"The condition usually results from a longstanding preceding causes, e."," The condition usually results from a long-standing preceding course, E.",the condition usually results from a longstanding preceding causes e,the condition usually results from a long standing preceding course e
yoruba,clinical,acidosis with compensation good oxygenation.," Acidoses with Compensation, Good Oxidination",acidosis with compensation good oxygenation,acidoses with compensation good oxidination
yoruba,general,"He has got the vigour to accomplish what is required and everybody wants to be part of the show.
", He has got the vigor to accomplish what is required and everybody wants to be part of the show.,he has got the vigor to accomplish what is required and everybody wants to be part of the show,he has got the vigor to accomplish what is required and everybody wants to be part of the show
yoruba,clinical,"Laboratory examination reveals leucocytosis, elevated serum alkaline phosphatase, hypoalbuminaemia and a positive blood culture."," laboratory examination reviews, leukocytosis, elevated serum, alkali phosphatase, hypoalbuminemia, and a positive blood culture.",laboratory examination reveals leucocytosis elevated serum alkaline phosphatase hypoalbuminaemia and a positive blood culture,laboratory examination reviews leukocytosis elevated serum alkali phosphatase hypoalbuminemia and a positive blood culture
yoruba,general,"He threw some really good pitches, Roenicke said, per the team.
", It's real so really good fish is coming runic says gonna party team full stock,he threw some really good pitches roenicke said per the team,it is real so really good fish is coming runic says going to party team full stock
yoruba,clinical,Skull base foramen should be closely examined for enlargement that may be suggestive of perineural invasion., Skull base foramen should be closely examined for enlargements that may be suggestive of perineural invasion.,skull base foramen should be closely examined for enlargement that may be suggestive of perineural invasion,skull base foramen should be closely examined for enlargements that may be suggestive of perineural invasion
yoruba,clinical,"Use mechanical devices, such as lifts, slides, transfer chairs, or gait belts, for moving patients."," used technical devices to come out, such as leads, slides, transfer sheets, or heat-dels to come out from moving machines to come out.",use mechanical devices such as lifts slides transfer chairs or gait belts for moving patients,used technical devices to come out such as leads slides transfer sheets or heat dels to come out from moving machines to come out
yoruba,clinical,"ese marker chromosomes sometimes are associated with mental retardation and other abnormalities, and other times they have no apparent phenotypic eects.
"," These maca-crumuzones sometimes are associated with mental retardation and other abnormalities, coma, and other times they have no apparent phenotypic X, full stop.",ese marker chromosomes sometimes are associated with mental retardation and other abnormalities and other times they have no apparent phenotypic eects,these maca crumuzones sometimes are associated with mental retardation and other abnormalities coma and other times they have no apparent phenotypic x full stop
yoruba,clinical,Most causes of conductive hearing loss can be medically or surgically corrected they can be improved or resolved with treatment and without use of a hearing aid., Most causes of conductive hearing loss can be medically or surgically corrected. They can be improved or resolved to treatment and without use of a hearing aid. Full stop.,most causes of conductive hearing loss can be medically or surgically corrected they can be improved or resolved with treatment and without use of a hearing aid,most causes of conductive hearing loss can be medically or surgically corrected they can be improved or resolved to treatment and without use of a hearing aid full stop
yoruba,general,"Meanwhile, Johnson said on April 15, 2022, the police unit was alerted to the risk and possible hack of the server of a non-interest financial institution located in Lagos State.
"," Meanwhile, Comer John Singh said on April 15, 2022, the police unit was alerted to the recent possible attack of the server of a non-interest financial institution located in legal states.",meanwhile johnson said on april 15 2022 the police unit was alerted to the risk and possible hack of the server of a non interest financial institution located in lagos state,meanwhile comer john singh said on april 15 2022 the police unit was alerted to the recent possible attack of the server of a non interest financial institution located in legal states
yoruba,general,"To people, playing on the cultist image is simply rough play.
"," Two people, playing on the cult's image is simply a way of playing.",to people playing on the cultist image is simply rough play,2 people playing on the cult is image is simply a way of playing
yoruba,general,"Again, freedom of expression is one of the fundamental rights of the citizen which an Islamic State must respect.
"," Again, Khoma Freedom of Expression is one of the fundamental rights of the citizens which an Islamic State must respect.",again freedom of expression is one of the fundamental rights of the citizen which an islamic state must respect,again khoma freedom of expression is one of the fundamental rights of the citizens which an islamic state must respect
yoruba,clinical,Similarly women with large cancers that occupy the subareolar and central portions of the breast and women with multicentric primary cancers also undergo mastectomy.," Similarly, women with large cancers that occupy the subarial and central portions of the breast and women with multi-centric primary cancers also undergo mastectomy, full stop.",similarly women with large cancers that occupy the subareolar and central portions of the breast and women with multicentric primary cancers also undergo mastectomy,similarly women with large cancers that occupy the subarial and central portions of the breast and women with multi centric primary cancers also undergo mastectomy full stop
yoruba,general,Laughter is different as it leaves you feeling better and hopeful., Plaster is different as it leaves you feeling better and hopeful.,laughter is different as it leaves you feeling better and hopeful,plaster is different as it leaves you feeling better and hopeful
yoruba,general,"Obviously, it is no longer a priority for the Federal Government.
"," Obviously, it is not my priority for the federal government.",obviously it is no longer a priority for the federal government,obviously it is not my priority for the federal government
yoruba,general,"Jeenbekovs previous decree declaring a state of emergency in Bishkek was signed Friday, when a protest in the city turned violent and gunshots were fired at several political leaders.
"," Jane Bikov's previous decree declaring a state of emergency in Bishkek was signed Friday, comma, when a protest in the city turned violent and constructs were fired at several political leaders. Full stop.",jeenbekovs previous decree declaring a state of emergency in bishkek was signed friday when a protest in the city turned violent and gunshots were fired at several political leaders,jane bikov is previous decree declaring a state of emergency in bishkek was signed friday comma when a protest in the city turned violent and constructs were fired at several political leaders full stop
yoruba,general,"Dr Kenechukwu neonatal Intensive care unit (ICU) aware and Dr Ndukari Surgery notified. 07/07/2026
"," Dr. Kenechiko Nyonata Intensive Care Units, Open Brackets ICU, Close Bracket Aware, and Dr. Undukari Sodri notified, full stop, 7th of July, 2026.",doctor kenechukwu neonatal intensive care unit aware and doctor ndukari surgery notified 7 7 2026,doctor kenechiko nyonata intensive care units open brackets icu close bracket aware and doctor undukari sodri notified full stop 7th of july 2026
yoruba,general,"We are working on elevating the condition of our secondary healthcare facilities.
", We are working on elevating the condition of our secondary healthcare facilities. Full stop.,we are working on elevating the condition of our secondary healthcare facilities,we are working on elevating the condition of our secondary healthcare facilities full stop
yoruba,clinical,2019-02-01 ( 4 of 4 bottles ) E.coli," 2019, 02, 01, four of four bottles equally.",2019 2 one e coli,2019 2 14 of 4 bottles equally
yoruba,general,"My father christened me Oluwaremilekun because my elder brother was 17 years older than me and 14 years older than my elder sister.
", My father christened me because my elder brother was 17 years older than me and 14 years older than my elder sister.,my father christened me oluwaremilekun because my elder brother was 17 years older than me and 14 years older than my elder sister,my father christened me because my elder brother was 17 years older than me and 14 years older than my elder sister
yoruba,general,"Answer me when I call to you, my righteous God.
"," I'll send you when I call to you, comma. My light just got full stop.",answer me when i call to you my righteous god,i will send you when i call to you comma my light just got full stop
yoruba,clinical,Will re-attempt LP unsuccessfal last night., We will react to M2LB on success for our last night full stop.,will re attempt lp unsuccessfal last night,we will react to m 2 lb on success for our last night full stop
yoruba,clinical,CV: Murmur audible., See you. Momo Hodebu.,cv murmur audible,see you momo hodebu
yoruba,clinical,"In the past, these patients have received prophylactic antibiotics prior to dental extraction."," In the past, coma, these patients have received prophylactic antibiotic spirit to dental extraction full stop.",in the past these patients have received prophylactic antibiotics prior to dental extraction,in the past coma these patients have received prophylactic antibiotic spirit to dental extraction full stop
yoruba,general,"School zones are marked with lights or traffic signs, so drivers need to be alert, obey speed limits and avoid distractions.
", School zones are marked with light or traffic signs comma so drivers need to be allowed comma obey speed limit and avoid distractions for stop.,school zones are marked with lights or traffic signs so drivers need to be alert obey speed limits and avoid distractions,school zones are marked with light or traffic signs comma so drivers need to be allowed comma obey speed limit and avoid distractions for stop
yoruba,general,"XMax can be traded on the following cryptocurrency exchanges: Graviex, OTCBTC, ABCC, Coinrail, CryptoBridge, Hotbit, DDEX, HADAX and FCoin."," Ex-NAS can be traded on the following cryptocurrency exchanges. Column, Graphics, OTC, BTC, ABCC, Conrail, CryptoBridge, HotBit, CDEF, HA, DAX, and S-Coin.",xmax can be traded on the following cryptocurrency exchanges graviex otcbtc abcc coinrail cryptobridge hotbit ddex hadax and fcoin,ex nas can be traded on the following cryptocurrency exchanges column graphics otc btc abcc conrail cryptobridge hotbit cdef ha dax and s coin
yoruba,clinical,Between 10 and 40 of women with untreated chlamydial or gonorrheal infections of the cervix will develop acute PID.," Between 10 and 40 of women with untreated chlamydia, organoreal infections of the cervix will develop acute PID, full stop.",between 10 and 40 of women with untreated chlamydial or gonorrheal infections of the cervix will develop acute pid,between 10 and 40 of women with untreated chlamydia organoreal infections of the cervix will develop acute pid full stop
yoruba,general,"Since then, theyve been battered by Aston Villa, held to a goalless draw by Leeds United and punished for failing to take their chances by Wolves in a 2-1 home loss."," Since then, they have been battered by Aston Villa, who have held to a goalless drill by Leeds United and punished for failing to take their chances by wolves in a two-pipe-in-one home loss.",since then theyve been battered by aston villa held to a goalless draw by leeds united and punished for failing to take their chances by wolves in a 2 one home loss,since then they have been battered by aston villa who have held to a goalless drill by leeds united and punished for failing to take their chances by wolves in a 2 pipe in one home loss
yoruba,clinical,02/25/2001 12:00:00 AM, on the 25th of February 2001 by 12am.,2 25 2001 12 0 0 am,on the 25th of february 2001 by 12 am
yoruba,general,Her fiance Mr. Olawatuyi Durojaye was called to the first aid room at 2: 33 pm on 08/06/1999," A fiancé, Mr. Olawatuie Duhojaye, was called to the first aid room at 2.33 pm on 8th of June 1999.",her fiance mister olawatuyi durojaye was called to the 1st aid room at 2 33 pm on 8 6 1999,a fiance mister olawatuie duhojaye was called to the 1st aid room at 2.33 pm on 8th of june 1999
yoruba,clinical,Basophilia is unusual and is found in the following conditions: 1., Bacophilia is unusual and is found in the following conditions. 1. Stop,basophilia is unusual and is found in the following conditions one,bacophilia is unusual and is found in the following conditions one stop
yoruba,general,"If observed, it will only be one of these states but when not being watched, it could be every possibility available to it.
"," If observed comma, it will only be one of these states but when not being watched comma, it could be very possibility available to eat food stock.",if observed it will only be one of these states but when not being watched it could be every possibility available to it,if observed comma it will only be one of these states but when not being watched comma it could be very possibility available to eat food stock
yoruba,clinical,Will evaluate electrolytes and bili this evening., will evaluate electrolyte and billy this evening.,will evaluate electrolytes and bili this evening,will evaluate electrolyte and billy this evening
yoruba,general,"Mrs Duruaku Chukwualuka is a 40yr old who resides at 33, Zaria street, Okene state. She is Ibo or Hausa, Christian or Muslim with 2 previous cesarean sections. Last mestrual period was 22/11/2022
"," Mrs. Duak Kutupalukh is a 40-year-old who resides at the Zariah Street, Okina State. She is Igbo Awausa, Missy and a Muslim with two previous Zariah Sections. The last Missa period was 22, level, 2022.",missus duruaku chukwualuka is a 40 yr old who resides at 33 zaria street okene state she is ibo or hausa christian or muslim with 2 previous cesarean sections last mestrual period was 22 11 2022,missus duak kutupalukh is a 40 year old who resides at the zariah street okina state she is igbo awausa missy and a muslim with 2 previous zariah sections the last missa period was 22 level 2022
yoruba,general,"Local employees of the North Dakota Department of Human Services Division of Vocational Rehabilitation, Tami Froelich and Jerry Severson, have received awards for their work.
"," Local employees of the North Dakota Department of Human Services Division of Vocational Rehabilitation, Tami Froelik and Jerry Serverson, have received awards for their work full stop.",local employees of the north dakota department of human services division of vocational rehabilitation tami froelich and jerry severson have received awards for their work,local employees of the north dakota department of human services division of vocational rehabilitation tami froelik and jerry serverson have received awards for their work full stop
yoruba,general,"As the sub-theme is sustainability, there will also be locally sourced produce that promotes wellness and sustainably.
"," As the sub-ifin theme is sustainability, there will also be locally sourced produce that promotes wellness and sustainably, full stop.",as the sub theme is sustainability there will also be locally sourced produce that promotes wellness and sustainably,as the sub ifin theme is sustainability there will also be locally sourced produce that promotes wellness and sustainably full stop
yoruba,general,"Nzubechukwu Dahunsi is a 52 yo male admitted yesterday to Ikot-Abasi TSICU after falling down the stairs in the setting of alcohol intoxication.
", The,nzubechukwu dahunsi is a 52 yo male admitted yesterday to ikot abasi tsicu after falling down the stairs in the setting of alcohol intoxication,the
yoruba,general,"The United Arab Emirates President Sheikh Khalifa bin Zayed Al-Nahyan died aged 73 on Friday, state media said, after battling illness for several years.
"," The United Arab Emirates president Sheikh Khalifa, bin Zayed al-Hayfi Nayan, died aged 73 on Friday, comma, state media said, comma, after batting illness for several years. Full stop.",the united arab emirates president sheik khalifa bin zayed al nahyan died aged 73 on friday state media said after battling illness for several years,the united arab emirates president sheik khalifa bin zayed al hayfi nayan died aged 73 on friday comma state media said comma after batting illness for several years full stop
yoruba,general,"The survey hopes to understand the type of creative works people use, how and when they access it, what they look for, and how much creative work has been generated over the last five years.
"," The survey hopes to understand the type of creative works people use comma, how and when they assess its comma, what they look for comma, and how much creative work has been generated over the last five years.",the survey hopes to understand the type of creative works people use how and when they access it what they look for and how much creative work has been generated over the last 5 years,the survey hopes to understand the type of creative works people use comma how and when they assess its comma what they look for comma and how much creative work has been generated over the last 5 years
yoruba,general,"DiamondXtra Season 14 promo: Access Bank sets aside  N270m rewards for loyal customers
"," Diamond Extractors and 13th Promo Column. As his bank set aside 270 million around the world, follow your customers.",diamondxtra season 14 promo access bank sets aside n 270 m rewards for loyal customers,diamond extractors and 13th promo column as his bank set aside 270000000 around the world follow your customers
yoruba,clinical,Sickle cell/hemoglobin H disease.," sickle cell, hemoglobin, H disease.",sickle cell hemoglobin h disease,sickle cell hemoglobin h disease
yoruba,general,"The chairman said the PTF was escalating its surveillance and testing drive to ensure containment of the virus ahead of Christmas season for the safety and health of the citizens.
", The chairman said the BTF was escalating its surveillance and testing the drive to ensure containment of the virus ahead of Christmas season for the safety of and health of the citizens.,the chairman said the ptf was escalating its surveillance and testing drive to ensure containment of the virus ahead of christmas season for the safety and health of the citizens,the chairman said the btf was escalating its surveillance and testing the drive to ensure containment of the virus ahead of christmas season for the safety of and health of the citizens
yoruba,general,"INEC Lists Five Challenges Ahead Of 2023 Elections
", I can use five challenges I had options to choose three elections,inec lists 5 challenges ahead of 2023 elections,i can use 5 challenges i had options to choose 3 elections
yoruba,clinical,There may be limitation of condylar movement., may be limitation of Conzai law movement. Full stop.,there may be limitation of condylar movement,may be limitation of conzai law movement full stop
yoruba,general,Much like you feel about theirs.," Much like you feel about this, free stop.",much like you feel about theirs,much like you feel about this free stop
yoruba,clinical,More conspicious uptake in the left tibia which may be related to venous stasis disease., More conspicuous uptake in the left tibia which may be related to venous thesis disease.,more conspicious uptake in the left tibia which may be related to venous stasis disease,more conspicuous uptake in the left tibia which may be related to venous thesis disease
yoruba,general,"She was transferred to Hospital Elmina for further care, as Dr Ahwoojah Appan suggested
"," She was transferred to hospital Elmina for further care, as Dr. Awuja Akpan suggested.",she was transferred to hospital elmina for further care as doctor ahwoojah appan suggested,she was transferred to hospital elmina for further care as doctor awuja akpan suggested
yoruba,general,"The insecurity in this country has shown us how fragile we all are. Gods sanctuary was desecrated as Owo cried blood yesterday.
"," In fact, we are all in the same country.",the insecurity in this country has shown us how fragile we all are gods sanctuary was desecrated as owo cried blood yesterday,in fact we are all in the same country
yoruba,general,"Its time to stop settling for the status quo.
", It's time to stop certainly for status quo.,its time to stop settling for the status quo,it is time to stop certainly for status quo
yoruba,clinical,s / p ventral hernia repair, S-Lash-P-Venture-Harnier-Repair.,s p ventral hernia repair,s lash p venture harnier repair
yoruba,clinical,"Etiology: Possibly autoimmune association. Extrahepatic biliary Possibly autoimmune association with other autoimmune diseases obstruction, biliary atresia with inflammatory  bowel disease 2."," etiology possibly autoimmune association, extraepatic biliary, possibly autoimmune association with other autoimmune diseases, obstruction, biliary atresia with inflammatory bowel disease, two full stops.",etiology possibly autoimmune association extrahepatic biliary possibly autoimmune association with other autoimmune diseases obstruction biliary atresia with inflammatory bowel disease 2,etiology possibly autoimmune association extraepatic biliary possibly autoimmune association with other autoimmune diseases obstruction biliary atresia with inflammatory bowel disease 2 full stops
yoruba,clinical,During a PICC line placement the patient received4 micrograms of Fentanyl after which he became apneic; 0.4 mg of Narcan were administered with the resolution of the apnea.," During a PICC line placement, the patient received four micrograms of fentanyl after which he became apnic. 0.4 mg of nakan will be administered with the resolution of the apnea.",during a picc line placement the patient received 4 micrograms of fentanyl after which he became apneic 0.4 mg of narcan were administered with the resolution of the apnea,during a picc line placement the patient received 4 micrograms of fentanyl after which he became apnic 0.4 mg of nakan will be administered with the resolution of the apnea
yoruba,clinical,CON'T TO SUCTION THICK TAN SECRETIONS., Continue to function thick tan secretions.,co not to suction thick tan secretions,continue to function thick tan secretions
yoruba,clinical,"cruziin Giemsa stained thin blood lm.
", Cruising Gensah Stain Thin Blood I.F. Full Stop,cruziin giemsa stained thin blood lm,cruising gensah stain thin blood i f full stop
yoruba,general,"She is currently working with her team to use the human-centred design approaches to co-design and co-disseminate targeted messages to improve the COVID-19 vaccine uptake among hesitant healthcare workers and eligible adults in Nigeria.
"," she is currently working with her team to use the human hyphen-centered design approaches to co-hyphen design and co-hyphen disseminate targeted messages to improve the COVID-hyphen-19 vaccine uptake among hesitant healthcare workers and eligible adults in Nigeria, full stop.",she is currently working with her team to use the human centered design approaches to co design and co disseminate targeted messages to improve the covid 19 vaccine uptake among hesitant healthcare workers and eligible adults in nigeria,she is currently working with her team to use the human hyphen centered design approaches to co hyphen design and co hyphen disseminate targeted messages to improve the covid hyphen 19 vaccine uptake among hesitant healthcare workers and eligible adults in nigeria full stop
yoruba,general,Galvani invented batteries which is probably the most important thing which he has made., Garfani Invented Batteries Wish is probably the most important thing Wish he has made full stop,galvani invented batteries which is probably the most important thing which he has made,garfani invented batteries wish is probably the most important thing wish he has made full stop
yoruba,clinical,"Now, Ewings sarcoma includes 3variants: (i)classic skeletal Ewings sarcomai (ii) soft tissue Ewings sarcoma and (iii) primitive neuroectodermal tumour PNET."," Now, Ewing sacoma includes three variants, colon, eye, classic skeletal Ewing sacoma, II self-tissue Ewing sacoma, and II primitive norectodermal tumor PNET full stop.",now ewings sarcoma includes 3 variants classic skeletal ewings sarcomai soft tissue ewings sarcoma and primitive neuroectodermal tumor pnet,now ewing sacoma includes 3 variants colon eye classic skeletal ewing sacoma ii self tissue ewing sacoma and ii primitive norectodermal tumor pnet full stop
yoruba,general,On the 24hrs operations of airports, on the 24 hours operations of airports.,on the 24 hrs operations of airports,on the 24 hours operations of airports
yoruba,general,"His commitment to progress and advancement would be greatly missed, he said.
"," His commitment to progress and advancement would be greatly mixed, he said, full stop.",his commitment to progress and advancement would be greatly missed he said,his commitment to progress and advancement would be greatly mixed he said full stop
yoruba,general,"Dr Nwigwe Chiege speaking. Next line. Patient has tried activity modification, physiotherapy, and analgesics with no improvment. Next line
"," Dr. Wu Wei-Gue, KKK speaking full stop. Next line, full stop. Patient has tried activity modification comma physiotherapy comma and analgesics with no improvement. Full stop. Next line.",doctor nwigwe chiege speaking next line patient has tried activity modification physiotherapy and analgesics with no improvment next line,doctor wu wei gue kkk speaking full stop next line full stop patient has tried activity modification comma physiotherapy comma and analgesics with no improvement full stop next line
yoruba,general,"The parties further agreed to work together to successfully execute the project to international standards.
"," parties, what I agreed to work together to successfully execute the project and international standards.",the parties further agreed to work together to successfully execute the project to international standards,parties what i agreed to work together to successfully execute the project and international standards
yoruba,general,Bellanaija is a media partner for The Pride Women Conference, Bel Nangia is the media partner for the Bride Women Conference.,bellanaija is a media partner for the pride women conference,bel nangia is the media partner for the bride women conference
yoruba,clinical,"Journal of ClinicalPsychiatry 64:1048-1056, 2003Popper CW: Antidepressants in the treatment of attention-decithyperactivity disorder.
"," Journal of Clinical Psychiatry 64.1048-1056,2003,POPER CW colon antidepressants in a treatment of attention deseed hyperactivity disorder, full stop.",journal of clinicalpsychiatry 64 1048 1056 2003 popper cw antidepressants in the treatment of attention decithyperactivity disorder,journal of clinical psychiatry 64.1048 10562003 poper cw colon antidepressants in a treatment of attention deseed hyperactivity disorder full stop
yoruba,general,"This can restrict how the tongue moves.
", This can restrict how the tones move. Full stop.,this can restrict how the tongue moves,this can restrict how the tones move full stop
yoruba,clinical,This often requires sacrifice of the parent nerve.," This offering requires sacrifice of the appearance nerve, full stop.",this often requires sacrifice of the parent nerve,this offering requires sacrifice of the appearance nerve full stop
yoruba,clinical,The family's wishes were honored and extensive efforts were made to arrange for the patient to be placed in a rehabilitation facility., The family's wishes were honored and extensive efforts were made to arrange for the patient to be placed in a rehabilitation facility.,the family is wishes were honored and extensive efforts were made to arrange for the patient to be placed in a rehabilitation facility,the family is wishes were honored and extensive efforts were made to arrange for the patient to be placed in a rehabilitation facility
yoruba,general,"The Sector Commander who described the accident as unfortunate warned motorists particularly tanker drivers to always exercise caution and obey traffic regulations while plying the roads .
"," The sector commander who described the accidents as unfortunate warned motorists, particularly tanker drivers, to always exercise caution and obey traffic regulations while flying the roads full stop.",the sector commander who described the accident as unfortunate warned motorists particularly tanker drivers to always exercise caution and obey traffic regulations while plying the roads,the sector commander who described the accidents as unfortunate warned motorists particularly tanker drivers to always exercise caution and obey traffic regulations while flying the roads full stop
yoruba,clinical,Tolerating feeds at TF of 130 and of 30 cal., Stolegating fields are TF of 30ccg of 30 calories full stock.,tolerating feeds at tf of 130 and of 30 cal,stolegating fields are tf of 30 ccg of 30 calories full stock
yoruba,general,"Dami: No I was on my phone, chill both laughing
"," Dammit, Colon. No, how was my phone? Comachi, both working.",dami no i was on my phone chill both laughing,dammit colon no how was my phone comachi both working
yoruba,clinical,"Total respiratory obstruction with the tracheal foreign body may occur however, respiratory distress is usually mild if present at all."," Total respiratory obstruction with trigger foreign body may occur. However, respiratory distress is usually mild if present at all, full stop.",total respiratory obstruction with the tracheal foreign body may occur however respiratory distress is usually mild if present at all,total respiratory obstruction with trigger foreign body may occur however respiratory distress is usually mild if present at all full stop
yoruba,clinical,Given 2mg PO Dilaudid 2mg IV Ativan w/ good effect.," Given 2mg PO, the loudspeaker did 2mg IV at 1mg with good effect.",given 2 mg po dilaudid 2 mg iv ativan w good effect,given 2 mg po the loudspeaker did 2 mg iv at one mg with good effect
yoruba,clinical,The adult thyroid gland is brown in color and firm in consistency and is located posterior to the strapmuscles., The outer thyroid gland is brown in color and firm in consistency and is located posterior to the strap muscles full stop.,the adult thyroid gland is brown in color and firm in consistency and is located posterior to the strapmuscles,the outer thyroid gland is brown in color and firm in consistency and is located posterior to the strap muscles full stop
yoruba,general,"Bilateral ear discharge of 3 days duration and fever of 3 days duration. Bilateral ear discharge was first noticed 3 days ago. Agonjobey Assooahchah has had ear syringing in the past
", Kiki was one of many Nigerian entrepreneurs who was looking for a reliable way to grow her business when she found Prosper.,bilateral ear discharge of 3 days duration and fever of 3 days duration bilateral ear discharge was 1st noticed 3 days ago agonjobey assooahchah has had ear syringing in the past,kiki was one of many nigerian entrepreneurs who was looking for a reliable way to grow her business when she found prosper
yoruba,general,"But not all his party faithful are optimistic about how the party the governor leads is managing its affairs.
"," But not all is party faithful, optimistic about how the party, the governor leads is managing its affairs.",but not all his party faithful are optimistic about how the party the governor leads is managing its affairs,but not all is party faithful optimistic about how the party the governor leads is managing its affairs
yoruba,clinical,24 hour urine collected and sent., 24-hour urine collected and sent for storage.,24 hour urine collected and sent,24 hour urine collected and sent for storage
yoruba,general,"After that he preached outdoors.
", After that it reached out those full stop,after that he preached outdoors,after that it reached out those full stop
yoruba,clinical,TREATMENT. Pyogenic: Ultrasound or CT-guided percutaneous drainage with IV antibiotics. Operative drainage indicated if percutaneous attempts fail or cysts are multiple or loculated.," treatment, biogenic, colon, ultrasound, or CT, ifin, guided, percutaneous drainage with IV antibiotics, operative drainage indicated. If percutaneous, at times, feels or sees are multiple or located, full stop",treatment pyogenic ultrasound or ct guided percutaneous drainage with iv antibiotics operative drainage indicated if percutaneous attempts fail or cysts are multiple or loculated,treatment biogenic colon ultrasound or ct ifin guided percutaneous drainage with iv antibiotics operative drainage indicated if percutaneous at times feels or sees are multiple or located full stop
yoruba,clinical,Skin loss may require skin grafts.," skin loss, no quest ingots, just for fun.",skin loss may require skin grafts,skin loss no quest ingots just for fun
yoruba,general,California has a cap of 25 percent., California has a cap of 25% to stop.,california has a cap of 25%,california has a cap of 25% to stop
yoruba,general,"He ordered that the terms run concurrently.
"," He ordered that the terms run concurrently, full stop.",he ordered that the terms run concurrently,he ordered that the terms run concurrently full stop
yoruba,clinical,Encouraging to cough and deep breath., encouraging to cough and deep breath.,encouraging to cough and deep breath,encouraging to cough and deep breath
yoruba,general,"There were never any official words to this song.
"," There were never any official words to this song, full stop.",there were never any official words to this song,there were never any official words to this song full stop
yoruba,clinical,Discharge Diagnosis: PrimaryMRSA sepsis with cervical abcsess and cervica osteomyelitis as well drained paraspinal abscess in lumbar spineGram negative sepsis not fermenter not pseudomonas," Discharge diagnosis, Prami MRSC, Cetab Cetab Cetab Cetab Cetab Cetab Cetab Cetab Cetab Cetab Cetab Cetab Cetab Cetab Cetab Cetab Cetab Cetab Cetab Cetab Cetab Cetab Cetab Cetab Cetab Cetab Cetab Cetab Cetab Cetab Cetab Cetab Cetab Cetab Cetab Cetab Cetab Cetab Cetab Cetab Cetab Cetab Cetab Cetab Cetab Cetab Cetab Cetab Cetab Cetab Cetab Cetab Cetab Cetab Cetab Cetab Cetab Cetab Cetab Cetab Cetab Cetab Cetab Cetab Cetab Cetab Cetab Cetab Cetab Cetab Cetab Cetab",discharge diagnosis primarymrsa sepsis with cervical abcsess and cervica osteomyelitis as well drained paraspinal abscess in lumbar spinegram negative sepsis not fermenter not pseudomonas,discharge diagnosis prami mrsc cetab cetab cetab cetab cetab cetab cetab cetab cetab cetab cetab cetab cetab cetab cetab cetab cetab cetab cetab cetab cetab cetab cetab cetab cetab cetab cetab cetab cetab cetab cetab cetab cetab cetab cetab cetab cetab cetab cetab cetab cetab cetab cetab cetab cetab cetab cetab cetab cetab cetab cetab cetab cetab cetab cetab cetab cetab cetab cetab cetab cetab cetab cetab cetab cetab cetab cetab cetab cetab cetab cetab cetab
yoruba,clinical,"However, it increases the drugs toxicity to a wide range of organs throughout the body."," However, coma, it increases the drug's toxicity through a wide range of organs throughout the body, full stop.",however it increases the drugs toxicity to a wide range of organs throughout the body,however coma it increases the drug is toxicity through a wide range of organs throughout the body full stop
yoruba,general,"If we open up the state for public-private partnership and foreign direct investment, government can generate a minimum of N10billion as IGR monthly.
"," If we open up the state for public, hyphen, private partnership and foreign direct investment, government can generate a minimum of 10 billion naira as IGR monthly, full stop.",if we open up the state for public private partnership and foreign direct investment government can generate a minimum of n 10000000000 as igr monthly,if we open up the state for public hyphen private partnership and foreign direct investment government can generate a minimum of 10000000000 naira as igr monthly full stop
yoruba,clinical,There is dense retrocardiac opacity compatible with volume loss effusion infiltrate., There is dense retrocarrier capacity compatible with voluminous effusion if you treat it full stop.,there is dense retrocardiac opacity compatible with volume loss effusion infiltrate,there is dense retrocarrier capacity compatible with voluminous effusion if you treat it full stop
yoruba,general,"Its also a good opportunity for us fans to let our imaginations run wild.
", It's also a good opportunity for us fans to let our imaginations run wild.,its also a good opportunity for us fans to let our imaginations run wild,it is also a good opportunity for us fans to let our imaginations run wild
yoruba,general,"The family moved to different places in Illinois when Reagan was a child.
"," The family moved to different places in Helinoys when Reagan was a child, full stop.",the family moved to different places in illinois when reagan was a child,the family moved to different places in helinoys when reagan was a child full stop
yoruba,general,"There was some talk of digitalisation, migration, and economic growth, but all that was sketchy and overshadowed by the boycott.
"," It was from talk of digitalization, migration, and economic good, where all that was kept unroofed by the boycotts who stopped.",there was some talk of digitalisation migration and economic growth but all that was sketchy and overshadowed by the boycott,it was from talk of digitalization migration and economic good where all that was kept unroofed by the boycotts who stopped
yoruba,clinical,"e newly formed antibodiesbind with the foreignproteintoformantigen-antibodyorimmunecomplexes, which may enter the circulation and be deposited in blood vessels and in ltering organs.
", E. newly formed antibodies bind with the foreign protein to form antigen antibody or immune complexes which may enter the circulation and be deposited in blood vessels and in ittering organs.,e newly formed antibodiesbind with the foreignproteintoformantigen antibodyorimmunecomplexes which may enter the circulation and be deposited in blood vessels and in ltering organs,e newly formed antibodies bind with the foreign protein to form antigen antibody or immune complexes which may enter the circulation and be deposited in blood vessels and in ittering organs
yoruba,clinical,Chronic granulomatous disease in adults., chronic granulomatous disease in adults' foodstuffs.,chronic granulomatous disease in adults,chronic granulomatous disease in adults foodstuffs
yoruba,clinical,Menopause marks the end of a womans natural reproductive life., Menopause marks the end of a woman's natural reproductive life full stop.,menopause marks the end of a womans natural reproductive life,menopause marks the end of a woman is natural reproductive life full stop
yoruba,general,"It reaches a total length of convert.
", it reaches a 2-2 length of combat who stops.,it reaches a total length of convert,it reaches a 2 2 length of combat who stops
yoruba,general,"Meanwhile, the governors are in hot pursuit of higher personal goals to feather their political nests.
"," Meanwhile, the governors are in hot pursuit of higher personal goals to further their politicalness. Full stop.",meanwhile the governors are in hot pursuit of higher personal goals to feather their political nests,meanwhile the governors are in hot pursuit of higher personal goals to further their politicalness full stop
yoruba,general,"More worrying, especially for proponents of the presidential system, is that this might mark the first step towards the USA moving away from democracy.
"," More worrying, especially for proponents of the presidential system, is that this might mark the first step toward the USA moving away from democracy.",more worrying especially for proponents of the presidential system is that this might mark the 1st step towards the usa moving away from democracy,more worrying especially for proponents of the presidential system is that this might mark the 1st step toward the usa moving away from democracy
yoruba,general,"Does they include people like the governor of Bauchi State and one of his predecessors, Alhaji Isa Yuguda among others who held that Fulani herdsmen could carry arms?
"," Does they include people like the governor of Bauti states and one of his predecessors, Komar, Halhaji, Isaiyibuda, among others who held that Fulani Edsmen could carry arms?",does they include people like the governor of bauchi state and one of his predecessors alhaji isa yuguda among others who held that fulani herdsmen could carry arms,does they include people like the governor of bauti states and one of his predecessors komar halhaji isaiyibuda among others who held that fulani edsmen could carry arms
yoruba,clinical,GI: ABD SOFT NT/ND W/+HYPOACTIVE BS., gastrointestinal abdomen soft non tender non distended with positive hypoactive bural sound.,gi abd soft nt nd w hypoactive bs,gastrointestinal abdomen soft non tender non distended with positive hypoactive bural sound
yoruba,general,"During the brunch, AMVCA organisers also announced that Kenyan Jacktone Alufwani had won the first AMVCA Digital Creators Competition.
"," During the brunch, Coma AMVCA organizers also announced that Kenya Jack Tony Alufwani had won the first AMVCA Digital Creators Competition, full stop.",during the brunch amvca organizers also announced that kenyan jacktone alufwani had won the 1st amvca digital creators competition,during the brunch coma amvca organizers also announced that kenya jack tony alufwani had won the 1st amvca digital creators competition full stop
yoruba,clinical,Ninquay pt still requires both mask and prongs to amintain sats of 95-99 % drop to 88-93 when face thent is off., Nien Kuei patients too requires both mask and prongs to maintain such of 95 to 99% drop to 88 to 93 when face thentist off.,ninquay pt still requires both mask and prongs to amintain sats of 95 99 drop to 88 93 when face thent is off,nien kuei patients too requires both mask and prongs to maintain such of 95 to 99% drop to 88 to 93 when face thentist off
yoruba,general,"He is not on any medication, he is a student, does not smoke cigarette not takes alcohol. next line. Assessment: Malaria. Next line. Signed: Dr Bankolay Marcoo
"," He is not on any medication, comma. He is a student, comma. Does not smoke cigarettes, not takes alcohol. Full stop. Next line, full stop. Assessment, colon, malaria. Full stop. Next line, full stop. Signed, colon, Dr. Van Coley-Marco.",he is not on any medication he is a student does not smoke cigarette not takes alcohol next line assessment malaria next line signed doctor bankolay marcoo,he is not on any medication comma he is a student comma does not smoke cigarettes not takes alcohol full stop next line full stop assessment colon malaria full stop next line full stop signed colon doctor van coley marco
yoruba,clinical,ventral respiratory group 19.," Ventura, the Spirit with Group 19",ventral respiratory group 19,ventura the spirit with group 19
yoruba,general,I shot one of my friend’s killers to avenge his death  —Attempted murder suspect," I shoot one of my friend's killer to avenge his death, having attempted murder suspect.",i shot one of my friend s killers to avenge his death attempted murder suspect,i shoot one of my friend is killer to avenge his death having attempted murder suspect
yoruba,general,"Tony Skole , head baseball coach at East Tennessee State University
"," Tony School, Command 8B's Bocchart East Tennis Student University.",tony skole head baseball coach at east tennessee state university,tony school command 8 b is bocchart east tennis student university
yoruba,general,"Granted were getting used to it, but there are no divas on this set, he explained.
"," Granted, we are getting used to it, Coma, but there are no divas on this set, Coma, he explained, full stop.",granted were getting used to it but there are no divas on this set he explained,granted we are getting used to it coma but there are no divas on this set coma he explained full stop
yoruba,general,"Dr Ubochioma Ireti speaking. Next line. Chief complaint: next line. Low back Pain started 22 weeks ago radiating to his left foot. Next line
", Dr. Mbonchiuma Iriti speaking. Full stop. Next line. Full stop. Chief complaint. Colon. Last night. Full stop. Low back pain. 222 weeks ago. Radiating to his left foot. Full stop. Next line.,doctor ubochioma ireti speaking next line chief complaint next line low back pain started 22 weeks ago radiating to his left foot next line,doctor mbonchiuma iriti speaking full stop next line full stop chief complaint colon last night full stop low back pain 222 weeks ago radiating to his left foot full stop next line
yoruba,clinical,"""Chinazo: 30 Capsule, Sust. Release 24HRs""", TNASO 30 capsule sustained release 24 hours.,chinazo 30 capsule sust release 24 hrs,tnaso 30 capsule sustained release 24 hours
yoruba,general,"Dr. Izundu Oluchi thinks pt Eluma is stable enough to go home.
", Dr. Todd is in to a luxury thinks fit see a luma is stable enough to go home to stop,doctor izundu oluchi thinks pt eluma is stable enough to go home,doctor todd is in to a luxury thinks fit see a luma is stable enough to go home to stop
yoruba,clinical,"Oncemalignancy, drug-induced, and infectious etiologies are ruled out, treatment of the retroperitoneal fibrotic process is instituted.
", Most malignancy drug use and effect surgery are ruled out.,oncemalignancy drug induced and infectious etiologies are ruled out treatment of the retroperitoneal fibrotic process is instituted,most malignancy drug use and effect surgery are ruled out
yoruba,clinical,Keppra 20 Hospital Chubunna.," KEPRA 20 Hospital, Jubuna.",keppra 20 hospital chubunna,kepra 20 hospital jubuna
yoruba,general,"Youll step into the octagon against digital renditions of all your favorite mixed martial artists, whether one of those dangerous men and women or in your own asskicking skin.
"," You step into the octagon against digital renditions of all your favorite mixed martial artists, whether one of those dangerous men and women or in your own ass-kicking skin, full stop.",youll step into the octagon against digital renditions of all your favorite mixed martial artists whether one of those dangerous men and women or in your own asskicking skin,you step into the octagon against digital renditions of all your favorite mixed martial artists whether one of those dangerous men and women or in your own ass kicking skin full stop
yoruba,general,"Since oil demand is so low now, the price has plummeted and we had a near two rand drop per litre last night.
"," Since oil demand is so low now, the price has plummeted and we had a near to run drop by little last night.",since oil demand is so low now the price has plummeted and we had a near 2 rand drop per liter last night,since oil demand is so low now the price has plummeted and we had a near to run drop by little last night
yoruba,clinical,Uterine palpation through the abdominal wall is repeated at frequent intervals during the immediate postpartum period to prevent and or identify uterine atony., Uterine power patient through the abdominal wall is repeated at frequent intervals during the immediate postpartum period to prevent and or identify uterine atoning full stop.,uterine palpation through the abdominal wall is repeated at frequent intervals during the immediate postpartum period to prevent and or identify uterine atony,uterine power patient through the abdominal wall is repeated at frequent intervals during the immediate postpartum period to prevent and or identify uterine atoning full stop
yoruba,general,Emefiele the tortoise wants to marry  the Kings daughter, And may fear the dead as once the mighty kings delta.,emefiele the tortoise wants to marry the kings daughter,and may fear the dead as once the mighty kings delta
yoruba,clinical,"Extremities revealed 2+ femoral pulses bilaterally, 1+ dorsalis pedis pulses bilaterally ."," Extremities revealed normal femoral pulses bilaterally, decreased dorsalis pedis pulses bilaterally.",extremities revealed 2 femoral pulses bilaterally one dorsalis pedis pulses bilaterally,extremities revealed normal femoral pulses bilaterally decreased dorsalis pedis pulses bilaterally
yoruba,general,"Here is a 22 yr old food poisoning patient Chukwuemeka Babangida who presented to clinic at 11am this morning
"," Here is a 22-year-old food poisoning patient, Shukwemeka Babangida, who presented her clinic at 11 a.m. this morning.",here is a 22 yr old food poisoning patient chukwuemeka babangida who presented to clinic at 11 am this morning,here is a 22 year old food poisoning patient shukwemeka babangida who presented her clinic at 11 a m this morning
yoruba,general,"Nanjing does not own the Rover name, so the Austin name is the most recent it has to use for its mainstream mass market cars.
", Nanjin does not own the Rover name comma so the Austin name is the most recent it has to use for its mainstream mass market cars to stop.,nanjing does not own the rover name so the austin name is the most recent it has to use for its mainstream mass market cars,nanjin does not own the rover name comma so the austin name is the most recent it has to use for its mainstream mass market cars to stop
yoruba,general,"If the body is still not well take one per day for a few more weeks if needed, but not for a longer period."," If the body is not well, take one per day for a few more weeks if needed, but not for a longer period. Full stop.",if the body is still not well take one per day for a few more weeks if needed but not for a longer period,if the body is not well take one per day for a few more weeks if needed but not for a longer period full stop
yoruba,general,"Knowing all these languages gives him the advantage of singing in different languages and a wide range of audiences.18.
"," Knowing all these languages gives him the advantage of singing in different languages, a wide range of audiences in tune.",knowing all these languages gives him the advantage of singing in different languages and a wide range of audiences.18,knowing all these languages gives him the advantage of singing in different languages a wide range of audiences in tune
yoruba,general,"This is a hard time to be positive about the future but we see very good things ahead, Ceze said."," This is a hard time to be positive about the future but we see very good things ahead, as I said first off.",this is a hard time to be positive about the future but we see very good things ahead ceze said,this is a hard time to be positive about the future but we see very good things ahead as i said 1st off
yoruba,clinical,"SOLUTION, INTRAMUSCULAR HYDROXYPROGESTERONE CAPROATE, HYDROXYPROGESTERONE CAPROATE, 1250MG/5ML (250MG/ML)", Solution intramuscular hydroxyprogesterone capro 8 hydroxyprogesterone capro 8 1250 milligram per 5 mil open brackets 250 milligram per mil closed brackets,solution intramuscular hydroxyprogesterone caproate hydroxyprogesterone caproate 1250 mg 5 ml,solution intramuscular hydroxyprogesterone capro 8 hydroxyprogesterone capro 8 1250 milligram per 5 mil open brackets 250 milligram per mil closed brackets
yoruba,clinical,"Monitor electrolytes for signs of hypokalemia, base metabolic acidosis signs of ischemia."," Monitor electrolyte for signs of hypokalemia, based acid metabolic acidusis signs of ischemia, full stop.",monitor electrolytes for signs of hypokalemia base metabolic acidosis signs of ischemia,monitor electrolyte for signs of hypokalemia based acid metabolic acidusis signs of ischemia full stop
yoruba,general,"The new project is aptly named ARTFORM, and located south of Square One in Mississauga."," The new project is aptly named, add phone comma and located south of square one in Missy, Sauga, Houston.",the new project is aptly named artform and located south of square one in mississauga,the new project is aptly named add phone comma and located south of square one in missy sauga houston
yoruba,general,"Football enthusiast, Kelechi Anyikude, tells us about his love for Arsenal Football Club and how he supports the team while showcasing his Nigerian culture.
"," Football enthusiast, Kuma Kiliji Alikudi, Kuma tells us about his love for Arsenal Football Club and how he supports the team while showcasing his Nigerian culture.",football enthusiast kelechi anyikude tells us about his love for arsenal football club and how he supports the team while showcasing his nigerian culture,football enthusiast kuma kiliji alikudi kuma tells us about his love for arsenal football club and how he supports the team while showcasing his nigerian culture
yoruba,general,"Primary and secondary schools
", Primary and secondary schools.,primary and secondary schools,primary and secondary schools
yoruba,general,"The successes a company records are the ones encouraged by its leaders, while the failures it experiences are the ones permitted by the leaders.
", success is accompanied records are the ones encouraged by leaders comma by the failures it is friends that they once been fed by the leaders for stop.,the successes a company records are the ones encouraged by its leaders while the failures it experiences are the ones permitted by the leaders,success is accompanied records are the ones encouraged by leaders comma by the failures it is friends that they once been fed by the leaders for stop
yoruba,general,Nollywood actress Emilia Dike is dead," Lullwood Atres, Emilia, Decay is dead.",nollywood actress emilia dike is dead,lullwood atres emilia decay is dead
yoruba,general,"Sanders, a self-described democratic socialist, still faces questions from some Democrats about whether he would damage the party in the general election."," standards, a self-hyphen described democratic socialist, Steve Faisy's question from some Democrats about whether he would damage the party in the general election full stop.",sanders a self described democratic socialist still faces questions from some democrats about whether he would damage the party in the general election,standards a self hyphen described democratic socialist steve faisy is question from some democrats about whether he would damage the party in the general election full stop
yoruba,general,"The remaining public programs and events in March and April have also either been canceled or postponed.
", The remaining public programs and events in March and April have also either been cancelled or postponed full stop.,the remaining public programs and events in march and april have also either been canceled or postponed,the remaining public programs and events in march and april have also either been canceled or postponed full stop
yoruba,general,"Therell be live music from 10am to noon by the Non Prophets, a group of singers and pickers whose repertoire ranges from folk and rock to bluegrass and Americana."," There'll be live music from 10 a.m. to noon by the non-prophets, a group of singers and pickers who portrait ranges from folks and walks to bluegrass and americana full stop.",therell be live music from 10 am to noon by the non prophets a group of singers and pickers whose repertoire ranges from folk and rock to bluegrass and americana,there will be live music from 10 a m to noon by the non prophets a group of singers and pickers who portrait ranges from folks and walks to bluegrass and americana full stop
yoruba,clinical,COMMUNICATING WELL BY MOUTHING WORDS TO COMMUNICATE NEEDS., Communicate well by mouthing what to communicate needs,communicating well by mouthing words to communicate needs,communicate well by mouthing what to communicate needs
yoruba,general,"Dr Boluwatife Chimsinafogoziem speaking. Next line. Pain is worse with sitting, standing, and walking. Patient Kamsiyochukwu has tried analgesic medication. Next line
"," Dr. Bulwatefe Chirozidovogozin speaking. Next line. Pain is worse with sitting, standing, and walking. Patient Kamsiyojuku has tried an ingestive medication. Next line.",doctor boluwatife chimsinafogoziem speaking next line pain is worse with sitting standing and walking patient kamsiyochukwu has tried analgesic medication next line,doctor bulwatefe chirozidovogozin speaking next line pain is worse with sitting standing and walking patient kamsiyojuku has tried an ingestive medication next line
yoruba,general,Makeup: glowwithlilian," Makeup, Colour and Glow with Lidia.",makeup glowwithlilian,makeup color and glow with lidia
yoruba,general,"Compensation is monetary and non-monetary, and while some companies pay in the form of money, others pay in the form of products, tickets and access to events."," Compensation is monetary and non-ifin monetary comma. And why some companies pay in the form of money comma. Other pay in the form of product comma. Ticket in assets to events, full stock.",compensation is monetary and non monetary and while some companies pay in the form of money others pay in the form of products tickets and access to events,compensation is monetary and non ifin monetary comma and why some companies pay in the form of money comma other pay in the form of product comma ticket in assets to events full stock
yoruba,general,"Chunky Straight Back Braids on the 2021 cover of  SELF MagazineThe Vice President said, Im announcing that Ill be running for Presidency under the All Progressives Congress, APC.
"," chunky straight backbreds on the 2021 cover of self-magazine, the vice president said, I'm announcing that I'll be running for presidency under the All Progressives Congress, a PC full stop.",chunky straight back braids on the 2021 cover of self magazinethe vice president said im announcing that ill be running for presidency under the all progressives congress apc,chunky straight backbreds on the 2021 cover of self magazine the vice president said i am announcing that i will be running for presidency under the all progressives congress a pc full stop
yoruba,clinical,Pt taken to CT for head scan this without incident.," Patient taken to the city for a head scan this morning without incident, full stock.",pt taken to ct for head scan this without incident,patient taken to the city for a head scan this morning without incident full stock
yoruba,clinical,Wean from radiant warmer--maintain swaddled.," Wing from Radiant Woman, maintain sweating.",wean from radiant warmer maintain swaddled,wing from radiant woman maintain sweating
yoruba,general,"Glucose can also be converted into other compounds for growth and reproduction e.g. cellulose, nectar, fructose, amino acids and fats.
"," glucose can also be combated into other compounds for growth and reproduction, for example, cellulose, nectar, fructose, amino acids and fats for stop.",glucose can also be converted into other compounds for growth and reproduction e g cellulose nectar fructose amino acids and fats,glucose can also be combated into other compounds for growth and reproduction for example cellulose nectar fructose amino acids and fats for stop
yoruba,clinical,An intraoperative cholangiogram at the time of cholecystectomy will also document the presence or absence of bile duct stones43 Fig., An interoperative colon diagram at a time of course is said to me will also document the presence or absence of bi.stones 43-figure full-stock.,an intraoperative cholangiogram at the time of cholecystectomy will also document the presence or absence of bile duct stones 43 fig,an interoperative colon diagram at a time of course is said to me will also document the presence or absence of bi stones 43 figure full stock
yoruba,clinical,"Poisoning by other primarily systemic and hematological agents, accide. TABLET, ORAL-28 ZOVIA 1/35E-28, ETHINYL ESTRADIOL; ETHYNODIOL DIACETATE, 0.035MG;1MG. Other injury of intrinsic muscle, fascia and tendon of other finger at"," poisoning by other family systemic and mythological agents. Aside, tablet oral 28 Zovia 1 slash 35 E to 28. It's a new extra door. It's three no draw, die seated, 0.035 mg, one mg, other injury of in-strictic muzzle, face yarn, tendons,",poisoning by other primarily systemic and hematological agents accide tablet oral 28 zovia one 35 e 28 ethinyl estradiol ethynodiol diacetate 0.035 mg one mg other injury of intrinsic muscle fascia and tendon of other finger at,poisoning by other family systemic and mythological agents aside tablet oral 28 zovia one slash 35 e to 28 it is a new extra door it is 3 no draw die seated 0.035 mg one mg other injury of in strictic muzzle face yarn tendons
yoruba,general,"Leeches suck blood from the foot of a patient during a leech therapy session on a roadside in Srinagar, the summer capital of Indian Kashmir, 21 March 2017.
"," Litchi is soaked blood from the foot of a patient during a liturgy session on the roadside in Srinagar, the summer capital of Indian Kashmir, 21 March 2017.",leeches suck blood from the foot of a patient during a leech therapy session on a roadside in srinagar the summer capital of indian kashmir 21 march 2017,litchi is soaked blood from the foot of a patient during a liturgy session on the roadside in srinagar the summer capital of indian kashmir 21 march 2017
yoruba,general,"When they dont work, either a government intervention or some other institutional solution has to be put in place.
"," When they don't work, either a government intervention or some other institutional solution has to be put in place full stop.",when they dont work either a government intervention or some other institutional solution has to be put in place,when they do not work either a government intervention or some other institutional solution has to be put in place full stop
yoruba,general,"Mr and Mrs Dabira strive to provide their family in Dutse a balanced diet.
"," Mr. and Mrs. Dabira strive to provide their family in, do you say, a balanced diet.",mister and missus dabira strive to provide their family in dutse a balanced diet,mister and missus dabira strive to provide their family in do you say a balanced diet
yoruba,general,"The patient Barrah owns business in Hospital Lookarday a clothing store and a limousine business in Salaga
"," The patient borough owns business in hospital, look at the clothing store and the limousine business in Salaga.",the patient barrah owns business in hospital lookarday a clothing store and a limousine business in salaga,the patient borough owns business in hospital look at the clothing store and the limousine business in salaga
yoruba,general,"But they sort of go as far as they can, and they really stretch and grow."," but the sort of go as far as they can, comma, and they really stretch and grow full-store.",but they sort of go as far as they can and they really stretch and grow,but the sort of go as far as they can comma and they really stretch and grow full store
yoruba,general,"Times change what worked at a time will not work at all times.
", what worked at the time will not work at all time.,times change what worked at a time will not work at all times,what worked at the time will not work at all time
yoruba,clinical,Patient denies night sweats in the past month ., patient denies night sweats in the past month.,patient denies night sweats in the past month,patient denies night sweats in the past month
yoruba,clinical,episode of indigestion last nite NSICU resident called and pt given maalox w/ relief., episode of indigestion last night's NSICU residents called and patients giving malooks with relief.,episode of indigestion last nite nsicu resident called and pt given maalox w relief,episode of indigestion last night is nsicu residents called and patients giving malooks with relief
yoruba,general,"It used to be too precious and was only to be worn on special occasions, but now its about stacking, layering, mixing heritage brands with young designers and expressing your unique style, she said.
"," It is to be too precious and not only to be worn on special occasions comma, but now it's about stacking comma, layering comma, mixing heritage brands with young designers and expressing your unique style comma, she said, full stop.",it used to be too precious and was only to be worn on special occasions but now its about stacking layering mixing heritage brands with young designers and expressing your unique style she said,it is to be too precious and not only to be worn on special occasions comma but now it is about stacking comma layering comma mixing heritage brands with young designers and expressing your unique style comma she said full stop
yoruba,general,"The city has until 2021 to adopt a plan so that it can receive state funding to implement it.
"," the city asked on 2021 to adopt the plan so that it can receive state funding to implement it, push top.",the city has until 2021 to adopt a plan so that it can receive state funding to implement it,the city asked on 2021 to adopt the plan so that it can receive state funding to implement it push top
yoruba,general,"The roadrunner is an opportunistic omnivore.
"," The world is an opportunistic omnivore, full stop.",the roadrunner is an opportunistic omnivore,the world is an opportunistic omnivore full stop
yoruba,general,"CLAIM and counter claim continues to be levelled by farmers concerning a controversial annual general meeting of Clare Beef Plan, which was held in the Auburn Lodge Hotel last January.
"," Claim and counterclaim continues to be levelled by farmers concerning a controversial and original meeting of Claire Beef Plan, command which was held in the urban large hotel last January, full stop.",claim and counter claim continues to be leveled by farmers concerning a controversial annual general meeting of clare beef plan which was held in the auburn lodge hotel last january,claim and counterclaim continues to be leveled by farmers concerning a controversial and original meeting of claire beef plan command which was held in the urban large hotel last january full stop
yoruba,clinical,261-280 mg / dL 17 Units, 261 to 280 milligram per dL 17 units,261 280 mg dl 17 units,261 to 280 milligram per dl 17 units
yoruba,general,"Some of them thought Twitter was fine the way it was being run, and did not need some billionaire-saviour to come salvage it from destruction.
"," Some of them thought Twitter was fine the way it was being run, comma, and did not need some bilinear hyphen save you to come survey it from destruction to stop.",some of them thought twitter was fine the way it was being run and did not need some billionaire savior to come salvage it from destruction,some of them thought twitter was fine the way it was being run comma and did not need some bilinear hyphen save you to come survey it from destruction to stop
yoruba,general,"When His Lordship, the Bishop, spoke about some of my travails, he didnt remember to say that I was kidnapped in the year 2000 at Onu Asata in Enugu metropolis and was taken to Anambra State.
"," When his lordship, Coma, the bishop, Coma, spoke about some of my travels, Coma, he didn't remember to say that I was kidnapped in the year 2000 at Ono Asata in Enugu Metropolis and was taken to Anambra State, full stop.",when his lordship the bishop spoke about some of my travails he didnt remember to say that i was kidnapped in the year 2000 at onu asata in enugu metropolis and was taken to anambra state,when his lordship coma the bishop coma spoke about some of my travels coma he did not remember to say that i was kidnapped in the year 2000 at ono asata in enugu metropolis and was taken to anambra state full stop
yoruba,clinical,"Even if there is no airway obstruction on presentation, it may develop after you operate and drain the pus."," Even if there is no airway obstruction on presentation comma, it may develop air, you operate and drain the bus for stop.",even if there is no airway obstruction on presentation it may develop after you operate and drain the pus,even if there is no airway obstruction on presentation comma it may develop air you operate and drain the bus for stop
yoruba,general,"Well, we will get the full gist tomorrow.
"," Well, come on, we will get the food just tomorrow, full stop.",well we will get the full gist tomorrow,well come on we will get the food just tomorrow full stop
yoruba,clinical,Arthroscopic treatment of cam-type femoroacetabular impingement: preliminary report at 2 years minimum follow-up., Atheroscopic treatment of CAM-ifin-type femoral acitabular impregnament semicolon preliminary reports at two years minimum follow ifin-up full stop.,arthroscopic treatment of cam type femoroacetabular impingement preliminary report at 2 years minimum follow up,atheroscopic treatment of cam ifin type femoral acitabular impregnament semicolon preliminary reports at 2 years minimum follow ifin up full stop
yoruba,clinical,No fracture and normal alignment of the cervical spine., No fracture and normal alignment of the cervical spine.,no fracture and normal alignment of the cervical spine,no fracture and normal alignment of the cervical spine
yoruba,clinical,"TABLET, ORAL BACLOFEN, BACLOFEN, 10MG"," tablet or a baklufen, baklufen 10 milligram.",tablet oral baclofen baclofen 10 mg,tablet or a baklufen baklufen 10 milligram
yoruba,clinical,Cone beam CT CBCT can restrict the radiation dose and give very clear local information as regards integrity of surrounding bone.," cone beam city, CB city can restrict the radiation dose and give very clear local information as regards integrity of surrounding bones.",cone beam ct cbct can restrict the radiation dose and give very clear local information as regards integrity of surrounding bone,cone beam city cb city can restrict the radiation dose and give very clear local information as regards integrity of surrounding bones
yoruba,general,"The football teams have played against each other almost every year since 1878.
", The football teams have played against each other almost every year since 1878 full stop.,the football teams have played against each other almost every year since 1878,the football teams have played against each other almost every year since 1878 full stop
yoruba,general,"Esther laughed while promising to do so.
"," I start left, why permission to do so?",esther laughed while promising to do so,i start left why permission to do so
yoruba,general,"Margif, in his acceptance speech after being declared winner, said he is convinced that he will be the next Governor of Plateau State after Lalong, saying the party will work together to ensure the success of the election come 2023.", The,margif in his acceptance speech after being declared winner said he is convinced that he will be the next governor of plateau state after lalong saying the party will work together to ensure the success of the election come 2023,the
yoruba,general,Patient Ebiaga Bamiro chief complaint started 5 days ago and lasted for five hours," patient Ibiaba, Bamiro Chief Complaint started five days ago and lasted for five hours.",patient ebiaga bamiro chief complaint started 5 days ago and lasted for 5 hours,patient ibiaba bamiro chief complaint started 5 days ago and lasted for 5 hours
yoruba,general,"Lassa fever, syphilis, gonorrhea, diarrhoea and COVID-19 are endemic diseases - Dr. Jabeka Phillip in his Makindu interview
", Dr. Rebecca Villip in his McEndrew interview.,lassa fever syphilis gonorrhea diarrhea and covid 19 are endemic diseases doctor jabeka phillip in his makindu interview,doctor rebecca villip in his mcendrew interview
yoruba,general,"While performing Yope song, the newly crowned 2019 African Player of the Year Sadio Mane could not help but joined Diamond on the dance floor a situation which highly sparked the entire occasion.
"," While performing Yupsong, the newly crowned 2019 Africa Player of the Year Sadio Mane could not help but join the diamond on the stance floor, a situation which highly sparked the internal occasion for stop.",while performing yope song the newly crowned 2019 african player of the year sadio mane could not help but joined diamond on the dance floor a situation which highly sparked the entire occasion,while performing yupsong the newly crowned 2019 africa player of the year sadio mane could not help but join the diamond on the stance floor a situation which highly sparked the internal occasion for stop
yoruba,clinical,"24,  The implementation of the Comprehensive Unit-Based Safety Program CUSP,  involves measurement of a units safety culture prior, to starting the program, and inclusion of hospital management from the start."," for the implementation of the comprehensive and the CST program to both measurement of the CST culture, prior to starting the program on inclusion of the human rights and stuff.",24 the implementation of the comprehensive unit based safety program cusp involves measurement of a units safety culture prior to starting the program and inclusion of hospital management from the start,for the implementation of the comprehensive and the cst program to both measurement of the cst culture prior to starting the program on inclusion of the human rights and stuff
yoruba,general,"In a short span of his acting career, he became a most popular actor worldwide.
"," In the short span of his acting career, he became a most popular actor worldwide, full stop.",in a short span of his acting career he became a most popular actor worldwide,in the short span of his acting career he became a most popular actor worldwide full stop
yoruba,general,19th - century accounts, 19th Iphone Century accounts.,19th century accounts,19th iphone century accounts
yoruba,general,"Mr Macaroni tweeted, Just reading that St Francis Church in Ondo State has been attacked Multiple people have been killed Im not even sure of the numbers.
"," Mr. McCleary tweeted, I just read it and said Francis Trotting on the street has been attacked. Multiple people have been killed, not even sure of the numbers.",mister macaroni tweeted just reading that saint francis church in ondo state has been attacked multiple people have been killed im not even sure of the numbers,mister mccleary tweeted i just read it and said francis trotting on the street has been attacked multiple people have been killed not even sure of the numbers
yoruba,clinical,C.diff contact precautions now in place., C. Different contact precautions now in place.,c diff contact precautions now in place,c different contact precautions now in place
yoruba,general,"K12 had a net margin of 4.06 and a return on equity of 6.92.
", net of 4.0 and a return on equity of 6.92 full stock.,k 12 had a net margin of 4.06 and a return on equity of 6.92,net of 4 and a return on equity of 6.92 full stock
yoruba,clinical,Font sl full but soft.," front panel SL Full, but soft.",font sl full but soft,front panel sl full but soft
yoruba,clinical,"Stiffness of right wrist, not elsewhere classified. CAPSULE, ORAL CLOXACILLIN SODIUM, CLOXACILLIN SODIUM, EQ 250MG BASE. Other osteoporosis with current pathological fracture, left lower leg,"," Stiffness of right wrist, not elsewhere classified. Capsule, oral cloaks are saline sodium, cloaks are saline sodium, equivalent of 250 milligrams base. Other osteoporosis with current pathological fracture, left lower leg.",stiffness of right wrist not elsewhere classified capsule oral cloxacillin sodium cloxacillin sodium eq 250 mg base other osteoporosis with current pathological fracture left lower leg,stiffness of right wrist not elsewhere classified capsule oral cloaks are saline sodium cloaks are saline sodium equivalent of 250 milligrams base other osteoporosis with current pathological fracture left lower leg
yoruba,clinical,NEUROLOGICAL: Slightly hypotonic with decreased spontaneous movements., Neurological colon slightly hypotonic with decreased spontaneous movements.,neurological slightly hypotonic with decreased spontaneous movements,neurological colon slightly hypotonic with decreased spontaneous movements
yoruba,clinical,"Parastomal hernia with obstruction, without gangrene. INJECTABLE, INJECTION TOBRAMYCIN SULFATE IN SODIUM CHLORIDE 0.9% IN PLASTIC CONTAINER, TOBRAMYCIN SULFATE, EQ 80MG BASE/100ML. Other fractures of lower end of right radius, subsequent encounter for"," Parastomal Hennel with obstruction without gangrene. Injectable injection tobramycin sulfates in sodium chloride 0.9% in plastic container. Tobramycin sulfates equivalent 80 mg base per 100 ml. Other fractures of lower end of right radius, subsequent encounter 4.",parastomal hernia with obstruction without gangrene injectable injection tobramycin sulfate in sodium chloride 0.9% in plastic container tobramycin sulfate eq 80 mg base 100 ml other fractures of lower end of right radius subsequent encounter for,parastomal hennel with obstruction without gangrene injectable injection tobramycin sulfates in sodium chloride 0.9% in plastic container tobramycin sulfates equivalent 80 mg base per 100 ml other fractures of lower end of right radius subsequent encounter 4
yoruba,general,"Harrison paid a high financial, emotional and professional cost after going public but says she has since managed to rebuild her life, both personally and professionally.", Aris impede I find I share a comma emotional and professional cost after going public for since she has since managed to rebuild a life comma was personally and professionally through stop,harrison paid a high financial emotional and professional cost after going public but says she has since managed to rebuild her life both personally and professionally,aris impede i find i share a comma emotional and professional cost after going public for since she has since managed to rebuild a life comma was personally and professionally through stop
yoruba,general,Summer training courses  2012, summer training course system 2012.,summer training courses 2012,summer training course system 2012
yoruba,clinical,"This definition allows for a diagnosis of abnormal labor and, thus, for appropriate management, as discussed in the next chapter."," This denition allows for a diagnosis of abnormal lipo and comma, thoughts, comma for appropriate management comma as discussed in the next chapter.",this definition allows for a diagnosis of abnormal labor and thus for appropriate management as discussed in the next chapter,this denition allows for a diagnosis of abnormal lipo and comma thoughts comma for appropriate management comma as discussed in the next chapter
yoruba,clinical,"Custom-designed medications such as Alvogyl, which contains a topical anaesthetic, and iodoform and eugenol may also be used to treat dry socket."," Custom I-FIN designed medications such as EVO, GEO, COMA, which contains a topical anaesthetic, COMA, and iodopharm, and HYUJU-NO may also be used to treat dry socket, full stop.",custom designed medications such as alvogyl which contains a topical anesthetic and iodoform and eugenol may also be used to treat dry socket,custom i fin designed medications such as evo geo coma which contains a topical anesthetic coma and iodopharm and hyuju no may also be used to treat dry socket full stop
yoruba,general,"The Ledge will sit roughly 5,000 people, with a few VIP seating areas, and draw about 15-20 national acts every year.
"," The ledge will sit roughly 5,000 people, with a few VIP seating areas, and draw about 15-20 national acts every year.",the ledge will sit roughly 5000 people with a few vip seating areas and draw about 15 20 national acts every year,the ledge will sit roughly 5000 people with a few vip seating areas and draw about 15 20 national acts every year
yoruba,clinical,"However, failure to obtain adequate control of these vessels may result in their retraction into the abdomen and result in uncontrollable hemorrhage."," However, common failure to obtain adequate control of these vessels may result in their retraction into the abdomen and result in in-control label emerald full stock.",however failure to obtain adequate control of these vessels may result in their retraction into the abdomen and result in uncontrollable hemorrhage,however common failure to obtain adequate control of these vessels may result in their retraction into the abdomen and result in in control label emerald full stock
yoruba,general,"When bandits strike and hold people hostage, their pockets get fatter.
", When bandit strike and old people hostage their pockets get fatter,when bandits strike and hold people hostage their pockets get fatter,when bandit strike and old people hostage their pockets get fatter
yoruba,general,"Many developing countries were experiencing significant trade finance gaps even before the COVID-19 crisis they face even tighter access to trade credit.
", Many developing countries are experiencing significant trade finance gaps even before the COVID-19 crisis. They face even tighter access to trade credits full stop.,many developing countries were experiencing significant trade finance gaps even before the covid 19 crisis they face even tighter access to trade credit,many developing countries are experiencing significant trade finance gaps even before the covid 19 crisis they face even tighter access to trade credits full stop
yoruba,general,"Check out the highlights below:
", Check out the ad like below.,check out the highlights below,check out the ad like below
yoruba,general,"In older times, songwriters were the newscasters of their village, relaying the important events of the times in melodic phrases and moral tones.
"," In Holder Times, some writers were the new casters of their village, relaying the important events of the times in melodic phrases and moral tones.",in older times songwriters were the newscasters of their village relaying the important events of the times in melodic phrases and moral tones,in holder times some writers were the new casters of their village relaying the important events of the times in melodic phrases and moral tones
yoruba,general,"All lyrics written by Residente , all music composed by Visitante . Adapted from Allmusic .
"," All the lyrics written by resident Epochoma, all music composed by his tenter full stop, adapted from all music full stop.",all lyrics written by residente all music composed by visitante adapted from allmusic,all the lyrics written by resident epochoma all music composed by his tenter full stop adapted from all music full stop
yoruba,general,"Patient Landah Doyeh chief complaint started 5 days ago and lasted for five hours
"," Patients, Lada Dhoian, chief complaints started 5 days ago and lasted for 5 hours.",patient landah doyeh chief complaint started 5 days ago and lasted for 5 hours,patients lada dhoian chief complaints started 5 days ago and lasted for 5 hours
yoruba,general,"Chappell is the leading advocate for greater formal recognition of the first Australian sporting team to travel overseas , the Australian Aboriginal cricket team in England in 1868 .
"," Chapelle is the leading advocate for greater formal recognition of the first Australian sporting team to travel overseas, comma, the Australian Aboriginal cricket team in England in 1868, Full Stop.",chappell is the leading advocate for greater formal recognition of the 1st australian sporting team to travel overseas the australian aboriginal cricket team in england in 1868,chapelle is the leading advocate for greater formal recognition of the 1st australian sporting team to travel overseas comma the australian aboriginal cricket team in england in 1868 full stop
yoruba,clinical,0-cm margins.," 0-cm margins, full stop",0 cm margins,0 cm margins full stop
yoruba,general,"Spacesuits have their own heating and cooling systems and a radio communication system.
", Space suits have their own heat-synom cooling systems and the radio communication system forced to.,spacesuits have their own heating and cooling systems and a radio communication system,space suits have their own heat synom cooling systems and the radio communication system forced to
yoruba,general,"And we had seen examples overseas, where the virus appeared to have been conquered, only to return.
"," And we had seen examples overseas, comma, where the virus appeared to have been conquered, comma, only to return, fusto.",and we had seen examples overseas where the virus appeared to have been conquered only to return,and we had seen examples overseas comma where the virus appeared to have been conquered comma only to return fusto
yoruba,general,Track listing adapted from AllMusic ., track listing adapted from all music. Full stop.,track listing adapted from allmusic,track listing adapted from all music full stop
yoruba,clinical,"At Erich Lindemann Mental Health Center she was discovered to have ARF, a large pericardial effusion, and bilateral pleural effusions ."," At Eric Leenderman Mental Health Center, she was discovered to have acute renal failure, enlarged pericardial effusion, and bilateral pleural effusions.",at erich lindemann mental health center she was discovered to have arf a large pericardial effusion and bilateral pleural effusions,at eric leenderman mental health center she was discovered to have acute renal failure enlarged pericardial effusion and bilateral pleural effusions
yoruba,clinical,Stitches should be removed on the seventh to the tenth day., This should be removed on the 7th to the 10th day.,stitches should be removed on the 7th to the 10th day,this should be removed on the 7th to the 10th day
yoruba,clinical,It also seems that multiple-family groups are more efficacious than single-family sessions., It also seems that multiple family groups are more efficacious than single family sessions will stop.,it also seems that multiple family groups are more efficacious than single family sessions,it also seems that multiple family groups are more efficacious than single family sessions will stop
yoruba,clinical,Treatment with certain chemotherapy agents and radiation therapy increases the rate of second malignancies., Treatment with certain chemotherapy agents and radiation therapy increases the rate of second malignancies for stuff.,treatment with certain chemotherapy agents and radiation therapy increases the rate of 2nd malignancies,treatment with certain chemotherapy agents and radiation therapy increases the rate of 2nd malignancies for stuff
yoruba,clinical,"3 with EBRT, a 2 increased recurrence risk."," with ebhz, it will increase recurrence risk for stuff.",3 with ebrt a 2 increased recurrence risk,with ebhz it will increase recurrence risk for stuff
yoruba,general,"What is important is that Nigerians should know that the police management is up and doing and it has done what it is supposed to do.
", What is important is that Nigerians should know that the police management is off and doing and it has done what it is supposed to do.,what is important is that nigerians should know that the police management is up and doing and it has done what it is supposed to do,what is important is that nigerians should know that the police management is off and doing and it has done what it is supposed to do
yoruba,general,"In response, Grandefex told him, You will simply not receive your money.
"," In response command, Grandifex told him, you will simply not receive your money.",in response grandefex told him you will simply not receive your money,in response command grandifex told him you will simply not receive your money
yoruba,general,"Rant to the same retirement home that doesnt let workers aka heroes in the front door, instead making them trek to the loading dock so no one sees them.
"," Run to the same vitamins on the dozen networkers aka heroes in the front doc, instead making them track to the loading doc so no one sees them.",rant to the same retirement home that doesnt let workers aka heroes in the front door instead making them trek to the loading dock so no one sees them,run to the same vitamins on the dozen networkers aka heroes in the front doc instead making them track to the loading doc so no one sees them
yoruba,clinical,PT CONT TO REQUIRE NEO UNABLE TO WEAN OFF., to require NEO unable to wind up.,pt cont to require neo unable to wean off,to require neo unable to wind up
yoruba,general,"Delta Correctional centres free 34 inmates
", Delta Correctional Centre 3.34 in Mids,delta correctional centers free 34 inmates,delta correctional center 3.34 in mids
yoruba,clinical,"In younger women, the breast consists predominantly of glandular tissue.", younger women the births called this the monarchy of,in younger women the breast consists predominantly of glandular tissue,younger women the births called this the monarchy of
yoruba,clinical,The walls of the endocervical canal contain numerous folds and plicae.," the walls of the endosubar canaphe contents, mineral salts and plated materials.",the walls of the endocervical canal contain numerous folds and plicae,the walls of the endosubar canaphe contents mineral salts and plated materials
yoruba,clinical,IMPRESSION: No left ventricular thrombus., No left ventricular trombones.,impression no left ventricular thrombus,no left ventricular trombones
yoruba,general,"The study did focus on a very, very, very specific group: male firefighters in their 30s and 40s and from Indiana who went to a particular clinic.
"," This study did focus on a very, very, very specific group colon. Male firefighters in their 30s and 40s and from Indiana went to a particular full stop.",the study did focus on a very very very specific group male firefighters in their 30s and 40s and from indiana who went to a particular clinic,this study did focus on a very very very specific group colon male firefighters in their 30s and 40s and from indiana went to a particular full stop
yoruba,general,"For some tenants, she said, Marshall House represented the longest period of stable housing they had ever had.
"," For some tenants, as she said, Koma Mashaw House represented the longest period of stable housing they have ever had, full stop.",for some tenants she said marshall house represented the longest period of stable housing they had ever had,for some tenants as she said koma mashaw house represented the longest period of stable housing they have ever had full stop
yoruba,general,"The eight names that have so far emerged included a leading critic of the APC federal administration.
"," The eight names that have so far emerged included a leading critic of the APC Federal Administration, full stop.",the 8 names that have so far emerged included a leading critic of the apc federal administration,the 8 names that have so far emerged included a leading critic of the apc federal administration full stop
yoruba,general,"Youve got to go back and get a great Wednesday practice in, youve got to get a great Thursday practice in if you can get it or whatever the case may be, come out and practice Friday and try to re-duplicate what we just did.
"," You've got to go back and get a grade when it's the practice in, comma. You've got to go get a grade towards the practice in if you can get it, or whatever the case may be, comma. Come out and practice Friday, and try to read, I think, duplicate what we just did. Fus stop.",youve got to go back and get a great wednesday practice in youve got to get a great thursday practice in if you can get it or whatever the case may be come out and practice friday and try to re duplicate what we just did,you have got to go back and get a grade when it is the practice in comma you have got to go get a grade towards the practice in if you can get it or whatever the case may be comma come out and practice friday and try to read i think duplicate what we just did fus stop
yoruba,clinical,12/07/2025 7: 28 AM, 12 slash 07 slash 2025 728 AM,12 7 2025 7 28 am,12 slash 7 slash 2025 728 am
yoruba,general,"Sanchez and Angle were like brothers sharing countless memories together.
", Sanke and Hangu were like brothers sharing countless memories together.,sanchez and angle were like brothers sharing countless memories together,sanke and hangu were like brothers sharing countless memories together
yoruba,general,"Angel says why not? Adding that Sammie likes her.
", in your system.,angel says why not adding that sammie likes her,in your system
yoruba,general,"In 2022, the use of artemisinin, dihydroartemisinin, artemether, artesunate Antimalarials were prohibited in Lagos and Abuja by Ugelo Ifalade the current NAFDAC DG
"," In 2022, the use of the hydra-atemisynine, atometra, and the sunnet antimalarias were prohibited in Lagos and Abudja by Udelu if holiday the current Navdak DG.",in 2022 the use of artemisinin dihydroartemisinin artemether artesunate antimalarials were prohibited in lagos and abuja by ugelo ifalade the current nafdac dg,in 2022 the use of the hydra atemisynine atometra and the sunnet antimalarias were prohibited in lagos and abudja by udelu if holiday the current navdak dg
yoruba,general,"While child infection rates have increased, the data show that most children do not get critically ill with the disease.
"," High child infection rates have increased, the data showed that most children do not get critically ill with the disease.",while child infection rates have increased the data show that most children do not get critically ill with the disease,high child infection rates have increased the data showed that most children do not get critically ill with the disease
yoruba,general,"The family history of Nwadiogwa disease was important for Udodi who is a doctor at Birnin Kebbi university but lives in Jalingo with his wife Nwabugo
"," The family issue of hua diogua disease was important for Udoji, who is a doctor at Benin Kebbi University, but lives in Jalingo, with his wife, Unwabugo.",the family history of nwadiogwa disease was important for udodi who is a doctor at birnin kebbi university but lives in jalingo with his wife nwabugo,the family issue of hua diogua disease was important for udoji who is a doctor at benin kebbi university but lives in jalingo with his wife unwabugo
yoruba,clinical,Pt Matarah 10 out of arm and infiltrated.," patience, Matara, turn out of arm and infiltrate it.",pt matarah 10 out of arm and infiltrated,patience matara turn out of arm and infiltrate it
yoruba,clinical,Noted 1 small spit aspirates 1-3.2 girth 25.5-25., noted one small speed aspirate 1 to 3.2 gets 25.5 to 25 full stock,noted one small spit aspirates one 3.2 girth 25.5 25,noted one small speed aspirate one to 3.2 gets 25.5 to 25 full stock
yoruba,clinical,"Plasmapheresis is frequently used, but it is not clear what etiologic factor is being removed by the pheresis.
"," Plasma Pharisees is frequently used, comma, but it is not clear what etiologic factor is being removed by the Pharisees, full stop.",plasmapheresis is frequently used but it is not clear what etiologic factor is being removed by the pheresis,plasma pharisees is frequently used comma but it is not clear what etiologic factor is being removed by the pharisees full stop
yoruba,general,"So, a person should not be tempted beyond what he or she can bear.
"," So, comma, a person should not be tempted beyond what he or she can be. First up.",so a person should not be tempted beyond what he or she can bear,so comma a person should not be tempted beyond what he or she can be 1st up
yoruba,clinical,RECULTURING IF SPIKES >101., Recorturing if spikes greater 101.,reculturing if spikes 101,recorturing if spikes greater 101
yoruba,clinical,Compared to the prior study of estimated pulmonary artery systolic pressure is now higher and the left atrium is now larger., Compared to the prior study of estimated pulmonary atrace systolic prayer is now higher and the left atrium is now larger.,compared to the prior study of estimated pulmonary artery systolic pressure is now higher and the left atrium is now larger,compared to the prior study of estimated pulmonary atrace systolic prayer is now higher and the left atrium is now larger
yoruba,clinical,"heent - anicteric sclera, op clear with mmm", and make the sketch clear up clear with M in M,heent anicteric sclera op clear with,and make the sketch clear up clear with m in m
yoruba,clinical,Preoperative assessment may be assisted by the use of pelvic imaging techniques such as ultrasound.," Preoperative assessments may be assisted by the use of pelvic imaging techniques such as ultrasound, booster.",preoperative assessment may be assisted by the use of pelvic imaging techniques such as ultrasound,preoperative assessments may be assisted by the use of pelvic imaging techniques such as ultrasound booster
yoruba,general,"With so many out of work during the pandemic stay-at-home directive, food pantry operators say demand for food is up by 140 percent.
"," With so many out of work during the pandemic stay at home directive coma, food pantry operators say demand for food is up by 140% full stop.",with so many out of work during the pandemic stay at home directive food pantry operators say demand for food is up by 140%,with so many out of work during the pandemic stay at home directive coma food pantry operators say demand for food is up by 140% full stop
yoruba,general,"The backbone of the sport, its economic engine, is the passion fans have for it.
"," The backbone of the sport comma, its economic engine comma, is the passion fans have for it, full stop.",the backbone of the sport its economic engine is the passion fans have for it,the backbone of the sport comma its economic engine comma is the passion fans have for it full stop
yoruba,clinical,On contact precautions for gent-res Tobela., and contact precautions for gens having RUS to be left with stop.,on contact precautions for gent res tobela,and contact precautions for gens having rus to be left with stop
yoruba,general,"But this year, 63 percent were black and 37 percent were white.
"," But this year, comma, 63% were black and 37% were white, full stock.",but this year 63% were black and 37% were white,but this year comma 63% were black and 37% were white full stock
yoruba,clinical,"Unfortunately, the 5-year survival of patients with uterine sarcoma is only 50."," Unfortunately, the 5-year survival of patients with uterine sarcoma is only 50. Full stop.",unfortunately the 5 year survival of patients with uterine sarcoma is only 50,unfortunately the 5 year survival of patients with uterine sarcoma is only 50 full stop
yoruba,clinical,This is a simple and less radical procedure with less risk of damage to blood vessels and nerves of the teeth., This is a simple and less radical procedure with less risk of damage to blood vessels and neves of the teeth.,this is a simple and less radical procedure with less risk of damage to blood vessels and nerves of the teeth,this is a simple and less radical procedure with less risk of damage to blood vessels and neves of the teeth
yoruba,clinical,"These lesions occur more frequently in women, are often multiple and small, and have low malignant potential 5 metastasize."," These lesions occur more frequently in women's comas, half a multiple and small comas and half low malignant potential, 5m size, first of all.",these lesions occur more frequently in women are often multiple and small and have low malignant potential 5 metastasize,these lesions occur more frequently in women is comas half a multiple and small comas and half low malignant potential 5 m size 1st of all
yoruba,clinical,at for head tract Admitting Diagnosis: SUBDURAL HEMATOMA, for attract admitting diagnosis subdural hematoma.,at for head tract admitting diagnosis subdural hematoma,for attract admitting diagnosis subdural hematoma
yoruba,general,"They compound all this by unbridled corruption.
"," They compound all this by unbridled corruption, full stop.",they compound all this by unbridled corruption,they compound all this by unbridled corruption full stop
yoruba,clinical,Passavants Ridge or Bar This is a rounded ridge which appears on the posterior pharyngeal wall during closure of the nasopharyngeal isthmus.," As I've learned to reach all the way around it, we have a test on the first arrow, finding the true wolf.",passavants ridge or bar this is a rounded ridge which appears on the posterior pharyngeal wall during closure of the nasopharyngeal isthmus,as i have learned to reach all the way around it we have a test on the 1st arrow finding the true wolf
yoruba,general,"A former Central Bank of Nigerias Deputy Governor, Kingsley Moghalu, has expressed disappointment over the outcome of the African Democratic Congress presidential election.
", the,a former central bank of nigerias deputy governor kingsley moghalu has expressed disappointment over the outcome of the african democratic congress presidential election,the
yoruba,clinical,His mother called prior to his father arrival.," His mother called prayer to his father, Aurelio Bon.",his mother called prior to his father arrival,his mother called prayer to his father aurelio bon
yoruba,general,"Among the executive branch authorities is the International Emergency Economic Powers Act IEEPA, which some of the Presidents more hawkish advisers hope he will use not only to ban TikTok, but also WeChat and other China-based apps.
"," Among the executive branch authorities is the International Emergency Economic Power, AXIEPA, which some of the president's small-okish advisors hope it will use not only to ban TikTok, but also WeChat and other China-Iphone-based apps, full-stop.",among the executive branch authorities is the international emergency economic powers act ieepa which some of the presidents more hawkish advisers hope he will use not only to ban tiktok but also wechat and other china based apps,among the executive branch authorities is the international emergency economic power axiepa which some of the president is small okish advisors hope it will use not only to ban tiktok but also wechat and other china iphone based apps full stop
yoruba,general,"I have a 67 yr old man, Omolara Fundudiyegha who presented with dizziness and chest pain
"," I have a 67-year-old man, Omalora Fundudi, who presented with Dismiss and Chest Pain.",i have a 67 yr old man omolara fundudiyegha who presented with dizziness and chest pain,i have a 67 year old man omalora fundudi who presented with dismiss and chest pain
yoruba,general,"If the hints APC chairman Adamu Abdullahi dropped on May 26 that the field of contest will be open to all contestants, you can expect the ticket to go to the highest bidder.
"," If the heat all progressive congress chairman Adam Adelaide dropped on May 20 that the feat of contests will be open to all contestants, however you can expect it to go higher, higher, greater, full stop.",if the hints apc chairman adamu abdullahi dropped on may 26 that the field of contest will be open to all contestants you can expect the ticket to go to the highest bidder,if the heat all progressive congress chairman adam adelaide dropped on may 20 that the feat of contests will be open to all contestants however you can expect it to go higher higher greater full stop
yoruba,general,Lessons of hajj, Let's just sort hard.,lessons of hajj,let us just sort hard
yoruba,clinical,MORPHINE IV IF PT'S CONDITION DETERIORATES.," Muffin IV, if patients condition the terrorists.",morphine iv if pt is condition deteriorates,muffin iv if patients condition the terrorists
yoruba,clinical,Ileorectal anastomoses commonly make use of this configuration.," in the erector and astromoses, commonly make use of this configuration, full stop.",ileorectal anastomoses commonly make use of this configuration,in the erector and astromoses commonly make use of this configuration full stop
yoruba,clinical,Patients with poor medical control or significant drug side effects may benefit significantly from placement of bilateral deep brain stimulators in the subthalamic nuclei.," Patients with poor medical control or significant drug side effects may benefit significantly from placement of bilateral deep brain simulators in the subthalamic nuclei,",patients with poor medical control or significant drug side effects may benefit significantly from placement of bilateral deep brain stimulators in the subthalamic nuclei,patients with poor medical control or significant drug side effects may benefit significantly from placement of bilateral deep brain simulators in the subthalamic nuclei
yoruba,general,"But the Nigerian government is confused and careless.
", But the Nigerian government is confused and careless.,but the nigerian government is confused and careless,but the nigerian government is confused and careless
yoruba,general,"Jigawa PDP governorship candidate picks party chair as running mate
", Jigawa PDP governorship candidate picks Patechi as running mate.,jigawa pdp governorship candidate picks party chair as running mate,jigawa pdp governorship candidate picks patechi as running mate
yoruba,general,"Less cash flow means less jobs and investment.
", less cash flow means less jobs and investment full stop,less cash flow means less jobs and investment,less cash flow means less jobs and investment full stop
yoruba,clinical,"Source: Adapted from Martin515T HE BREAST  17cell-cycle control, and DNA damage repair pathways."," But other telecoms, 5.5G, it spreads 17-cell control and generally damage repair passes.",source adapted from martin 515 t he breast 17 cell cycle control and dna damage repair pathways,but other telecoms 5.5 g it spreads 17 cell control and generally damage repair passes
yoruba,general,"Powering up Redmi 10A is a MediaTek Helio G25 processor, with an octa-core CPU up to 2.0GHz.
"," Parin of Redmi 10a is a MediaTek Helio G25 processor, with an octa core CPU up to 2.0 GHz.",powering up redmi 10 a is a mediatek helio g 25 processor with an octa core cpu up to 2 ghz,parin of redmi 10 a is a mediatek helio g 25 processor with an octa core cpu up to 2 ghz
yoruba,general,"This average of poll numbers created by Real Clear Politics includes Fox News, showing Biden with a 10 point advantage.
"," This average of poor numbers created by real-glare politics include Fox News, Shem Bidin with a 10-point advantage for stock.",this average of poll numbers created by real clear politics includes fox news showing biden with a 10 point advantage,this average of poor numbers created by real glare politics include fox news shem bidin with a 10 point advantage for stock
yoruba,clinical,SEE CAREVUE FOR SPECIFIC AMOUNTS.," Si que vu, for specific amounts.",see carevue for specific amounts,si que vu for specific amounts
yoruba,clinical,"Nutrition is provided, usually through the parenteral route initially."," Nutrition is provided, common, usually through the parenteral route initially, full stop.",nutrition is provided usually through the parenteral route initially,nutrition is provided common usually through the parenteral route initially full stop
yoruba,clinical,lt arm-redness and edema persist no drug., its arm readiness and edema persists no diagnosis related group.,lieutenant arm redness and edema persist no drug,its arm readiness and edema persists no diagnosis related group
yoruba,clinical,5. Prednisone, pregnant this soon.,5 prednisone,pregnant this soon
yoruba,general,"In the same Vision From God where He told the owners to fire a bunch of their staff, He also said they should keep stores open.
"," In the same vision from God, where he told the owners to fire a bunch of their staff, he also said they should keep stores open, full stop.",in the same vision from god where he told the owners to fire a bunch of their staff he also said they should keep stores open,in the same vision from god where he told the owners to fire a bunch of their staff he also said they should keep stores open full stop
yoruba,general,"Abiri Ekeoma Other Antimalarial drugs include pyrimethamine, proguanil, chlorproguanil, and trimethoprim
"," Abiri ekyoma, Odantimalluria drugs include pyrimetanin, proguanil, chloroproguanil and trimetroprine.",abiri ekeoma other antimalarial drugs include pyrimethamine proguanil chlorproguanil and trimethoprim,abiri ekyoma odantimalluria drugs include pyrimetanin proguanil chloroproguanil and trimetroprine
yoruba,general,"Thats something thats proven true at Loggers Trail.
"," That's something that's proven true at Logas Trail, for stop.",thats something thats proven true at loggers trail,that is something that is proven true at logas trail for stop
yoruba,general,"Nearly 44 percent respondents said Labour does not take Islamophobia seriously, while 55 percent did not trust the party to tackle anti-Muslim sentiment."," nearly 44 percent respondents said Labour does not take Islamophobia seriously, while 55 percent did not trust the party to tackle anti-iPhone Muslim statements.",nearly 44% respondents said labor does not take islamophobia seriously while 55% did not trust the party to tackle anti muslim sentiment,nearly 44% respondents said labor does not take islamophobia seriously while 55% did not trust the party to tackle anti iphone muslim statements
yoruba,clinical,RR decreased from 30's to 20's with treatment and patient looked more comfortable.," respiratory decreased from 30s to 20s, which treatment and patients looked more comfortable.",rr decreased from 30 is to 20 is with treatment and patient looked more comfortable,respiratory decreased from 30s to 20s which treatment and patients looked more comfortable
igbo,clinical,To grant such a patent license to a party means to make such an agreement or commitment not to enforce a patent against the party.," To grant such a patent license to a party means to make such an agreement or commitment not to enforce a patent against the party, full stop.",to grant such a patent license to a party means to make such an agreement or commitment not to enforce a patent against the party,to grant such a patent license to a party means to make such an agreement or commitment not to enforce a patent against the party full stop
igbo,general,"He stated, Some were discriminated against while others were completely disenfranchised and their teeming supporters, who were amongst the delegates, could not cast their votes while the exercise lasted.
"," The stated Coma, some were discriminated against while others were completely disenfranchised and their teaming supporters Coma, who were amongst the delegates Coma could not cast their votes while the SSI's last two stops.",he stated some were discriminated against while others were completely disenfranchised and their teeming supporters who were amongst the delegates could not cast their votes while the exercise lasted,the stated coma some were discriminated against while others were completely disenfranchised and their teaming supporters coma who were amongst the delegates coma could not cast their votes while the ssi is last 2 stops
igbo,general,"Tuesday 28 April, 1998 next line. Neuro: Pt Daramola Achike 08 February, 2003
"," Tuesday 28 April 1998, next line, full stop.",tuesday 28 april 1998 next line neuro pt daramola achike 8 february 2003,tuesday 28 april 1998 next line full stop
igbo,clinical,"Nursing care provided for the patient before, during, and after surgery is called perioperative nursing."," Nursing care provided for the patient before, during, and after surgery is called perioperative snowsuit.",nursing care provided for the patient before during and after surgery is called perioperative nursing,nursing care provided for the patient before during and after surgery is called perioperative snowsuit
igbo,general,"This morning Chimereya came to Chinoye hospital in Ibadan to see Dr Hussaina
"," This morning, I came to Ibala in Ibala to see Dr. Utena.",this morning chimereya came to chinoye hospital in ibadan to see doctor hussaina,this morning i came to ibala in ibala to see doctor utena
igbo,general,"In the next five years, Nigeria can attain self-sufficiency in milk production.
"," In the next five years, Nigeria can attend self-sufficiency in milk production full-stock.",in the next 5 years nigeria can attain self sufficiency in milk production,in the next 5 years nigeria can attend self sufficiency in milk production full stock
igbo,clinical,Action: Pt had HD yesterday with Response: Plan: Pt has been called out and is waiting for a bed on the Nwabuisi., Action. Patient had hit the yesterday with response. Plan. Patient has been called out and is waiting for a bed on the web we see.,action pt had hd yesterday with response plan pt has been called out and is waiting for a bed on the nwabuisi,action patient had hit the yesterday with response plan patient has been called out and is waiting for a bed on the web we see
igbo,clinical,Propanolol 20 mg tid, for Panolol 20 mg TID.,propanolol 20 mg tid,for panolol 20 mg tid
igbo,clinical,"If the child survives, he or she should be monitored for the later appearance of colonic polyps"," If the child survives, he or she should be monitored for the later appearance of colonic politics.",if the child survives he or she should be monitored for the later appearance of colonic polyps,if the child survives he or she should be monitored for the later appearance of colonic politics
igbo,clinical,GI: ABDOMEN SOFT NON-TENDER APPETITE FAIR BUT IMPROVING NO STOOL, GI abdomen soft non-tender appetite fair but improving no stool,gi abdomen soft non tender appetite fair but improving no stool,gi abdomen soft non tender appetite fair but improving no stool
igbo,clinical,I agree with the above assessment written by Egboe Nomer., I agree with the above assessment written by Emonoma.,i agree with the above assessment written by egboe nomer,i agree with the above assessment written by emonoma
igbo,clinical,"Traumatic rupture of other ligament of other finger at metacarpophalan. TABLET, ORAL AMITRIPTYLINE HYDROCHLORIDE, AMITRIPTYLINE HYDROCHLORIDE, 50MG. Spastic entropion of left lower eyelid", Traumatic rupture of other ligament of other finger at metocouple for langer. Tablet aura amygyptiline hydrochloride amygyptiline hydrochloride 50 milligram. Spastic entropion of left lower eyelid.,traumatic rupture of other ligament of other finger at metacarpophalan tablet oral amitriptyline hydrochloride amitriptyline hydrochloride 50 mg spastic entropion of left lower eyelid,traumatic rupture of other ligament of other finger at metocouple for langer tablet aura amygyptiline hydrochloride amygyptiline hydrochloride 50 milligram spastic entropion of left lower eyelid
igbo,clinical,Weigh yourself every morning call your primary care doctor or your cardiologist if your weight goes up more than 3 lbs., Weigh yourself every morning. Call your primary care doctor or your cardiologist if your weight goes up more than 3 pounds.,weigh yourself every morning call your primary care doctor or your cardiologist if your weight goes up more than 3 lbs,weigh yourself every morning call your primary care doctor or your cardiologist if your weight goes up more than £3
igbo,clinical,CTA was performed and was negative for PE but revealed bilateral upper lobe consolidations.," CTA was performed and was negative for PE, but revealed bilateral or parallel consolidations.",cta was performed and was negative for pe but revealed bilateral upper lobe consolidations,cta was performed and was negative for pe but revealed bilateral or parallel consolidations
igbo,general,"She sees the little girl again as well as two Silence.
"," She sees the little girl again as well as two silenced, who stopped.",she sees the little girl again as well as 2 silence,she sees the little girl again as well as 2 silenced who stopped
igbo,general,"The game changer is to transform the economy into a vibrant, technology-led productive one with the private sector taking the lead.
"," The game changer is to transform the economy into a vibrant, comar technology-led, productive one with the private sector taking the lead full stop.",the game changer is to transform the economy into a vibrant technology led productive one with the private sector taking the lead,the game changer is to transform the economy into a vibrant comar technology led productive one with the private sector taking the lead full stop
igbo,general,The mystery around the childs eczema patches was solved on a hot Sunday afternoon when some of the neighbors and I indulged in small compound gossip. The mother of the child openly admitted to being on a mission to lighten her childs skin tone., The mystery around the child's eczema practice was solved on a hot Sunday afternoon when some of the neighbors and I indulged in small compangosi fusto. The mother of the child openly admitted to bring on a mission to lighten her child's skin tone fusto.,the mystery around the childs eczema patches was solved on a hot sunday afternoon when some of the neighbors and i indulged in small compound gossip the mother of the child openly admitted to being on a mission to lighten her childs skin tone,the mystery around the child is eczema practice was solved on a hot sunday afternoon when some of the neighbors and i indulged in small compangosi fusto the mother of the child openly admitted to bring on a mission to lighten her child is skin tone fusto
igbo,general,"Online learning is here to stay for the foreseeable future.
", All I am learning is here to stay for the foreseeable future.,online learning is here to stay for the foreseeable future,all i am learning is here to stay for the foreseeable future
igbo,clinical,LUNGS WERE CLEAR BUT VERY DIM THROUGHOUT.," Longs were clay, but very dim throughout.",lungs were clear but very dim throughout,longs were clay but very dim throughout
igbo,clinical,PRN morphine tylenol and toradol administered with good effect.," When necessary, muffin Tylenol and turadol are administered with good effects.",prn morphine tylenol and toradol administered with good effect,when necessary muffin tylenol and turadol are administered with good effects
igbo,general,"Those sort of gangbusters numbers have not only made Singh a household name with the younger generations, theyve carried her to professional success beyond the mere reach of YouTube.
"," Those sorts of gang posters numbers have not only maintained a household name with the younger generations, they've carried her to professional success beyond the marriage of YouTube. Full stop.",those sort of gangbusters numbers have not only made singh a household name with the younger generations theyve carried her to professional success beyond the mere reach of youtube,those sorts of gang posters numbers have not only maintained a household name with the younger generations they have carried her to professional success beyond the marriage of youtube full stop
igbo,clinical,"Her mother reports that the patient stated her right hand felt """"funny"""" perhaps numb or tingling the day after completing the taper."," Amosa reports that the patient stated her right hand felt funny, perhaps numb or tingling, the day after completing the taper.",her mother reports that the patient stated her right hand felt funny perhaps numb or tingling the day after completing the taper,amosa reports that the patient stated her right hand felt funny perhaps numb or tingling the day after completing the taper
igbo,general,"Thus far, Nigeria remains the largest contributor of Fellows each year.
", Nandjhaya remains the largest contributor of films each year for stores.,thus far nigeria remains the largest contributor of fellows each year,nandjhaya remains the largest contributor of films each year for stores
igbo,clinical,GI/GU: Abdomen soft two BMs this shift with trace OB positive., GI-G-U colon. Abdulman Soft 2BMs this shift with trace will be positive.,gi gu abdomen soft 2 bms this shift with trace ob positive,gi g u colon abdulman soft 2 bms this shift with trace will be positive
igbo,clinical,"Neurologically, grossly nonfocal .", neurologically cross-leafed non-fugue.,neurologically grossly nonfocal,neurologically cross leafed non fugue
igbo,clinical,The mucosal app is now excised so that cyst lining and mucosa can be sewn together round the edges of the window Figure 13., The Mikosa Anti-Opsture is now excised so that six linings on Mikosa can be sewn together around the edges of the window Figo 13.,the mucosal app is now excised so that cyst lining and mucosa can be sewn together round the edges of the window figure 13,the mikosa anti opsture is now excised so that 6 linings on mikosa can be sewn together around the edges of the window figo 13
igbo,general,"The singers sixth album is expected for release in 2012.
"," The Senghas 6th album is expected for releasing 2012, full stop.",the singers 6th album is expected for release in 2012,the senghas 6th album is expected for releasing 2012 full stop
igbo,general,"Azumini was seen at Bahworekay Hospital Kisumu Dakar on 02/04/2023 5 days ago
"," Azumeni was seen at Bawarikei Hospital, Kisimo Dakar, on 2nd of April, 2023, five days ago.",azumini was seen at bahworekay hospital kisumu dakar on 2 4 2023 5 days ago,azumeni was seen at bawarikei hospital kisimo dakar on 2nd of april 20235 days ago
igbo,general,A major slogan of the demonstrators in the Arab world was Ash-shab yurid isqat an-nizam the people want to bring down the regime.," The major slogan of the demonstrators in the Arab world was, Ash, iPhone sharp, you need is quite an iPhone, Lisa, people want to bring down the regime full stop.",a major slogan of the demonstrators in the arab world was ash shab yurid isqat an nizam the people want to bring down the regime,the major slogan of the demonstrators in the arab world was ash iphone sharp you need is quite an iphone lisa people want to bring down the regime full stop
igbo,general,"A statement by the forecaster said: Snow arriving from the north later tomorrow, moving south through Thursday morning may lead to some travel disruption."," A statement by the forecaster said,",a statement by the forecaster said snow arriving from the north later tomorrow moving south through thursday morning may lead to some travel disruption,a statement by the forecaster said
igbo,general,"After that, Quantrills men went into smaller groups that spread throughout Lawrence.
"," After that, common, countries men went into smaller groups that spread true at Low End's full stop.",after that quantrills men went into smaller groups that spread throughout lawrence,after that common countries men went into smaller groups that spread true at low end is full stop
igbo,clinical,"Neck hematoma secondary to pulmonary artery line placement requiring transfusion, catheter tip infection ."," MEC HEMA TOMA, secondary to pulmonary artery, line placement, requiring, transfusion, catheter, tipped infection.",neck hematoma secondary to pulmonary artery line placement requiring transfusion catheter tip infection,mec hema toma secondary to pulmonary artery line placement requiring transfusion catheter tipped infection
igbo,clinical,"Treatment with systemic corticosteroids is indicated for pulmonary fibrosis,  cerebral lesions,  or hypercalcemia."," Treatment with systemic corticosteroids is indicated for pulmonary fibrosis, cerebral lesions, or hypercalcemia, full stop.",treatment with systemic corticosteroids is indicated for pulmonary fibrosis cerebral lesions or hypercalcemia,treatment with systemic corticosteroids is indicated for pulmonary fibrosis cerebral lesions or hypercalcemia full stop
igbo,clinical,MAE but is weak left side slightly weaker than right., M.A.E. but his weak left side slightly weaker than right.,mae but is weak left side slightly weaker than right,m a e but his weak left side slightly weaker than right
igbo,clinical,"However, no currently available marker is sufficiently accurate for clinical use."," However, comandu currently available marker is sufficiently accurate for clinical use of stuff.",however no currently available marker is sufficiently accurate for clinical use,however comandu currently available marker is sufficiently accurate for clinical use of stuff
igbo,general,"These extraordinary activists keep the worlds poor at the forefront of their lifes work, take exceptional actions to end extreme poverty in their own communities, and foster social change across the globe, Global Citizen said on its website.
"," These extraordinary activities keep the world's poor-adelperfronts-of-their-life-work-comer. Take exceptional actions to end extreme poverty in their communities' comer, and foster social change across the globe's comer global cities. Said Onits website, FullStop.",these extraordinary activists keep the worlds poor at the forefront of their lifes work take exceptional actions to end extreme poverty in their own communities and foster social change across the globe global citizen said on its website,these extraordinary activities keep the world is poor adelperfronts of their life work comer take exceptional actions to end extreme poverty in their communities comer and foster social change across the globe is comer global cities said onits website fullstop
igbo,general,"Her grandfather appeared on the show as well.
"," Her grandfather appeared on the show as well, full stop.",her grandfather appeared on the show as well,her grandfather appeared on the show as well full stop
igbo,clinical,cap with rubber liner., with rubber line now full stop.,cap with rubber liner,with rubber line now full stop
igbo,clinical,Turn the safety cap on the suction button of the catheter so that button is depressed easily., Sun Safety Cap on Suction Button of Cadet Air so that the button is depressed easily full stop.,turn the safety cap on the suction button of the catheter so that button is depressed easily,sun safety cap on suction button of cadet air so that the button is depressed easily full stop
igbo,general,"MINSK, 6 August BelTA  There are plans to promote innovation centers in Belarus, Deputy Prime Minister Yuri Nazarov told reporters as he visited the Horizont Innovation Center, BelTA has learned.
"," Minsk, 6th August, Delta. There are plans to promote innovation centers in Belarus, Deputy Prime Minister Yuri Nazarov told reporters as he visited the Horizon Innovation Center, Delta has learned full stop.",minsk 6 august belta there are plans to promote innovation centers in belarus deputy prime minister yuri nazarov told reporters as he visited the horizont innovation center belta has learned,minsk 6th august delta there are plans to promote innovation centers in belarus deputy prime minister yuri nazarov told reporters as he visited the horizon innovation center delta has learned full stop
igbo,clinical,Duloxetine 20 mg PO QHS, DuLoc 1620mg PoQHS,duloxetine 20 mg po qhs,duloc 1620 mg poqhs
igbo,general,Note the YGBSM means Youve got to be shitting me, the YGBS and means you've got sufficient,note the ygbsm means youve got to be shitting me,the ygbs and means you have got sufficient
igbo,general,"Party primaries: As dollars elected, created mannequins
", party primaries column as dollars elected comma created money queens,party primaries as dollars elected created mannequins,party primaries column as dollars elected comma created money queens
igbo,clinical,Hold Digoxin and lostartan for now if we determine this is his new baseline can restart.," Hold the guns in and lose a turn for now if we determine this is his new baseline carry stat, full stop.",hold digoxin and lostartan for now if we determine this is his new baseline can restart,hold the guns in and lose a turn for now if we determine this is his new baseline carry stat full stop
igbo,clinical,I have examined the baby. Agree with above note by Inda Ugwueze Addanae PCA., I have examined the baby and grew it above the net by in the way that I done a PCF stop.,i have examined the baby agree with above note by inda ugwueze addanae pca,i have examined the baby and grew it above the net by in the way that i done a pcf stop
igbo,clinical,Tube feeds advanced to goal 85cc/hr., Two feet advanced to go 85 CC PR,tube feeds advanced to goal 85 cc hr,2 feet advanced to go 85 cc pr
igbo,clinical,Paranasal sinus inflammatory disease., Our nasal sign us in,paranasal sinus inflammatory disease,our nasal sign us in
igbo,general,"Dr. Mrs. Oluwafunbi Chukwukelu in her Ogbomoso interview said Malaria, Typhoid fever, Yellow fever, Tuberculosis, COVID-19 are endemic diseases
"," Dr. Mrs. Ulua Fumbi Chikukelu, in her emotional interview said malaria, typhoid fever, yellow fever, tuberculosis, COVID-19 are endemic diseases.",doctor missus oluwafunbi chukwukelu in her ogbomoso interview said malaria typhoid fever yellow fever tuberculosis covid 19 are endemic diseases,doctor missus ulua fumbi chikukelu in her emotional interview said malaria typhoid fever yellow fever tuberculosis covid 19 are endemic diseases
igbo,general,"At dinner, she tells him that she really likes simple things."," Adina, she tells him that she really likes him putting in school stuff.",at dinner she tells him that she really likes simple things,adina she tells him that she really likes him putting in school stuff
igbo,clinical,not candidate for bedside PICC., Not candidates for bad side PICC.,not candidate for bedside picc,not candidates for bad side picc
igbo,general,"This protects the building from damage by heavy rain.
"," This protects the building from damage by heavy rain, full stop.",this protects the building from damage by heavy rain,this protects the building from damage by heavy rain full stop
igbo,clinical,She currently is out of work and living with family members., She is currently out of work and living with family members.,she currently is out of work and living with family members,she is currently out of work and living with family members
igbo,general,"Mokolodi Nature Reserve, Gaborone Game Reserve and Manyelanong Game Reserve are the major tourist places in the district.
"," Mokulodi Nature Reserve, Maga Boroni Game Reserve, and Mani Lanong Game Reserva are the major tourist places in the district, Fustop.",mokolodi nature reserve gaborone game reserve and manyelanong game reserve are the major tourist places in the district,mokulodi nature reserve maga boroni game reserve and mani lanong game reserva are the major tourist places in the district fustop
igbo,general,"Leaf  Also known as looseleaf , cutting or bunching lettuce , this type has loosely bunched leaves and is the most widely planted . It is used mainly for salads .", leaf also known as loose leaf comma coating or bunching lettuce comma this type of loose leaf bunch leaves and is the most widely planted fruit top it is used mainly for sellers who,leaf also known as looseleaf cutting or bunching lettuce this type has loosely bunched leaves and is the most widely planted it is used mainly for salads,leaf also known as loose leaf comma coating or bunching lettuce comma this type of loose leaf bunch leaves and is the most widely planted fruit top it is used mainly for sellers who
igbo,clinical,-continue labetalol drip for goal SBP 180., continue my better love trip for gold sisterly proper shop by 18,continue labetalol drip for goal sbp 180,continue my better love trip for gold sisterly proper shop by 18
igbo,clinical,Bells palsy is the term used to describe an idiopathic acute lower motor may be associated with impairment of taste and hyperacusis high-pitched sounds appearing unpleasantly louder than normal.," Bell's policy is the term used to describe an idiopathic acute lower motor may be associated with impairment of test and hyperacusis, high pitched sounds appearing unpleasantly louder than normal.",bells palsy is the term used to describe an idiopathic acute lower motor may be associated with impairment of taste and hyperacusis high pitched sounds appearing unpleasantly louder than normal,bell is policy is the term used to describe an idiopathic acute lower motor may be associated with impairment of test and hyperacusis high pitched sounds appearing unpleasantly louder than normal
igbo,clinical,"Doxycycline is the drug of choice, even for young children, despite the theoretical risk of dental staining in children younger than 9 years of age."," Dogsycycline is the drug of choice, coma, even for young children, coma, despite its theoretical risk of dental staining in children younger than nine years of age, full stop.",doxycycline is the drug of choice even for young children despite the theoretical risk of dental staining in children younger than 9 years of age,dogsycycline is the drug of choice coma even for young children coma despite its theoretical risk of dental staining in children younger than 9 years of age full stop
igbo,clinical,CONTINUE TO MEDICATE PRN FOR PAIN., Continue to medicate PRN for pain.,continue to medicate prn for pain,continue to medicate prn for pain
igbo,general,"Since 1990, BHAP1 has been providing environmental liability insurance to insurance agents and brokers nationwide."," Since 1990, BHAP has been providing environmental liability insurance to insurance agents and brokers in the nationwide food stock.",since 1990 bhap one has been providing environmental liability insurance to insurance agents and brokers nationwide,since 1990 bhap has been providing environmental liability insurance to insurance agents and brokers in the nationwide food stock
igbo,general,And Dreamer tweeted afterwards that he knew of the secret entrance  as well as the best time to get food from the canteen., Andre Matuitier afterwards that he knew of the secret entrance as well as the best time to get food from the canteen.,and dreamer tweeted afterwards that he knew of the secret entrance as well as the best time to get food from the canteen,andre matuitier afterwards that he knew of the secret entrance as well as the best time to get food from the canteen
igbo,clinical,Hypotheses Dynamic Dynamic theories facilitate the attempt to understand patients and their difficulties., Hypothesis dynamic theories facilitate the attempt to understand patients and their difficulties.,hypotheses dynamic dynamic theories facilitate the attempt to understand patients and their difficulties,hypothesis dynamic theories facilitate the attempt to understand patients and their difficulties
igbo,general,"But what does it mean for the nations democracy? Todays podcast breaks it down.
", But what does it mean for the nation's democracy? Today's podcast breaks it down. Full stop.,but what does it mean for the nations democracy todays podcast breaks it down,but what does it mean for the nation is democracy today is podcast breaks it down full stop
igbo,general,"But when a virus is spreading undetected, that sort of containment strategy alone is insufficient, epidemiologists say."," But when a virus is spreading on the detected command, that sort of containment strategy alone is insufficient command. Epidemologists say,",but when a virus is spreading undetected that sort of containment strategy alone is insufficient epidemiologists say,but when a virus is spreading on the detected command that sort of containment strategy alone is insufficient command epidemologists say
igbo,general,Mike Priefer is having trouble with kickers?, Mike Prefa is having trouble with Kika's question mark.,mike priefer is having trouble with kickers,mike prefa is having trouble with kika is question mark
igbo,general,"The inferno destroyed scores of vehicles and killed more than 70 persons.
", The Infantry destroyed scores of vehicles and killed more than 70 persons.,the inferno destroyed scores of vehicles and killed more than 70 persons,the infantry destroyed scores of vehicles and killed more than 70 persons
igbo,general,"Dr. Osooah is w/ the Pt Wyohocah at this time and has also spoken to Pt's neice Garcaro
"," Dr. Kosoa is with patients, Leoka at this time and has also spoken to patients in this Kakaro.",doctor osooah is w the pt wyohocah at this time and has also spoken to pt is neice garcaro,doctor kosoa is with patients leoka at this time and has also spoken to patients in this kakaro
igbo,clinical,IVPN D17/IL infusing via central PICC., IVPND17 slash IL infusing vaccentral PICC,ivpn d 17 il infusing via central picc,ivpnd 17 slash il infusing vaccentral picc
igbo,general,"Google to invest 10bn in India
", Google to invest 10 billion in India.,google to invest 10 bn in india,google to invest 10000000000 in india
igbo,general,"The elderly clergy man, Revd Ozichi Chisimdi developed a heart attack
"," The elderly clergyman, Rev. Ozichi Chizumdi, developed a heart attack.",the elderly clergy man revd ozichi chisimdi developed a heart attack,the elderly clergyman reverend ozichi chizumdi developed a heart attack
igbo,clinical,PT AWAITING PERMANENT PACER., Patient awaiting permanent peace.,pt awaiting permanent pacer,patient awaiting permanent peace
igbo,general,"Public and private sector analysts look at changes in the money supply.
", public and private sector analysts look at changes in the money supply.,public and private sector analysts look at changes in the money supply,public and private sector analysts look at changes in the money supply
igbo,general,"As of 2019, a total of 15 states had not repealed their sodomy laws, even though they cannot be used any more because of Lawrence v. Texas."," As of 2019, I told her that she had no repute with the Aesthetics, so she didn't need to be lost, even though she cannot be used anymore because of Lorenz's v-test.",as of 2019 a total of 15 states had not repealed their sodomy laws even though they cannot be used any more because of lawrence v texas,as of 2019 i told her that she had no repute with the esthetics so she did not need to be lost even though she cannot be used anymore because of lorenz is v test
igbo,general,"About 1,700 Delta pilots still face furloughs, which were pushed back to Nov. 1 last week while the airline and the union representing its pilots continue negotiating."," about 1,700 Delta pilots still face fallouts, which were pushed back to November 1st last week, while the airline and the union representing its pilots continue negotiating. Full stop.",about 1700 delta pilots still face furloughs which were pushed back to nov one last week while the airline and the union representing its pilots continue negotiating,about 1700 delta pilots still face fallouts which were pushed back to november 1st last week while the airline and the union representing its pilots continue negotiating full stop
igbo,clinical,Pt had one episode of hypoglycemia to 38 after TPN d/c'd., Patients have one episode of hypoglycemia so that it after the TPN is continued.,pt had one episode of hypoglycemia to 38 after tpn d c would,patients have one episode of hypoglycemia so that it after the tpn is continued
igbo,clinical,"215. Aneurysm formation is believed to be associated with a loss of the nutrient flow and elastic component of the vessels, leading to progressive dilatation.", 215 annuasing formation is believed to be associated with a loss of the nutrient flow at elastic component of the versus command leading to progressive dilatation to stop,215 aneurysm formation is believed to be associated with a loss of the nutrient flow and elastic component of the vessels leading to progressive dilatation,215 annuasing formation is believed to be associated with a loss of the nutrient flow at elastic component of the versus command leading to progressive dilatation to stop
igbo,general,"Our correspondent, who was on the bus, observed that Bolarinwa entered the seat beside the driver and dragged the wheel while trying to force the vehicle to a halt."," Our correspondent, who was on the bus, observed that Bola Rengua entered the seat beside the driver and dragged the wheel while trying to force the vehicle to a halt.",our correspondent who was on the bus observed that bolarinwa entered the seat beside the driver and dragged the wheel while trying to force the vehicle to a halt,our correspondent who was on the bus observed that bola rengua entered the seat beside the driver and dragged the wheel while trying to force the vehicle to a halt
igbo,clinical,uo 45-60cc/hr., U0 45 to 60 CC per hour.,uo 45 60 cc hr,u 0 45 to 60 cc per hour
igbo,clinical,It is commonly used in the maintenance of general anesthetic in concentrations of 5070 in oxygen in combination with other inhalational or intravenous agents.," It is commonly used in the maintenance of general anesthetic in concentrations of 5,070 in oxygen in combination with other inhalational or intravenous agents, full stop.",it is commonly used in the maintenance of general anesthetic in concentrations of 5070 in oxygen in combination with other inhalational or intravenous agents,it is commonly used in the maintenance of general anesthetic in concentrations of 5070 in oxygen in combination with other inhalational or intravenous agents full stop
igbo,clinical,"Using the largest curette available or suction curettage is a safer choice than a small curette, which tends to cause perforation with less pressure."," Using the largest curates available on suction curatage is a separate choice term, a small curate coma, which tends to cause perforation between the expression post of the patient.",using the largest curette available or suction curettage is a safer choice than a small curette which tends to cause perforation with less pressure,using the largest curates available on suction curatage is a separate choice term a small curate coma which tends to cause perforation between the expression post of the patient
igbo,general,"Bilateral ear discharge of 3 days duration and fever of 3 days duration. Bilateral ear discharge was first noticed 3 days ago. Mansurah Chinomso has had ear syringing in the past
", Bilateral year discharge of three days duration and fever of three days duration full stop. Bilateral year discharge was first noticed three days ago full stop. Mansura Shinmonso has had years ranging in the past.,bilateral ear discharge of 3 days duration and fever of 3 days duration bilateral ear discharge was 1st noticed 3 days ago mansurah chinomso has had ear syringing in the past,bilateral year discharge of 3 days duration and fever of 3 days duration full stop bilateral year discharge was 1st noticed 3 days ago full stop mansura shinmonso has had years ranging in the past
igbo,clinical,He is not obviously in CHF., is not obviously in CHF.,he is not obviously in chf,is not obviously in chf
igbo,general,"His 1.4 blocked shots per game ranked second in the conference.
", His 1.4 blocked shots per game ranked second in the conference full stop.,his one.4 blocked shots per game ranked 2nd in the conference,his one.4 blocked shots per game ranked 2nd in the conference full stop
igbo,clinical,Facial grimaces to turning and suctioning overbreathing vent., special grimaces to turning and suctioning of our beating veins.,facial grimaces to turning and suctioning overbreathing vent,special grimaces to turning and suctioning of our beating veins
igbo,clinical,"Despite the ubiquity of religious and spiritual experience, it is frequently neglected during routine psychiatric evaluation."," Despite the ubiquity of religious and spiritual experience, it is frequently neglected during routine psychiatric evaluation.",despite the ubiquity of religious and spiritual experience it is frequently neglected during routine psychiatric evaluation,despite the ubiquity of religious and spiritual experience it is frequently neglected during routine psychiatric evaluation
igbo,clinical,No acute distress  Eyes / Conjunctiva: PERRL, No IQ distress eyes slash conjunctiva.,no acute distress eyes conjunctiva perrl,no iq distress eyes slash conjunctiva
igbo,clinical,Endoscopic and pathologic findings usually include features common to both diseases., and the scopic amputologic findings usually include features common to both diseases.,endoscopic and pathologic findings usually include features common to both diseases,and the scopic amputologic findings usually include features common to both diseases
igbo,general,"The patient was in a hurry to get thier Labs and Radiology result from Arzika Chilaka Diagnostic center, Enugu"," The patient who was in a hurry to get their labs and radiology results from Azika-Shilaka-Brasimusic Center, Koma, Spain ago.",the patient was in a hurry to get thier labs and radiology result from arzika chilaka diagnostic center enugu,the patient who was in a hurry to get their labs and radiology results from azika shilaka brasimusic center koma spain ago
igbo,clinical,A: PO feeding with minimal  waking early for feeds improved suck/swallow coordination., a poor feeder with minimal weight in any for foods improved socks slash swallow coordination.,a po feeding with minimal waking early for feeds improved suck swallow coordination,a poor feeder with minimal weight in any for foods improved socks slash swallow coordination
igbo,general,"Her 15-year-old daughter was recently talking to me and said: You broke up Mums marriage, didnt you?
", 15 year old daughter was recently talking to me and said you broke up mom's marriage comma it ain't you query,her 15 year old daughter was recently talking to me and said you broke up mums marriage didnt you,15 year old daughter was recently talking to me and said you broke up mom is marriage comma it aint you query
igbo,general,"The company has a current ratio of 1.59, a quick ratio of 1.59 and a debt-to-equity ratio of 0.56."," The company has a current ratio of 1.59, a P2 ratio of 1.59 and a debt to a P2 ratio of 0.56. First stop.",the company has a current ratio of one.59 a quick ratio of one.59 and a debt to equity ratio of 0.56,the company has a current ratio of one.59 a p 2 ratio of one.59 and a debt to a p 2 ratio of 0.561st stop
igbo,clinical,BILI: Single phototherapy shut off at 0500 this morning., BILI single phototherapy shot of ads 0500 this morning,bili single phototherapy shut off at 500 this morning,bili single phototherapy shot of ads 500 this morning
igbo,general,Jordan Clarkson is staying at Utah after sealing a four-year 52 million deal while Derrick Favors is returning to the Jazz on a deal that will pay him nearly 30 million for three seasons.," Jodyne Clarkson is staying at Utah after selling a four-hive on the year, 52 million dales. Why Derek Favors is returning to the jazz on a deal that will pay him nearly 30 million for three seasons full stock.",jordan clarkson is staying at utah after sealing a 4 year 52000000 deal while derrick favors is returning to the jazz on a deal that will pay him nearly 30000000 for 3 seasons,jodyne clarkson is staying at utah after selling a 4 hive on the year 52000000 dales why derek favors is returning to the jazz on a deal that will pay him nearly 30000000 for 3 seasons full stock
igbo,clinical,X 1 BM-pt incontinent of liquid brown stool., x1bm p3 incontinent of liquid bronze 2,x one bm pt incontinent of liquid brown stool,x one bm p 3 incontinent of liquid bronze 2
igbo,general,"Willis Towers Watson tracked excessumbrella and directors and officers liability insurance as generating the largest price increases.
"," We lease towards vaccine, tract excess umbrella, and directors and officers liability insurance as generating the largest price increases.",willis towers watson tracked excessumbrella and directors and officers liability insurance as generating the largest price increases,we lease towards vaccine tract excess umbrella and directors and officers liability insurance as generating the largest price increases
igbo,general,"Allen finally scored his first points on a pair of free throws with 6:23 left as the Nets chewed away at that lead, but Toronto led 84-68 at the end of the third.
"," Allen finally scored his first point on a pair of free throws with 6th column 23 left as the net stood away at that lead, but Toronto led 84-68 at the end of the third full stop.",allen finally scored his 1st points on a pair of free throws with 6 23 left as the nets chewed away at that lead but toronto led 84 68 at the end of the 3rd,allen finally scored his 1st point on a pair of free throws with 6th column 23 left as the net stood away at that lead but toronto led 84 68 at the end of the 3rd full stop
igbo,general,"We are also reforming education, we are going to reform education in the command and secondary schools.
", We are also reforming education comma. We are going to reform education in the command and secondary schools full stop.,we are also reforming education we are going to reform education in the command and secondary schools,we are also reforming education comma we are going to reform education in the command and secondary schools full stop
igbo,clinical,ENDO: Finger sticks remain elevated., and the main tree use is column. Finger sticks remain elevated to stop.,endo finger sticks remain elevated,and the main tree use is column finger sticks remain elevated to stop
igbo,general,"Shortly after this, Boris rapidly became stronger.
"," Shortly after this coma, ball is rapidly became stronger.",shortly after this boris rapidly became stronger,shortly after this coma ball is rapidly became stronger
igbo,general,"After coming to power, Crown Prince Mohammed has been behind several anti-corruption campaigns, including turning Riyadhs Ritz-Carlton hotel into a luxury prison in late 2017 as part of a mass arrest of businessmen, royals and others.
"," After coming to Power Coma, Crown Prince Mohammed has been behind several anti-hyphen corruption campaigns, including turning the Swedish-Hyphen Carlson Hotel into a luxury prison in late 2017 as part of a mass arrest of businessmen, criminals and others who stole",after coming to power crown prince mohammed has been behind several anti corruption campaigns including turning riyadhs ritz carlton hotel into a luxury prison in late 2017 as part of a mass arrest of businessmen royals and others,after coming to power coma crown prince mohammed has been behind several anti hyphen corruption campaigns including turning the swedish hyphen carlson hotel into a luxury prison in late 2017 as part of a mass arrest of businessmen criminals and others who stole
igbo,general,As advertisers shift media.," as Arvatizer's Shift Media, Kustub.",as advertisers shift media,as arvatizer is shift media kustub
igbo,clinical,"They believe that recurrent acute middle ear infection in childhood, acts as a stimulus for the process of cholesteatoma formation.", They believe that recurrent acute middle ear infection in childhood acts as a stimulus for the process of cholera-3-atomal formation.,they believe that recurrent acute middle ear infection in childhood acts as a stimulus for the process of cholesteatoma formation,they believe that recurrent acute middle ear infection in childhood acts as a stimulus for the process of cholera 3 atomal formation
igbo,general,Shift in global networks, Shift in Global Networks,shift in global networks,shift in global networks
igbo,clinical,Or no animal studies have been conducted and there are no adequate and well-controlled studies in pregnant women., unknown animal studies have been conducted and there are no adequate and well-hyphen-controlled studies in pregnant women.,or no animal studies have been conducted and there are no adequate and well controlled studies in pregnant women,unknown animal studies have been conducted and there are no adequate and well hyphen controlled studies in pregnant women
igbo,clinical,CHEST PORTABLE AP            Reason: ptx Admitting Diagnosis: STATUS POST CARDIAC ARREST; UNABLE TO WEAN," Chess Portable AP, Wisin, PTX, Admitting Diagnosis, Status Post-Cardiac Arrest, Unable to Win",chest portable ap reason ptx admitting diagnosis status post cardiac arrest unable to wean,chess portable ap wisin ptx admitting diagnosis status post cardiac arrest unable to win
igbo,clinical,infection cont low-grade temp on abx.," Infection Contour Low, Grade Temp on ABX Full Stop",infection cont low grade temp on abx,infection contour low grade temp on abx full stop
igbo,clinical,"Carcinogenesis 13:783-786 Pillai R,  Balaram P,  Reddiar K S 1992 Pathogenesis of oral submucous fibrosis."," Casnogenesis 13, 783, hyphen 786, pylir R, ballerin P, radiac KS 1992, pathogenesis of oral submucous fibrosis, full stop.",carcinogenesis 13 783 786 pillai r balaram p reddiar k s 1992 pathogenesis of oral submucous fibrosis,casnogenesis 13 783 hyphen 786 pylir r ballerin p radiac ks 1992 pathogenesis of oral submucous fibrosis full stop
igbo,general,"What we see in this cabinet is a riot of will.
"," What we see in this cabinet is a riot of will, FUSTOB.",what we see in this cabinet is a riot of will,what we see in this cabinet is a riot of will fustob
igbo,clinical,Dexedrine 5 mg per day and Motrin 600 mg tid ., It is a dream 5 milligram per day and more train 600 milligram to IGF.,dexedrine 5 mg per day and motrin 600 mg tid,it is a dream 5 milligram per day and more train 600 milligram to igf
igbo,clinical,Fio2 wean from 80% down to 50% overnight with good result.," Paction of inspired oxygen, going from 80% down to 50% above the 50% results.",fio 2 wean from 80% down to 50% overnight with good result,paction of inspired oxygen going from 80% down to 50% above the 50% results
igbo,clinical,CT HEAD W/O CONTRAST Study Date of Wed 28 Mar 2007 4: 23 PM," City head without contrast studied dates of Wednesday, 28th March 2007 for 23pm.",ct head w 0 contrast study date of wed 28 mar 2007 4 23 pm,city head without contrast studied dates of wednesday 28th march 2007 for 23 pm
igbo,clinical,Remains on low flow nasal cannula with occasional saturation drifts., remains on low flow Nassau Canola with occasional saturation drifts.,remains on low flow nasal cannula with occasional saturation drifts,remains on low flow nassau canola with occasional saturation drifts
igbo,general,"The players were really keen to get Ben but put simply there was a split view really between the president, myself, CEO and football manager.
"," The players were really keen to get to Ben. But put simply, there was a split view really between the president, comma, myself, comma, CEO and football manager. Full stop.",the players were really keen to get ben but put simply there was a split view really between the president myself ceo and football manager,the players were really keen to get to ben but put simply there was a split view really between the president comma myself comma ceo and football manager full stop
igbo,general,"As far back as 2010, Abuja was home to Chibudom Ebide and Jideofor who were close friends.
"," As far as 2010, Abuja was home to Chibudom, Ebide, and Jiddo for who were close friends who stopped.",as far back as 2010 abuja was home to chibudom ebide and jideofor who were close friends,as far as 2010 abuja was home to chibudom ebide and jiddo for who were close friends who stopped
igbo,clinical,No cyanosis clubbing or edemaSkin: No rash Warm and dryNeuro: Moving all 4 extremities," No cyanosis, clubbing or edema, skin, no rash, warm and dry, neuro, moving all for extremities.",no cyanosis clubbing or edemaskin no rash warm and dryneuro moving all 4 extremities,no cyanosis clubbing or edema skin no rash warm and dry neuro moving all for extremities
igbo,general,"Thanks to the hard work and dedication of NHS staff, hospitals have not been overwhelmed and intensive care capacity continues to meet the needs of patients.
"," Thanks to the hard work and dedication of H9H3NHS staff, and hospitals that have not been overwhelmed and intensive care capacity continues to make the needs of patients who stop.",thanks to the hard work and dedication of nhs staff hospitals have not been overwhelmed and intensive care capacity continues to meet the needs of patients,thanks to the hard work and dedication of h 9 h 3 nhs staff and hospitals that have not been overwhelmed and intensive care capacity continues to make the needs of patients who stop
igbo,clinical,The absolute reported incidence varies across trials from approximately 8 to 25 at the highest dose of ChI compared with 3 to 10 in comparable placebo patients. ," It's incident varies across trials from approximately 8 to 25 at the highest dose of classical hybrophene, the concentrated 3 to 10 incomparable placebo patients will stop.",the absolute reported incidence varies across trials from approximately 8 to 25 at the highest dose of chi compared with 3 to 10 in comparable placebo patients,it is incident varies across trials from approximately 8 to 25 at the highest dose of classical hybrophene the concentrated 3 to 10 incomparable placebo patients will stop
igbo,clinical,Denies chest pain dizziness or lightheadedness; no palpitations.," denies chest pain, dizziness, or light-sidedness, no power petitions.",denies chest pain dizziness or lightheadedness no palpitations,denies chest pain dizziness or light sidedness no power petitions
igbo,clinical,"118. Although left ventricular systolic dysfunction related to excessive afterload is reversible early in the course, irreversible damage occurs once chamber enlargement predominates as the primary cause of diminished myocardial contractility."," 118 or the left ventricular systolic dysfunction related to excessive afterload is reversibly early in the course comma. Irreversible damage occurs once chamber enlargement predominates as a primary cause of diminished myocardial contractility, full stop.",118 although left ventricular systolic dysfunction related to excessive afterload is reversible early in the course irreversible damage occurs once chamber enlargement predominates as the primary cause of diminished myocardial contractility,118 or the left ventricular systolic dysfunction related to excessive afterload is reversibly early in the course comma irreversible damage occurs once chamber enlargement predominates as a primary cause of diminished myocardial contractility full stop
igbo,clinical,Weight bearing status was increased to weight bearing as tolerated ., Weight bearing status was increased to weight bearing as tolerated.,weight bearing status was increased to weight bearing as tolerated,weight bearing status was increased to weight bearing as tolerated
igbo,general,Uno said its an iced tea brand he thinks.," One who said it's a nice tea brand, it's a thick, full-store.",uno said its an iced tea brand he thinks,one who said it is a nice tea brand it is a thick full store
igbo,clinical,BP LABILE 90-160/SYS ELEVATED WITH LIGHTENING OF SEDATION.," blood pressure, lubei, 90 to 160 systolic elevated with light nano sedation.",bp labile 90 160 sys elevated with lightening of sedation,blood pressure lubei 90 to 160 systolic elevated with light nano sedation
igbo,clinical,Continues Amiodarone., Continues on mute.ron,continues amiodarone,continues on mute ron
igbo,clinical,"There is evidence of over expression of hexose transporters, specifically SGLT1, in disease states suchas diabetes."," There is evidence of overexpression of hexos transporters, specifically SGLT1, and disease states such as diabetes, full stop.",there is evidence of over expression of hexose transporters specifically sglt one in disease states suchas diabetes,there is evidence of overexpression of hexos transporters specifically sglt one and disease states such as diabetes full stop
igbo,clinical,"Unlike parenteral gold compounds, auranon does not accumulate appreciably in the skin."," Unlike parent error, good compounds comma or unknowns does not accumulate appreciably in the skin first of all.",unlike parenteral gold compounds auranon does not accumulate appreciably in the skin,unlike parent error good compounds comma or unknowns does not accumulate appreciably in the skin 1st of all
igbo,general,Not all visitors thought that the mill was in good condition., of the store store that the meat was in good condition.,not all visitors thought that the mill was in good condition,of the store store that the meat was in good condition
igbo,clinical,SBP TOL >80 PER TEAM., SBTOL greater than 80%,sbp tol 80 per team,sbtol greater than 80%
igbo,clinical,Otherwise not moving., otherwise not moving.,otherwise not moving,otherwise not moving
igbo,clinical,"SUSPENSION, ORAL CLOBAZAM, CLOBAZAM, 2.5MG/ML"," suspension, oral, glubazan, 2.5mg per mil",suspension oral clobazam clobazam 2.5 mg ml,suspension oral glubazan 2.5 mg per mil
igbo,general,"It is not about access to all those things that is the problem, it is their use.
"," It is not about access to all those things that is the problem, comma. It is their use, full stop.",it is not about access to all those things that is the problem it is their use,it is not about access to all those things that is the problem comma it is their use full stop
igbo,clinical,Twenty to fifty percent of the population normally have a positive Phalens and Tinels test., 20-50% of the population normally have a positive phalance and thin nails test.,20 to 50% of the population normally have a positive phalens and tinels test,20 50% of the population normally have a positive phalance and thin nails test
igbo,clinical,Line - Prophylaxis: DVT: Stress ulcer: VAP: Comments: Communication: Comments: Code status: Disposition :," Line, iPhone prophylaxis, deep vein thrombosis, stress ulcer, ventilator associated pneumonia, comments, communication, comments, code status, disposition.",line prophylaxis dvt stress ulcer vap comments communication comments code status disposition,line iphone prophylaxis deep vein thrombosis stress ulcer ventilator associated pneumonia comments communication comments code status disposition
igbo,clinical,Consideration will be given in that case to intubation and surfactant administration., Consideration will be given in that case to intubation and surfactant administration.,consideration will be given in that case to intubation and surfactant administration,consideration will be given in that case to intubation and surfactant administration
igbo,general,"Members donate or pledge 10,000 or more to the endowment fund.
"," Members donate or pledge 10,000 or more to the Endowment Fund full stop.",members donate or pledge 10000 or more to the endowment fund,members donate or pledge 10000 or more to the endowment fund full stop
igbo,clinical,"Severely ill infantsmaybebornwithhydropsandhaveprofoundanemia.
", Severely ill infants may be born with hydrops and have profound anemia.,severely ill infantsmaybebornwithhydropsandhaveprofoundanemia,severely ill infants may be born with hydrops and have profound anemia
igbo,clinical,Important: Always read carefully the manufacturer’s instructions regarding the storage and handling of explosive chemicals.," Importance, colon, always read carefully the manufacturer's instructions regarding the storage and handling of explosive chemicals, full stuff.",important always read carefully the manufacturer s instructions regarding the storage and handling of explosive chemicals,importance colon always read carefully the manufacturer is instructions regarding the storage and handling of explosive chemicals full stuff
igbo,clinical,Tue 24 Aug 2021 4: 54 A.M ABDOMEN SUPINE and ERECT Reason: Please assess for bowel dilatation or other signs of obstruction," Tuesday 24th August 2021, 4.54 am, Abdulman Supine and Erect Reason, Column, please assess for bowel dilatation or other signs of obstruct.",tue 24 aug 2021 4 54 a m abdomen supine and erect reason please assess for bowel dilatation or other signs of obstruction,tuesday 24th august 2021 4.54 am abdulman supine and erect reason column please assess for bowel dilatation or other signs of obstruct
igbo,clinical,"Parotid involvement, trismus, fever, and sepsis common with an infection here."," Parotide involvement coma, trismus coma, fever coma and sepsis coma with an infection year. Full stop.",parotid involvement trismus fever and sepsis common with an infection here,parotide involvement coma trismus coma fever coma and sepsis coma with an infection year full stop
igbo,clinical,"TABLET, ORAL ILOPERIDONE, ILOPERIDONE, 10MG", Tablets are out.,tablet oral iloperidone iloperidone 10 mg,tablets are out
igbo,general,"Serbia-based Ben Nabouhane took advantage of two defensive mix-ups to fire the visitors into a 13th-minute lead at a packed National Heroes Stadium.
"," Saber-Eiffel-Best-Ben Naboon took advantage of two defense mix-Eiffel-Opps. To fire the visitors into the 13th Eiffel Minute lead at the Park National Hero Stadium, full stop.",serbia based ben nabouhane took advantage of 2 defensive mix ups to fire the visitors into a 13th minute lead at a packed national heroes stadium,saber eiffel best ben naboon took advantage of 2 defense mix eiffel opps to fire the visitors into the 13th eiffel minute lead at the park national hero stadium full stop
igbo,clinical,Heart disease will frequently have extracardiac manifestations and examination of the other organ systems should not be neglected., Heart disease will frequently have extracardial manifestations and examination of the other organ systems should not be neglected for stop.,heart disease will frequently have extracardiac manifestations and examination of the other organ systems should not be neglected,heart disease will frequently have extracardial manifestations and examination of the other organ systems should not be neglected for stop
igbo,general,"Do these words sound like the ravings of a bigot?
", Do this word sounds like the living of a bigfoot question mark?,do these words sound like the ravings of a bigot,do this word sounds like the living of a bigfoot question mark
igbo,general,"SOCIAL WORK NOTE: Spoke with one of pt Ojaoroo Afoyay sons and one of his today at bedside to offer support.
"," Social Work Notes column spoke with one of PT Oja Oro, Afoie Sons and one of is today at bedside to offer support for stock.",social work note spoke with one of pt ojaoroo afoyay sons and one of his today at bedside to offer support,social work notes column spoke with one of pt oja oro afoie sons and one of is today at bedside to offer support for stock
igbo,general,"A week later, the countrys government authorized a medical flight evacuation, starting with the ships passengers from Australian and New Zealand."," A weekly document, the country's government authorizes a medical flight evacuation, starting with the ship passengers from Australia and New Zealand.",a week later the countrys government authorized a medical flight evacuation starting with the ships passengers from australian and new zealand,a weekly document the country is government authorizes a medical flight evacuation starting with the ship passengers from australia and new zealand
igbo,general,Box Braids on ESSENCEs April 2019 Cover, Box Bricks on Essence April 2019 Cover,box braids on essences april 2019 cover,box bricks on essence april 2019 cover
igbo,general,"Ogunsusi began playing the piano when he was a young child at Kabba elementary school
", Hyogun Sushi began playing the piano when he was a young child at Kaba Elementary School.,ogunsusi began playing the piano when he was a young child at kabba elementary school,hyogun sushi began playing the piano when he was a young child at kaba elementary school
igbo,clinical,14-06-1992 3: 17 AM CHEST PORTABLE AP            Reason: ?PNA," June 17th, 1992 3.17am Chest, Potable, AP, Resin, Quarry, P&E",14 6 1992 3 17 am chest portable ap reason pna,june 17th 1992 3.17 am chest potable ap resin quarry p e
igbo,clinical,"If the level of the electrolyte is below that recommended, top it up using deionized or distilled water from a non-metallic container or special battery water available from most garages."," If the level of the electrolytes is below that recommended coma, top it up using deionized or distilled water from a non hyphen metallic container or special battery water available from most garages full stop.",if the level of the electrolyte is below that recommended top it up using deionized or distilled water from a non metallic container or special battery water available from most garages,if the level of the electrolytes is below that recommended coma top it up using deionized or distilled water from a non hyphen metallic container or special battery water available from most garages full stop
igbo,general,Each level has a particular theme., level has a particular thing for store.,each level has a particular theme,level has a particular thing for store
igbo,general,"Empty weight : approximately 9 , 800 lb  4 , 445 kg", mt weight,empty weight approximately 9 800 lb 4 445 kg,mt weight
igbo,clinical,EP consult felt this could have been seizure related., EP consult felt this could have been seizure related.,ep consult felt this could have been seizure related,ep consult felt this could have been seizure related
igbo,clinical,Breathing through the mouth helps prevent aspiration of solution., Breathing through the mouth helps prevent aspiration of solution. Full stop.,breathing through the mouth helps prevent aspiration of solution,breathing through the mouth helps prevent aspiration of solution full stop
igbo,general,"This February 24, 2020 photo taken in New York, shows some of the many brands and types of honey available today.
"," This February 24, 2020 photo taken in New York comma shows some of the many brands and types of honey available today. Full stop.",this february 24 2020 photo taken in new york shows some of the many brands and types of honey available today,this february 24 2020 photo taken in new york comma shows some of the many brands and types of honey available today full stop
igbo,clinical,Cells of different tissues essentially require oxygen to generate energy and perform metabolic functions., Cells of different tissues essentially require oxygen to generate energy and perform metabolic functions.,cells of different tissues essentially require oxygen to generate energy and perform metabolic functions,cells of different tissues essentially require oxygen to generate energy and perform metabolic functions
igbo,general,"The Lawan kite is flown already.
", The Laowan kite is flown already. Full stop.,the lawan kite is flown already,the laowan kite is flown already full stop
igbo,general,Agent Cody Banks is an American film set in 2002., Agent Cody Banks is an American film set in 2009 to full scope.,agent cody banks is an american film set in 2002,agent cody banks is an american film set in 2009 to full scope
igbo,clinical,"Surgical exploration in recipients with thrombosis, usually requires a graft pancreatectomy.", Surgical exploration in recipients with thrombosis usually requires a graft-backed retectomy for stopping.,surgical exploration in recipients with thrombosis usually requires a graft pancreatectomy,surgical exploration in recipients with thrombosis usually requires a graft backed retectomy for stopping
igbo,general,Wale Adebanwi on Mama HID (63), Wale Adébanwe on Mama HID Open Brackets 63 Close Brackets,wale adebanwi on mama hid,wale adebanwe on mama hid open brackets 63 close brackets
igbo,general,"To which Maria replied, Is that what you want to bring up here? Dont even allow me to bring up all the things you did in Dubai."," to which Maria replied, comma, is that what you want to bring up here? Question mark. Don't even allow me to bring up all the things you did in Dubai.",to which maria replied is that what you want to bring up here dont even allow me to bring up all the things you did in dubai,to which maria replied comma is that what you want to bring up here question mark do not even allow me to bring up all the things you did in dubai
igbo,clinical,additionally infant with decreased perfusion and received 20 ml/kg normal saline bolus.," Additionally, infants with decreased perfusion and received 20 ml kilogram normal saline bolus.",additionally infant with decreased perfusion and received 20 ml kg normal saline bolus,additionally infants with decreased perfusion and received 20 ml kilogram normal saline bolus
igbo,clinical,is best understood by knowing the normal process of cholesterol metabolism transport which is briefly described below., Heffman is best understood by knowing the normal process of cholesterol metabolism transfer which is briefly described below.,is best understood by knowing the normal process of cholesterol metabolism transport which is briefly described below,heffman is best understood by knowing the normal process of cholesterol metabolism transfer which is briefly described below
igbo,clinical,This often involves the dynamics of their current individual or partner life or the in sequence of their past relationships on their present., This often involves the dynamics of their current individual or partner life or in the influence of their past relationships on their present full stop.,this often involves the dynamics of their current individual or partner life or the in sequence of their past relationships on their present,this often involves the dynamics of their current individual or partner life or in the influence of their past relationships on their present full stop
igbo,general,"But there is no way to know without calculus whether the tangent is exactly right, and our eyes are not accurate enough to be certain whether it is exact or simply very close.
", But there is no way to know without calculus whether it,but there is no way to know without calculus whether the tangent is exactly right and our eyes are not accurate enough to be certain whether it is exact or simply very close,but there is no way to know without calculus whether it
igbo,general,"But whether Me and You and Everyone We Know is punk or not doesnt matter when its so many other things: twee, gentle, quirky, sweet to a point and, above all else, true to Julys artistic spirit.
"," But whether Mia knew and everyone we know is punk or not doesn't matter when it's so many other things. Call on three, comma gentle, comma quirky, comma sweet to a point, and comma above all else, comma true to July's artistic spirit. Full stop.",but whether me and you and everyone we know is punk or not doesnt matter when its so many other things twee gentle quirky sweet to a and above all else true to julys artistic spirit,but whether mia knew and everyone we know is punk or not does not matter when it is so many other things call on 3 comma gentle comma quirky comma sweet to a and comma above all else comma true to july is artistic spirit full stop
igbo,general,"Bellos sentenced Aliyu to 15 months imprisonment with an option of fine of N30,000 and 30 lashes of cane before the court.
"," Belos sentenced Aliyou to 15 months imprisonment with an option of fine of 30,000 naira and 30 lashes of cane before the court.",bellos sentenced aliyu to 15 months imprisonment with an option of fine of n 30000 and 30 lashes of cane before the court,belos sentenced aliyou to 15 months imprisonment with an option of fine of 30000 naira and 30 lashes of cane before the court
igbo,clinical,Estrogen may work by stimulating the production of progesterone receptors in the myometrium., may work by stimulating the production of Puget-Evon receptors in the MyoMetroFoolStore.,estrogen may work by stimulating the production of progesterone receptors in the myometrium,may work by stimulating the production of puget evon receptors in the myometrofoolstore
igbo,clinical,Comprehensive evaluation to rule out medical conditions that could have caused the presenting symptoms., comprehensive evaluation to rule out medical conditions that could have caused the presenting symptoms full stop.,comprehensive evaluation to rule out medical conditions that could have caused the presenting symptoms,comprehensive evaluation to rule out medical conditions that could have caused the presenting symptoms full stop
igbo,clinical,clear yellow urine stoma is pink appearance is intact.," Clare Lugurin, Stomai Spring, Appliances Intact, full stock.",clear yellow urine stoma is pink appearance is intact,clare lugurin stomai spring appliances intact full stock
igbo,clinical,Patients with supra ventricular extrasystoles and intermittent paroxysms of atrial brillation may benet from   -receptor blockade with propranolol., Patients with superventricular estrous systems and intermittent pyrosomes of atrial fibrillation may benefit from hyphen receptor blockage with full planolol.,patients with supra ventricular extrasystoles and intermittent paroxysms of atrial brillation may benet from receptor blockade with propranolol,patients with superventricular estrous systems and intermittent pyrosomes of atrial fibrillation may benefit from hyphen receptor blockage with full planolol
igbo,general,"If you are to advice the South West governors, what will you tell them?
"," If you are to advise the Southwest Governors, what will you tell them?",if you are to advice the south west governors what will you tell them,if you are to advise the southwest governors what will you tell them
igbo,clinical,"However, other associated focal signs like diplopia, ipsilateral ataxia, facial paralysis and homonymous hemianopia indicate that the lesion is in the vascular system rather than in the inner ear."," However, other associated focal signs like the plopiacoma, ipsilateral attacks, yacoma, facial paralysis, and homonymous hemianopoeia indicate that the lesion is in the vascular system rather than in the inner ear, full stop.",however other associated focal signs like diplopia ipsilateral ataxia facial paralysis and homonymous hemianopia indicate that the lesion is in the vascular system rather than in the inner ear,however other associated focal signs like the plopiacoma ipsilateral attacks yacoma facial paralysis and homonymous hemianopoeia indicate that the lesion is in the vascular system rather than in the inner ear full stop
igbo,general,"He said that content creators in Africa would receive support from YouTube through virtual and in-person training and workshops to help them grow their channels and improve their skills.
", He said that content creators in Africa would receive support from YouTube through virtual and in-person training and workshops to help them grow their channels and improve their skills. Full stop.,he said that content creators in africa would receive support from youtube through virtual and in person training and workshops to help them grow their channels and improve their skills,he said that content creators in africa would receive support from youtube through virtual and in person training and workshops to help them grow their channels and improve their skills full stop
igbo,general,"We just looked the other way, a former executive explains.
"," We just looked the other way, comma, a former executive explains. Full stop.",we just looked the other way a former executive explains,we just looked the other way comma a former executive explains full stop
igbo,clinical,"148, 910, 11151216, 1713EQUIPPING DISTRICT LABORATORIES165 Petri dishes reusableStandard size Pyrex : Lid diameter 80 mm base 74 mm, or lid 100 mmbase 94 mm.", One foot.,148 910 11151216 1713 equipping district laboratories 165 petri dishes reusablestandard size pyrex lid diameter 80 base 74 or lid 100 mmbase 94,one foot
igbo,clinical,Action: Regular insulin sliding scale ordered cont Q1-2H blood sugar checks., Action Regular Insulin Sliding Scale Ordered Counts Q1 to 2H Blood Sugar Checks,action regular insulin sliding scale ordered cont q one 2 h blood sugar checks,action regular insulin sliding scale ordered counts q one to 2 h blood sugar checks
igbo,general,"Uchendu began playing the piano when he was a young child at Sokoto elementary school
", Kuchendu began playing the piano when he was a young child at Sokoto Elementary School.,uchendu began playing the piano when he was a young child at sokoto elementary school,kuchendu began playing the piano when he was a young child at sokoto elementary school
igbo,general,"He was also the first Commissioner for Arts, Culture and Tourism in Nigeria."," He was also the first commissioner for arts, culture and tourism in Nigeria, full stop.",he was also the 1st commissioner for arts culture and tourism in nigeria,he was also the 1st commissioner for arts culture and tourism in nigeria full stop
igbo,general,"Ben Lovett admitted they were surprised to win anything this year, after having received so many nominations last year and losing over and over.
"," Ben Lovellet admitted he was surprised to win anything this year, and after having received so many nominations last year and losing over and over full stop,",ben lovett admitted they were surprised to win anything this year after having received so many nominations last year and losing over and over,ben lovellet admitted he was surprised to win anything this year and after having received so many nominations last year and losing over and over full stop
igbo,general,This study builds on her previous work examining what qualities and skills make for stronger middle-grade science teachers.," This study, built on her previous work, examining what qualities and skills make for stronger middle-high-fin grade science teachers, full stop.",this study builds on her previous work examining what qualities and skills make for stronger middle grade science teachers,this study built on her previous work examining what qualities and skills make for stronger middle high fin grade science teachers full stop
igbo,general,"A year and a half later Schubert, too, had died.
"," A year and a half later, Shubet Komah 2 Komah had died. Full stop.",a year and a half later schubert too had died,a year and a half later shubet komah 2 komah had died full stop
igbo,general,"Nini said, Arin, it doesnt matter if you dont handle your page but your people should know your people. Whoever handling your page will know you are my girl and they wouldnt leave that comment no matter what.
"," Nini said, comma, are you comma? It doesn't matter if we don't handle your page but your people should know your people. Full stop. Whoever handling your page will know you're my girl and they wouldn't leave their comments no matter what. Full stop.",nini said arin it doesnt matter if you dont handle your page but your people should know your people whoever handling your page will know you are my girl and they wouldnt leave that comment no matter what,nini said comma are you comma it does not matter if we do not handle your page but your people should know your people full stop whoever handling your page will know you are my girl and they would not leave their comments no matter what full stop
igbo,clinical,"I each species Rance,when the childs behavior has become appropriate, he or she should be praised, and extra attention should be given."," In each specific instance comma, when the child's behavior has become appropriate comma, he or she should be praised comma, and extra attention should be given through stop.",i each species rance when the childs behavior has become appropriate he or she should be praised and extra attention should be given,in each specific instance comma when the child is behavior has become appropriate comma he or she should be praised comma and extra attention should be given through stop
igbo,clinical,"On the day of admission she returned to the outside hospital Emergency Room where an abdominal CT was performed, which showed "" thickened stomach and free air ."""," On the day of admission, she returned to the outside hospital emergency room where an abdominal CT was performed, which showed thickened stomach and free air.",on the day of admission she returned to the outside hospital emergency room where an abdominal ct was performed which showed thickened stomach and free air,on the day of admission she returned to the outside hospital emergency room where an abdominal ct was performed which showed thickened stomach and free air
igbo,clinical,She requested that friends Mahpotay and Linma remain with her during interview; Abbey Ekasay interpreted.," She requested that friends Mapote and Lima remain with her during interview, abe Ekase interpreted.",she requested that friends mahpotay and linma remain with her during interview abbey ekasay interpreted,she requested that friends mapote and lima remain with her during interview abe ekase interpreted
igbo,general,"A public elementary school , Basin Grade School , serves 15 to 20 students , pre - kindergarten through sixth grade . Older students attend school in Boulder ."," The public elementary school, Basin grade school, class 15 to 20 students, pre-kinger, got in 3rd, 6th grade, full stop. Older students attend school in Boulder, full stop.",a public elementary school basin grade school serves 15 to 20 students pre kindergarten through 6th grade older students attend school in boulder,the public elementary school basin grade school class 15 to 20 students pre kinger got in 3rd 6th grade full stop older students attend school in boulder full stop
igbo,general,"Ijeudo came down with Akajiaku disease, and was treated with Ikechukwu drug at Jos hospital on 09 Feb, 1975
", Hideo Joe came down with Akajaku disease comma almost treated with EK2-Ku drug at Joe's hospital on 9 February comma 1975.,ijeudo came down with akajiaku disease and was treated with ikechukwu drug at jos hospital on 9 feb 1975,hideo joe came down with akajaku disease comma almost treated with ek 2 ku drug at joe is hospital on 9 february comma 1975
igbo,clinical,CARD--Ukonwa BP STABLE AND HR 80-90'S., Card Okonwa BP Steeble and HR 80-90s,card ukonwa bp stable and hr 80 90 is,card okonwa bp steeble and hr 80 90s
igbo,general,"Which unfortunately brings us to the question of whether well have a free and fair election, even by our own low standards."," which unfortunately brings us to the question of whether wealth has a free and fair election, even by our own low standards.",which unfortunately brings us to the question of whether well have a free and fair election even by our own low standards,which unfortunately brings us to the question of whether wealth has a free and fair election even by our own low standards
igbo,clinical,Stimulants should be reserved for short-term use., Stimulants should be reserved for short-term use.,stimulants should be reserved for short term use,stimulants should be reserved for short term use
igbo,clinical,AhmayNeurosurgery team was immediately consulted regarding his subdural hematoma., Ahmed Nero-Sajid's team was immediately consulted regarding his subdural hematoma.,ahmayneurosurgery team was immediately consulted regarding his subdural hematoma,ahmed nero sajid is team was immediately consulted regarding his subdural hematoma
igbo,general,"This is included in the districts recently adopted 2020-21 school budget.
", This is included in the districts recently adopted 2020 iPhone 21 school projects for stop.,this is included in the districts recently adopted 2020 21 school budget,this is included in the districts recently adopted 2020 iphone 21 school projects for stop
igbo,general,The words translate literally to a pious person in a fur coat., the world's translated literally to a pile spacing in a four-code booster.,the words translate literally to a pious person in a fur coat,the world is translated literally to a pile spacing in a 4 code booster
igbo,clinical,"During this time adequate collateral circulation develops, which is sufficient to avoid acute venous hypertension."," During this time, acute collateral circulation develops, which is avoid acute venous hypertension, full stop.",during this time adequate collateral circulation develops which is sufficient to avoid acute venous hypertension,during this time acute collateral circulation develops which is avoid acute venous hypertension full stop
igbo,clinical,3 GatD: O: Temps stable in servo isolette., 3 got D colon O colon times Tivo in Savo Isolates,3 gatd 0 temps stable in servo isolette,3 got d colon 0 colon times tivo in savo isolates
igbo,general,"Though it does open up a bit more as you progress.
", though it does open up a bit more as you progress.,though it does open up a bit more as you progress,though it does open up a bit more as you progress
igbo,general,"Now, I know what the odds are, but were still playing for the No. 2 seed and a home playoff game.
", Now I know what the odds are but we're still playing for the number two seed and a home playoff game.,now i know what the odds are but were still playing for the no 2 seed and a home playoff game,now i know what the odds are but we are still playing for the number 2 seed and a home playoff game
igbo,clinical,The anterior surface of the body of the pancreas is covered by peritoneum.," The anterior surface of the body of the pancreas is covered by a paratonium, full stop.",the anterior surface of the body of the pancreas is covered by peritoneum,the anterior surface of the body of the pancreas is covered by a paratonium full stop
igbo,clinical,"Wash thermometer in lukewarm, soapy water."," Wash thermometer in lukewarm, or soapy water first stop.",wash thermometer in lukewarm soapy water,wash thermometer in lukewarm or soapy water 1st stop
igbo,clinical,LABORATORY DATA: On admission sodium 138 potassium 5.8 chloride 103 CO2 25 BUN 45 creatinine 6.3 glucose 94 white count of 3 hematocrit 26.8 platelet count 171 000., on admission student 100 and that's it but action 5.8. Lurid 100 on three COS to 25 BUN 45 crits in nine 6.3 because 94 wide count of three hematocrit 26.8 Palate late count one someone,laboratory data on admission sodium 138 potassium 5.8 chloride 103 co 2 25 bun 45 creatinine 6.3 glucose 94 white count of 3 hematocrit 26.8 platelet count 171 0,on admission student 100 and that is it but action 5.8 lurid 100 on 3 cos to 25 bun 45 crits in 9 6.3 because 94 wide count of 3 hematocrit 26.8 palate late count one someone
igbo,clinical,Urinary tract infection.," Urinary tract infection, full stop.",urinary tract infection,urinary tract infection full stop
igbo,general,"Surgical drain technique
", Sojical Dream Technique,surgical drain technique,sojical dream technique
igbo,clinical,small spit x1 noted on sheets at beginning of shift.," small speed times 1, noted on sheet at the beginning of shift, full stop",small spit x one noted on sheets at beginning of shift,small speed times one noted on sheet at the beginning of shift full stop
igbo,clinical,Wean off Levo if able., The wind of level is evil.,wean off levo if able,the wind of level is evil
igbo,clinical,Coughing up tenacious yellow sputum sent for gram stain and C and S conts on azythromycin po., Coffee Nobtena Shus Yellow Spoon Senfa Gramstein and Coal Chil and Sensitivity Continues on Azitromai Simpa Oral Full Stock,coughing up tenacious yellow sputum sent for gram stain and c and s conts on azythromycin po,coffee nobtena shus yellow spoon senfa gramstein and coal chil and sensitivity continues on azitromai simpa oral full stock
igbo,general,"Parents called at 11:22am and were updated by Dr Chimbusomma Ugeanugo
", We are updated by Dr. Shibusoma Ugarano.,parents called at 11 22 am and were updated by doctor chimbusomma ugeanugo,we are updated by doctor shibusoma ugarano
igbo,clinical,"With loss of normal immune competence ,  as in conditions of neutropenia for example, periodontal destruction may be greatly accelerated."," with loss of normal immune competence, as in conditions of schizophrenia, for example, coma, where a dental destruction may be greatly accelerated to stop",with loss of normal immune competence as in conditions of neutropenia for example periodontal destruction may be greatly accelerated,with loss of normal immune competence as in conditions of schizophrenia for example coma where a dental destruction may be greatly accelerated to stop
igbo,clinical,"The characteristic auscultatory findings of AS include a harsh, crescendo-decrescendo systolic murmur at the right second intercostal space, often with radiation to the carotid arteries."," The characteristics of two-day tree findings of AS include the hash comma crescendo, the crescendo system with more and more at the right second intercostal space comma opting with tradition to the carotid arteries, full stop.",the characteristic auscultatory findings of as include a harsh crescendo decrescendo systolic murmur at the right 2nd intercostal space often with radiation to the carotid arteries,the characteristics of 2 day tree findings of as include the hash comma crescendo the crescendo system with more and more at the right 2nd intercostal space comma opting with tradition to the carotid arteries full stop
igbo,clinical,A: DROWSY AT TIME.," E, at time.",a drowsy at time,e at time
igbo,general,Formation and early years  1967  69," Formation and Early Years, 1967-69.",formation and early years 1967 69,formation and early years 1967 69
igbo,clinical,There is a small amount of retained stool in the right colon., There is a small amount of retained stew in the right column.,there is a small amount of retained stool in the right colon,there is a small amount of retained stew in the right column
igbo,general,"People are saying they still need him more in the state.
", People are seeing this unity more in the states.,people are saying they still need him more in the state,people are seeing this unity more in the states
igbo,clinical,"At the completion of the program, the medical student is required to complete an evaluation form provided by OREF."," At the completion of the program comma, the medical student is required to complete an evaluation form provided by OREF, full stop.",at the completion of the program the medical student is required to complete an evaluation form provided by oref,at the completion of the program comma the medical student is required to complete an evaluation form provided by oref full stop
igbo,general,The disabled man said that he was unable to get to the pool for healing., did this abled man say that he was unable to get to the pool for healing full stop?,the disabled man said that he was unable to get to the pool for healing,did this abled man say that he was unable to get to the pool for healing full stop
igbo,general,"Nearly all motorways have overhead lighting including those in rural areas.
", Nearly all motorways have overhead lights including those in rural areas full stop.,nearly all motorways have overhead lighting including those in rural areas,nearly all motorways have overhead lights including those in rural areas full stop
igbo,general,"Behind every public image are a set of challenges  some of which are temporary and others that never go away.
"," Behind every public image are a set of challenges, some of which are temporary and others that never go away. Full stop.",behind every public image are a set of challenges some of which are temporary and others that never go away,behind every public image are a set of challenges some of which are temporary and others that never go away full stop
igbo,clinical,"Nausea has been a common side effect early in naltrexone treatment for alcoholism, but is generally mild and clears with continued use."," Nausea has been a common side effect early in natural zone treatment for alcoholism, but is generally mild and clears with continued use.",nausea has been a common side effect early in naltrexone treatment for alcoholism but is generally mild and clears with continued use,nausea has been a common side effect early in natural zone treatment for alcoholism but is generally mild and clears with continued use
igbo,general,"The band started in 2010.
"," The band started in 2010, full stop.",the band started in 2010,the band started in 2010 full stop
igbo,general,"Abdominal fullness with abdominal pain. next line. Obiadi Laolu Warri No history of use of blood thinners. No history of blood disorders in the family. She does not bleed from any other orifice
"," Abdominal fullness with abdominal pain, full stop, next line full stop, Obiadila or Duvori, no history of use of blood thinners, full stop, no history of blood disorders in the family, full stop. She does not bleed from any other orifice.",abdominal fullness with abdominal pain next line obiadi laolu warri no history of use of blood thinners no history of blood disorders in the family she does not bleed from any other orifice,abdominal fullness with abdominal pain full stop next line full stop obiadila or duvori no history of use of blood thinners full stop no history of blood disorders in the family full stop she does not bleed from any other orifice
igbo,clinical,A 10 mm light path cuvette is recommended for the clinical chemistry tests included in this publication., A 10mm light pad cover is recommended for the clinical chemistry test included in this publication. Full stop.,a 10 light path cuvette is recommended for the clinical chemistry tests included in this publication,a 10 hmm light pad cover is recommended for the clinical chemistry test included in this publication full stop
igbo,clinical,Third generation Antidepressants Venlafaxine: it is currently available in a slow release preparation that enables once-daily dosing.," It is currently available in its two release preparation that enables once-I think daily dozing, full stop.",3rd generation antidepressants venlafaxine it is currently available in a slow release preparation that enables once daily dosing,it is currently available in its 2 release preparation that enables once i think daily dozing full stop
igbo,clinical,Her urine was negative for infection and with diuresis she no longer complained of nausea or pain.., Her urine was negative for infection and with turices she no longer complained of new sea uping.,her urine was negative for infection and with diuresis she no longer complained of nausea or pain .,her urine was negative for infection and with turices she no longer complained of new sea uping
igbo,clinical,"Conservative and operative treatments have had mixed results depending on the patients age, activity level, type of tear and presence of concomitant injuries."," Conservative and Operative Treatment have had missed results depending on the patient's age, activity level, type of care, and presence of concomitant injuries.",conservative and operative treatments have had mixed results depending on the patients age activity level type of tear and presence of concomitant injuries,conservative and operative treatment have had missed results depending on the patient is age activity level type of care and presence of concomitant injuries
igbo,clinical,No response to deep tissue stimuli., No response to deep tissue stimuli.,no response to deep tissue stimuli,no response to deep tissue stimuli
igbo,clinical,The pathologic findings in the brain are petechial haemorrhages on the leptomeninges and minute haemorrhages in the parenchyma., The pathologic findings in the brain are particular hemorrhages on the leptomenanges and minute hemorrhages in the pyrrhenchyma.,the pathologic findings in the brain are petechial hemorrhages on the leptomeninges and minute hemorrhages in the parenchyma,the pathologic findings in the brain are particular hemorrhages on the leptomenanges and minute hemorrhages in the pyrrhenchyma
igbo,general,"The cemetery closed in 1992 and since then has been maintained by the local council and the Lansdown Cemetery Trust .
"," The cemetery closed in 1992 and since then has been maintained by the local council and the last dancemetery troughs, full stop.",the cemetery closed in 1992 and since then has been maintained by the local council and the lansdown cemetery trust,the cemetery closed in 1992 and since then has been maintained by the local council and the last dancemetery troughs full stop
igbo,clinical,"Giant cell carcinoma: This type is composed of highly anaplastic giant cells showing numerous atypical mitoses, 816 SECTION III Systemic Pathology of parenchymal cells and variable amount of stromal fat."," Giant Cell Casinoma Colon This type is composed of highly anaplastic giant cells, showing numerals a typical mitosis, 816 section 3 systemic pathology of pyentama cells and variable amounts of stroma path.",giant cell carcinoma this type is composed of highly anaplastic giant cells showing numerous atypical mitoses 816 section iii systemic pathology of parenchymal cells and variable amount of stromal fat,giant cell casinoma colon this type is composed of highly anaplastic giant cells showing numerals a typical mitosis 816 section 3 systemic pathology of pyentama cells and variable amounts of stroma path
igbo,clinical,A bulging congested drum is seen in exudative stage of acute otitis media., A bulging congested drum is seen in the exudative stage of acute otitis media.,a bulging congested drum is seen in exudative stage of acute otitis media,a bulging congested drum is seen in the exudative stage of acute otitis media
igbo,clinical,First time hospital Mmadubuike appropriately nervous but excited involved.," The first time was Pizu Umadubiki, appropriately nervous, but excited, and involved to first open.",1st time hospital mmadubuike appropriately nervous but excited involved,the 1st time was pizu umadubiki appropriately nervous but excited and involved to 1st open
igbo,general,"The expert, who was in Wuhan this week, claimed he had to escape from the city yesterday after noticing the jaw-droppingly poor preventative measures enforced by the local authorities."," The SBAR, who was in Wuhan this week, can claim he had to escape from the city yesterday after noticing the jaw hyphen, do up to four preventative measures enforced by the local authorities for stopping.",the expert who was in wuhan this week claimed he had to escape from the city yesterday after noticing the jaw droppingly poor preventative measures enforced by the local authorities,the sbar who was in wuhan this week can claim he had to escape from the city yesterday after noticing the jaw hyphen do up to 4 preventative measures enforced by the local authorities for stopping
igbo,general,"She said her father and younger brother taught her ball joggling.
", Fisera Fara Nayonga Berato Taboyo Glenfuso.,she said her father and younger brother taught her ball joggling,fisera fara nayonga berato taboyo glenfuso
igbo,general,"The short answer: The vaccines are more alike than they are different, especially for members of the general public.
"," The short answer, colon, the vaccines are more alike than they are different, especially for members of the general public.",the short answer the vaccines are more alike than they are different especially for members of the general public,the short answer colon the vaccines are more alike than they are different especially for members of the general public
igbo,general,"On the restarting of the suburban railway network in Mumbai, Uddhav Thackeray said, What if families fall ill and their houses are sealed?
"," on the restarting of the sub-urban rail-wheel-network in Mumbai, would have Thakri said, what if families fought you and their houses are sealed?",on the restarting of the suburban railway network in mumbai uddhav thackeray said what if families fall ill and their houses are sealed,on the restarting of the sub urban rail wheel network in mumbai would have thakri said what if families fought you and their houses are sealed
igbo,clinical,"Therefore, conductive loss shows a loss of hearing by air conduction tests and normal hearing by bone conduction test air-bon eor AB gap."," Therefore, comma, conductive loss shows a loss of hearing by air conduction tests and normal hearing by bone conduction tests, air, ifen, bone, or AB gap, full stop.",therefore conductive loss shows a loss of hearing by air conduction tests and normal hearing by bone conduction test air bon eor ab gap,therefore comma conductive loss shows a loss of hearing by air conduction tests and normal hearing by bone conduction tests air ifen bone or ab gap full stop
igbo,general,"Members of the press sit and listen to them.
"," Members of the press, sit and listen to them.",members of the press sit and listen to them,members of the press sit and listen to them
igbo,general,"The high levels of mercury in her hair could be symptomatic of poisoning.
", the high levels of macrina hair could be symptomatic of poisoning in full stop.,the high levels of mercury in her hair could be symptomatic of poisoning,the high levels of macrina hair could be symptomatic of poisoning in full stop
igbo,general,"He was apparently well until 2 days ago when he developed high fever with associated chills and rigor. Next line.
", He was apparently well onto two days ago when he developed high fever with associated chills and rigour. Full stop. Next line. Full stop.,he was apparently well until 2 days ago when he developed high fever with associated chills and rigor next line,he was apparently well onto 2 days ago when he developed high fever with associated chills and rigor full stop next line full stop
igbo,clinical,1. Hiatal hernia ., one.,one hiatal hernia,one
igbo,general,"Parents called at 11:22am and were updated by Dr Onyebuchi Ikpendu
", current code at 1122 a.m. and we're obfuscated by Dr. Onobuji.,parents called at 11 22 am and were updated by doctor onyebuchi ikpendu,current code at 1122 a m and we are obfuscated by doctor onobuji
igbo,clinical,"Continuing pregnancy after spontaneous abortion of one fetus or more,. AEROSOL, FOAM, TOPICAL ECOZA, ECONAZOLE NITRATE, 1%. Poisoning by unspecified psychostimulants, accidental (unintentional),"," Continuing pregnancy after spontaneous abortion of one foetus or more. Aerosol, foam, topical ecusa, echinazole nitrates, 1%, poisoning by unspecified cycle stimulants, acidental open-bracket, unintentional closed-bracket.",continuing pregnancy after spontaneous abortion of one fetus or more aerosol foam topical ecoza econazole nitrate one poisoning by unspecified psychostimulants accidental,continuing pregnancy after spontaneous abortion of one fetus or more aerosol foam topical ecusa echinazole nitrates one poisoning by unspecified cycle stimulants acidental open bracket unintentional closed bracket
igbo,clinical,"Table illustrates how difficult it is to detect adverse drug reactions with 95 confidence, even when there is no background incidence and the diagnostic accuracy is 100."," Table illustrates how difficult it is to detect adverse drug reactions with 95 confidence, comma, even when there is no background incidents and the diagnostic accuracy is 100.",table illustrates how difficult it is to detect adverse drug reactions with 95 confidence even when there is no background incidence and the diagnostic accuracy is 100,table illustrates how difficult it is to detect adverse drug reactions with 95 confidence comma even when there is no background incidents and the diagnostic accuracy is 100
igbo,clinical,IV reglan protonis bisycodal continues.," IV reglan, protonis, bicycodile continues.",iv reglan protonis bisycodal continues,iv reglan protonis bicycodile continues
igbo,general,"Mrs. Clinton, the presidential candidate of the Democrats did not play the role of a sore loser as Mr. Trump is now doing."," Ms. Clinton, the presidential candidate of the Democrats, did not play the role of a sole loser as Mr. Trump is now doing full stop.",missus clinton the presidential candidate of the democrats did not play the role of a sore loser as mister trump is now doing,ms clinton the presidential candidate of the democrats did not play the role of a sole loser as mister trump is now doing full stop
igbo,clinical,"The patient was subsequently transferred to the Cardiac Surgery Recovery Unit, intubated, for further evaluation and management ."," The patients were subsequently transferred to the cardiac surgery recovery unit, intubated for photoevaluation and management.",the patient was subsequently transferred to the cardiac surgery recovery unit intubated for further evaluation and management,the patients were subsequently transferred to the cardiac surgery recovery unit intubated for photoevaluation and management
igbo,general,"According to the Chairman, Export Group, Manufacturers Association of NigeriaVice Chairman, Sapele Integrated Industries Limited. Mr Ede Dafinone, there is no equality requirement on imports and exports for nations.
"," According to the chairman, expert group, Manifestional Association of Nigeria Vice Chairman, SAPELA Integrated Industries Limited, FUSTO, Mr. Ede Dafioni, there is no equality requirement on imports and export foundations, FUSTO.",according to the chairman export group manufacturers association of nigeriavice chairman sapele integrated industries limited mister ede dafinone there is no equality requirement on imports and exports for nations,according to the chairman expert group manifestional association of nigeria vice chairman sapela integrated industries limited fusto mister ede dafioni there is no equality requirement on imports and export foundations fusto
igbo,general,Her six lawsuits in Maine are among hundreds she has filed in more than a dozen states.," 6 lawsuits remain among the hundreds, she has cried in more than a dozen states.",her 6 lawsuits in maine are among 100s she has filed in more than a dozen states,6 lawsuits remain among the 100s she has cried in more than a dozen states
igbo,general,"Esa Oke community asks Oyetola to upgrade OSCOTECH to varsity of technology
", SAP Community Act of Italy to upgrade or protect the capacity of technology.,esa oke community asks oyetola to upgrade oscotech to varsity of technology,sap community act of italy to upgrade or protect the capacity of technology
igbo,clinical,Pt extubated 8 and delicate resp status for several days with marked improvement in last 36h., Patient extubated it and delicate respiratory status for several days with marked improvement in last 36 hours.,pt extubated 8 and delicate resp status for several days with marked improvement in last 36 h,patient extubated it and delicate respiratory status for several days with marked improvement in last 36 hours
igbo,general,"If it were possible for aides to walk around for Nigerian politicians or defecate on their behalf, they would have outsourced these activities too.
"," If it were possible for AIDS to work around for Nigerian politicians or defecate on their behalf, they would have outsourced these activities to full stop.",if it were possible for aides to walk around for nigerian politicians or defecate on their behalf they would have outsourced these activities too,if it were possible for aids to work around for nigerian politicians or defecate on their behalf they would have outsourced these activities to full stop
igbo,clinical,"Otherside effects include fever,rashes,proteinuria,peripheralneuropathy,and rarely,agranulocytosis."," Other side effects include fever, coma, rashes, coma, proteinuria, coma, peripheral neuropathy, coma, and rarely, coma, agranulocytosis.",otherside effects include fever rashes proteinuria peripheralneuropathy and rarely agranulocytosis,other side effects include fever coma rashes coma proteinuria coma peripheral neuropathy coma and rarely coma agranulocytosis
igbo,general,"The Democratic race is increasingly being overshadowed by the ongoing coronavirus crisis.
", The democratic race is increasingly being overshadowed by the ongoing coronavirus crisis for stock.,the democratic race is increasingly being overshadowed by the ongoing coronavirus crisis,the democratic race is increasingly being overshadowed by the ongoing coronavirus crisis for stock
igbo,general,We wanted to give our players the best possible advice., We wanted to give our players the best possible advice. Full stop.,we wanted to give our players the best possible advice,we wanted to give our players the best possible advice full stop
igbo,clinical,Orthopedics Dr. Degbay Uwa  appointment scheduled for 05-02-1981 at 2: 00 p.m.3., Autopedic Doctor D.V. Owa appointment scheduled for 5th February 1981 at 2 p.m. 3,orthopedics doctor degbay uwa appointment scheduled for 5 2 1981 at 2 0 p m.3,autopedic doctor d v owa appointment scheduled for 5th february 1981 at 2 p m 3
igbo,clinical,"Use method known to prevent harm from anesthetic administration, while protecting the patient from pain 3."," Use method known to prevent harm from anaesthetic administration, while protecting the patients from pain 3. Full stop.",use method known to prevent harm from anesthetic administration while protecting the patient from pain 3,use method known to prevent harm from anesthetic administration while protecting the patients from pain 3 full stop
igbo,general,"Formats and track listings
", Formats and Track Listings.,formats and track listings,formats and track listings
igbo,clinical,"The skin has five kinds of glands: merocrine sweat glands, apocrine sweat glands, sebaceous glands, ceruminous glands, and mammary glands."," The skin has 5 kinds of glands, Cologne, Meru Cranc Swede Glands, Apocran Swede Glands, Sebasho's Glands, Cerumino's Glands, and Mamari Glands, Full Stop.",the skin has 5 kinds of glands merocrine sweat glands apocrine sweat glands sebaceous glands ceruminous glands and mammary glands,the skin has 5 kinds of glands cologne meru cranc swede glands apocran swede glands sebasho is glands cerumino is glands and mamari glands full stop
igbo,clinical,"Battery, rechargeable from a solar panel.", battery command which are you boot from is solar panel first off,battery rechargeable from a solar panel,battery command which are you boot from is solar panel 1st off
igbo,general,"I supported MC Oluomo to become Lagos NURTW chairman but he is now after me
", I supported FC Ulomo to be gone because he knew I looked it down the shaman because he is now after me,i supported mc oluomo to become lagos nurtw chairman but he is now after me,i supported fc ulomo to be gone because he knew i looked it down the shaman because he is now after me
igbo,clinical,"Laceration of other extensor muscle, fascia and tendon at forearm leve. TABLET, ORAL ATENOLOL, ATENOLOL, 100MG. Exposure to bed fire due to burning cigarette, initial encounter"," Placeration of other essential muscles, fascia and tendon at forearm levy. Tablet, oral atenolol, atenolol, 100 mg, exposure to bed fire due to burning secret, initial encounter.",laceration of other extensor muscle fascia and tendon at forearm leve tablet oral atenolol atenolol 100 mg exposure to bed fire due to burning cigarette initial encounter,placeration of other essential muscles fascia and tendon at forearm levy tablet oral atenolol atenolol 100 mg exposure to bed fire due to burning secret initial encounter
igbo,clinical,SIGNS AND SYMPTOMS Can present acutely as an abscess fluctuant mass or chronically as a draining sinus with pain at the top of the gluteal cleft.," Science and symptoms can present actually as an abscess, flogged on mass, or chronically acid-raining sinus with pain at the top of the gluteal cleft, full stop.",signs and symptoms can present acutely as an abscess fluctuant mass or chronically as a draining sinus with pain at the top of the gluteal cleft,science and symptoms can present actually as an abscess flogged on mass or chronically acid raining sinus with pain at the top of the gluteal cleft full stop
igbo,clinical,"Non-standardized psychotherapies such as: psychodynamic, psychotherapy and reminiscence therapy, are also proposed as appropriate treatments for geriatric depression."," Nonstandardized psychotherapies such as coma, psychodynamic psychotherapy, and remissense therapy, are also proposed as appropriate treatment for geriatric depression, full stop.",non standardized psychotherapies such as psychodynamic psychotherapy and reminiscence therapy are also proposed as appropriate treatments for geriatric depression,nonstandardized psychotherapies such as coma psychodynamic psychotherapy and remissense therapy are also proposed as appropriate treatment for geriatric depression full stop
igbo,clinical,Neonatal hyperbilirubinemia can result in bluish discoloration of the deciduous teeth., Neonatal hyperbiliviribinemia can result in bleuish discoloration of the deciduous state of full stop.,neonatal hyperbilirubinemia can result in bluish discoloration of the deciduous teeth,neonatal hyperbiliviribinemia can result in bleuish discoloration of the deciduous state of full stop
igbo,clinical,"In most cases, patients who are cooperative prefer oral administration to parenteral medications.
"," In most cases, patients who are cooperative prefer oral administration to parent-child medications full stop.",in most cases patients who are cooperative prefer oral administration to parenteral medications,in most cases patients who are cooperative prefer oral administration to parent child medications full stop
igbo,clinical,Acute leukaemia Gingival swelling is most frequently seen in acute myelomonocytic leukaemia.," Acute leukemia. Gingival swelling is most frequently seen in acute myelomonocytic leukemia, full stop.",acute leukemia gingival swelling is most frequently seen in acute myelomonocytic leukemia,acute leukemia gingival swelling is most frequently seen in acute myelomonocytic leukemia full stop
igbo,clinical,X1 WITH DILAUDID FOR BACK PAIN., X1 with Dialua Deep for backpins.,x one with dilaudid for back pain,x one with dialua deep for backpins
igbo,clinical,"Ascorbic Acid principal forms of vitamin C are ascorbic acid and the oxidized form, dehydroascorbic acid."," Ascobic acid, principal forms of vitamin C are ascobic acid and the oxidized form dehydroascobic acid.",ascorbic acid principal forms of vitamin c are ascorbic acid and the oxidized form dehydroascorbic acid,ascobic acid principal forms of vitamin c are ascobic acid and the oxidized form dehydroascobic acid
igbo,general,"Expectations are high that the US House of Representatives will pass the stimulus measure to support distressed industries, including airlines, after the Senate cleared the proposal.
"," Expectations are high that the U.S. House of Representatives will pass the stimulus measure to support the stressed industries, including airlines, after the Senate cleared the proposal full stop.",expectations are high that the us house of representatives will pass the stimulus measure to support distressed industries including airlines after the senate cleared the proposal,expectations are high that the u s house of representatives will pass the stimulus measure to support the stressed industries including airlines after the senate cleared the proposal full stop
igbo,clinical,CV: Neo drip weaned to off at 1200., CV new drip wings to off at 12.00,cv neo drip weaned to off at 1200,cv new drip wings to off at 12
igbo,general,"Akubuilo began playing the piano when he was a young child at Umuahia elementary school
", Acovillo began playing the piano when he was a young child at Omaha Elementary School.,akubuilo began playing the piano when he was a young child at umuahia elementary school,acovillo began playing the piano when he was a young child at omaha elementary school
igbo,clinical,The patient was admitted to the Arkzie- Memorial for lumbar puncture ., The patient was admitted to the AXI Memorial for Lumber Puncture.,the patient was admitted to the arkzie memorial for lumbar puncture,the patient was admitted to the axi memorial for lumber puncture
igbo,clinical,SOCIAL: Multiple family members in to visit and updated on pt's POC and prognosis by this RN and Dr. Ekezie.," Social, multiple family members in to visit and updated on patients, POC and prognosis by this RN and Dr. Ekezi.",social multiple family members in to visit and updated on pt is poc and prognosis by this rn and doctor ekezie,social multiple family members in to visit and updated on patients poc and prognosis by this rn and doctor ekezi
igbo,clinical,At that time it could be essentially closed through a catheterization procedure.," At that time, it could be essentially closed through a characterization procedure.",at that time it could be essentially closed through a catheterization procedure,at that time it could be essentially closed through a characterization procedure
igbo,general,"In the meantime, we already set up the manual patrol the military is going around the airport facilities for improved security.
"," In the meantime, we already set up the manual patrol. The military is going around the airport facilities for improved security.",in the meantime we already set up the manual patrol the military is going around the airport facilities for improved security,in the meantime we already set up the manual patrol the military is going around the airport facilities for improved security
igbo,clinical,The knots should be tied buccally., The knots should be tied bookily.,the knots should be tied buccally,the knots should be tied bookily
igbo,general,It is always such a delight to witness the weekend. Were never getting over the thrills and joy that come with Saturdays. And knowing that so many people around the world are saying their I do at this time? Absolutely priceless.," And when there's so many people around the world, I think I do a deep-dive question mark. I'll do a deep-dive question mark.",it is always such a delight to witness the weekend were never getting over the thrills and joy that come with saturdays and knowing that so many people around the world are saying their i do at this time absolutely priceless,and when there is so many people around the world i think i do a deep dive question mark i will do a deep dive question mark
igbo,general,"They were introduced to Sydney roads last December, with more than 3300 drivers caught during the first week of operation and issued with a warning."," They were introduced to Sydney Woods last December, with more than 3,300 drivers caught during the first week of operation and issued with a warning who stole.",they were introduced to sydney roads last december with more than 3300 drivers caught during the 1st week of operation and issued with a warning,they were introduced to sydney woods last december with more than 3300 drivers caught during the 1st week of operation and issued with a warning who stole
igbo,clinical,Received 1st maintainence dose today., Received first maintenance dues to be,received 1st maintainence dose today,received 1st maintenance dues to be
igbo,general,"Of the 36 local companies that IPOd last year, 17 finished the year at stock prices higher than their IPO price, and 19 lost value.
", of the 36 local companies that IPO the last year comma 17 finished the year at stock prices higher than the IPO price comma and 19 lost value full stock,of the 36 local companies that ipod last year 17 finished the year at stock prices higher than their ipo price and 19 lost value,of the 36 local companies that ipo the last year comma 17 finished the year at stock prices higher than the ipo price comma and 19 lost value full stock
igbo,clinical,All other T-cells are involved in cellular immunity only., All other T cells are involved in cellular immunity only if you stop.,all other t cells are involved in cellular immunity only,all other t cells are involved in cellular immunity only if you stop
igbo,clinical,Pain: pt ordered for Roxicet-has not required any.," Pain, colon, patient order for recited hyphen has not required any full stop.",pain pt ordered for roxicet has not required any,pain colon patient order for recited hyphen has not required any full stop
igbo,clinical,Neck pain radiates to the shoulder or scalp.," neck pain, redid, steady shoulder, or scalp push down",neck pain radiates to the shoulder or scalp,neck pain redid steady shoulder or scalp push down
igbo,clinical,RENAL: She continues on the lasix gtt at 10mg/hr., Reinal semicolumn she continues on the last six GTT at 10 mg slash hour,renal she continues on the lasix gtt at 10 mg hr,reinal semicolumn she continues on the last 6 gtt at 10 mg slash hour
igbo,general,"Knock on wood, we have not had to cancel this event yet, said Holly Anderson, assistant director of the municipally owned Snow Bowl.
"," No commode, we have not had to consider this event yet, said Holy Andersen, but is the director of the municipality owned snowball, full stop.",knock on wood we have not had to cancel this event yet said holly anderson assistant director of the municipally owned snow bowl,no commode we have not had to consider this event yet said holy andersen but is the director of the municipality owned snowball full stop
igbo,general,"When Gaveston was put in charge of the coronation, one thing after another went wrong."," When Gagrestin was put in charge of the Gronyshoguma, he then after another one, Shogfustok.",when gaveston was put in charge of the coronation one thing after another went wrong,when gagrestin was put in charge of the gronyshoguma he then after another one shogfustok
igbo,general,"When you look at photos taken on this phone, theyre not as rich as they are in real life - something to bear in mind before you start trying to edit them to perfection.
"," When you look at photos taken on this phone, they are not as rich as they are in real life. Hiving something to bear in mind before you start trying to edit them to perfection.",when you look at photos taken on this phone theyre not as rich as they are in real life something to bear in mind before you start trying to edit them to perfection,when you look at photos taken on this phone they are not as rich as they are in real life hiving something to bear in mind before you start trying to edit them to perfection
igbo,clinical,"Other dermatophytoses. INJECTABLE, INJECTION DEXTROSE 2.5% AND SODIUM CHLORIDE 0.11% IN PLASTIC CONTAINER, DEXTROSE; SODIUM CHLORIDE, 2.5GM/100ML;110MG/100ML. Cerebral infarction due to thrombosis of bilateral cerebellar arteries"," Other dematophytes is injectable, injection dextrose 2.5% and sodium chloride 0.11% in plastic container. Dextrose, sodium chloride, 5 gram per 100 mil, 110 milligram per 100 mil. Cerebral infection due to thrombosis of bilateral cerebellar actress.",other dermatophytoses injectable injection dextrose 2.5% and sodium chloride 0.11% in plastic container dextrose sodium chloride 2.5 gm 100 ml 110 mg 100 ml cerebral infarction due to thrombosis of bilateral cerebellar arteries,other dematophytes is injectable injection dextrose 2.5% and sodium chloride 0.11% in plastic container dextrose sodium chloride 5 gram per 100 mil 110 milligram per 100 mil cerebral infection due to thrombosis of bilateral cerebellar actress
igbo,clinical,O remains under single phototherapy with protective eye patches in place am bili to be drawn A hyperbili Pcont to follow levels max skin exposure to lights cont plan of care," All remains under single phototherapy with protective eye patches in place and billy to be drawn a hyperbill pecan to follow levels marks skin, especially to light con splandalfcate.",0 remains under single phototherapy with protective eye patches in place am bili to be drawn a hyperbili pcont to follow levels max skin exposure to lights cont plan of care,all remains under single phototherapy with protective eye patches in place and billy to be drawn a hyperbill pecan to follow levels marks skin especially to light con splandalfcate
igbo,clinical,"They do, however, compress adjacent tissue as they grow, usually the vestibular and cochlear nerve within the internal auditory canal IAC, but can compress the brain stem and facial nerve once they outgrow that space."," They do come however, come out, compress adjacent tissue as they grow, come out. Usually the vestibular and cochlear nerve within the internal auditory canal, IAC, come out, but can compress the brainstem and facial nerve once they are glued to space full stop.",they do however compress adjacent tissue as they grow usually the vestibular and cochlear nerve within the internal auditory canal iac but can compress the brain stem and facial nerve once they outgrow that space,they do come however come out compress adjacent tissue as they grow come out usually the vestibular and cochlear nerve within the internal auditory canal iac come out but can compress the brainstem and facial nerve once they are glued to space full stop
igbo,clinical,"A root displaced into the antrum usually causes sinusitis, but it may cause no more than mucosal thickening."," A root displaced into the antrum usually causes sinusitis, but it may cause no more than mucosaotic mucosaotic.",a root displaced into the antrum usually causes sinusitis but it may cause no more than mucosal thickening,a root displaced into the antrum usually causes sinusitis but it may cause no more than mucosaotic mucosaotic
igbo,clinical,"88 Use of neoadjuvant chemotherapy, portal vein embolization, two-stage hepatectomy, simultaneous ablation, and resection of the extrahepatic tumor in select patients have increased the number of patients eligible for a surgical approach."," ETH use of Nealjuvant Chemotherapy Comma, Putahavent Embalization Comma, 2-1 stage Hepatectomy Comma, Cermatinous Ablation Comma, and resection of extrahepatic tumor. Select patients have increased the number of patients eligible for surgical approach for stop",88 use of neoadjuvant chemotherapy portal vein embolization 2 stage hepatectomy simultaneous ablation and resection of the extrahepatic tumor in select patients have increased the number of patients eligible for a surgical approach,eth use of nealjuvant chemotherapy comma putahavent embalization comma 2 one stage hepatectomy comma cermatinous ablation comma and resection of extrahepatic tumor select patients have increased the number of patients eligible for surgical approach for stop
igbo,general,Peeta doesnt see the love as an act though and really does believe Katniss might love him., Peter doesn't see the love as an act too. I really does believe Katniss might love him full stop.,peeta doesnt see the love as an act though and really does believe katniss might love him,peter does not see the love as an act too i really does believe katniss might love him full stop
igbo,clinical,sxn for sm amts thick tan secretions.," SXN for SN, AMCS, Zecton secretion.",sxn for sm amts thick tan secretions,sxn for sn amcs zecton secretion
igbo,general,to find the field equations for QED .," friend,",to find the field equations for qed,friend
igbo,general,"He is the middle child of 5 boys and his brothers Chikodinaka and Uzoechie have been visiting and seem very supportive and also appropriately emotional.
"," is the middle side of Five Boys and his brothers Chico Denaka and Uzo Ishii have been visiting and seem very supportive and also appropriately emotional, full stop.",he is the middle child of 5 boys and his brothers chikodinaka and uzoechie have been visiting and seem very supportive and also appropriately emotional,is the middle side of 5 boys and his brothers chico denaka and uzo ishii have been visiting and seem very supportive and also appropriately emotional full stop
igbo,general,But new acquisitions will also be required., new acquisitions. We first of all require full stuff.,but new acquisitions will also be required,new acquisitions we 1st of all require full stuff
igbo,clinical,"Otorrhea, left ear. TABLET, ORAL MILTOWN, MEPROBAMATE, 600MG. Algoneurodystrophy, unspecified site"," Autoria, Left Ear, Tablet, O'Rourke, Mealtown, Meppro, Bammage, 600mg, Algonerodistrophy, Onspecified Site,",otorrhea left ear tablet oral miltown meprobamate 600 mg algoneurodystrophy unspecified site,autoria left ear tablet 0 rourke mealtown meppro bammage 600 mg algonerodistrophy onspecified site
igbo,clinical,Temp over 101 all day despite tylenol/motrin and ice packs so placed on cooling blanket at 1500., Temperature over 101 degrees all day despite the tylenol or motrin and ice packs so placed on cooling blankets at 1500 degrees.,temp over 101 all day despite tylenol motrin and ice packs so placed on cooling blanket at 1500,temperature over 101 degrees all day despite the tylenol or motrin and ice packs so placed on cooling blankets at 1500 degrees
igbo,clinical,HEENT : NC/AT ., H-E-N-C-N-C-P-E-T,heent nc at,h e n c n c p e t
igbo,general,"Death inhabits the rail tracks.
", Death inhabits the real tracks.,death inhabits the rail tracks,death inhabits the real tracks
igbo,general,He doesnt lack for ammunition., He doesn't lack for ammunition.,he doesnt lack for ammunition,he does not lack for ammunition
igbo,clinical,"Traumatic arthropathy, left ankle and foot. INJECTABLE, INJECTION CISPLATIN, CISPLATIN, 10MG/VIAL. Driver of bus injured in collision with fixed or stationary object in"," traumatic atropathy, left ankle and foot, injectable, injection cisplatin, 10 milligram per vial, driver of both injured in collision with fixed or stationary object in.",traumatic arthropathy left ankle and foot injectable injection cisplatin cisplatin 10 mg vial driver of bus injured in collision with fixed or stationary object in,traumatic atropathy left ankle and foot injectable injection cisplatin 10 milligram per vial driver of both injured in collision with fixed or stationary object in
igbo,clinical,"Will be discharged home with VNA and occupational therapy.
", We'll be discharged home with Vendor Neutral Archive and Occupational Therapy Full Stop.,will be discharged home with vna and occupational therapy,we will be discharged home with vendor neutral archive and occupational therapy full stop
igbo,general,"It just makes everything glowy and plump, which is important for me because Im on set all the time, and Im in front of lights, and Im on planes, and my skin dries out and it gets really dehydrated no matter how much water I drink.
"," It just makes everything glowy and plumb, which is important for me because I'm on set all the time, and I'm in front of light, and I'm on plain, and my skin dries out and it gets really dehydrated no matter how much water I drink.",it just makes everything glowy and plump which is important for me because im on set all the time and im in front of lights and im on planes and my skin dries out and it gets really dehydrated no matter how much water i drink,it just makes everything glowy and plumb which is important for me because i am on set all the time and i am in front of light and i am on plain and my skin dries out and it gets really dehydrated no matter how much water i drink
igbo,general,"So, its practices were rarely questioned.
"," So, comma, its practices were rarely questioned. Full stop.",so its practices were rarely questioned,so comma its practices were rarely questioned full stop
igbo,general,The agency made the announcement on Sunday night via its Twitter handle., The agency made the announcement on Sunday night via its feature handle.,the agency made the announcement on sunday night via its twitter handle,the agency made the announcement on sunday night via its feature handle
igbo,clinical,The questionnaire response rate was 61%., The questionnaires one's rate was 61%.,the questionnaire response rate was 61%,the questionnaires one is rate was 61%
igbo,general,They played many blues-style songs in Nashville.," the plate many blues iPhone style songs in Nashville, Houston.",they played many blues style songs in nashville,the plate many blues iphone style songs in nashville houston
igbo,general,"Temi Otedola is in love, and she has the smile to prove it.
", Demiote Dola is in love with Cormac and she has the smile to prove it.,temi otedola is in love and she has the smile to prove it,demiote dola is in love with cormac and she has the smile to prove it
igbo,general,"That rate is almost double the national average.
", That rate is almost double the national average.,that rate is almost double the national average,that rate is almost double the national average
igbo,clinical,CO 2 CI 14., CO2 chlorine 14,co 2 ci 14,co 2 chlorine 14
igbo,clinical,Easy bruising of unknown cause is a common phenomenon in women of child bearing age group., Easy bruising of unknown cause is a common phenomenon in women of child-bearing age group post-op.,easy bruising of unknown cause is a common phenomenon in women of child bearing age group,easy bruising of unknown cause is a common phenomenon in women of child bearing age group post op
igbo,general,"If he takes another beating a la Super Tuesday, with a wipeout in Florida looming the week after, Biden will be far north of 90 percent odds to win the nomination.
"," If he takes another beating, Allah, Super Tuesday, comma, with a wipeout in Florida looming the week after comma, Biden will be far north of 90 percent odds to win the nomination full stop.",if he takes another beating a la super tuesday with a wipeout in florida looming the week after biden will be far north of 90% odds to win the nomination,if he takes another beating allah super tuesday comma with a wipeout in florida looming the week after comma biden will be far north of 90% odds to win the nomination full stop
igbo,clinical,"erefore,thediagnostictestofchoiceis stillthe sweat test.
"," Therefore, comma, the diagnostic test of choice is still the sweat test, full stop.",erefore thediagnostictestofchoiceis stillthe sweat test,therefore comma the diagnostic test of choice is still the sweat test full stop
igbo,clinical,"Prevention approach to therapy and aggressiveness of treatment should be based on risk factors, including age, severity of overweight and obesity, and comorbidities, as well as family history and support."," prevention. Applied to therapy and aggressiveness of treatment should be based on risks factors, comma, including age, comma, severity of overweight and obesity, comma, and comorbidities, comma, as well as family history and support, full stop.",prevention approach to therapy and aggressiveness of treatment should be based on risk factors including age severity of overweight and obesity and comorbidities as well as family history and support,prevention applied to therapy and aggressiveness of treatment should be based on risks factors comma including age comma severity of overweight and obesity comma and comorbidities comma as well as family history and support full stop
igbo,general,"Ugeruomba came down with Orajimetochukwu disease, and was treated with Ebi drug at Yenagoa hospital on Sun 05 Jan, 2025
"," Ogey Rumba came down with Poragin Metochubo disease coma and was treated with apitrogyneva hospital on Sunday, January 50, 2025.",ugeruomba came down with orajimetochukwu disease and was treated with ebi drug at yenagoa hospital on sun 5 jan 2025,ogey rumba came down with poragin metochubo disease coma and was treated with apitrogyneva hospital on sunday january 50 2025
igbo,clinical,"grimacing to peri-care before care initiated.
", We may seem to pre-hyphen care before care initiated for stop.,grimacing to peri care before care initiated,we may seem to pre hyphen care before care initiated for stop
igbo,clinical,"Under the inuence of the reality principle, gratication of wishes may be delayed with the aim of eventually achieving greater andor safer pleasure.
"," under the Innuance of the Reality Principle, comma, gratification of wishes may be delayed with the aim of eventually achieving greater and or safer pleasure. Full stop.",under the inuence of the reality principle gratication of wishes may be delayed with the aim of eventually achieving greater andor safer pleasure,under the innuance of the reality principle comma gratification of wishes may be delayed with the aim of eventually achieving greater and or safer pleasure full stop
igbo,general,"Nollywood doesnt exist in a vacuum.
"," Not only would it not exist in a vacuum, full stop.",nollywood doesnt exist in a vacuum,not only would it not exist in a vacuum full stop
igbo,general,"If over N1tn has been disbursed, are they ghosts? It couldnt have been a ghost. Under the Differentiated Cash Reserve Requirement, over N1tn has been given out. The one for manufacturers, we call it the DCCR, and it is also at five  per cent.
"," If over 1 million TNRs been disbursed, add a ghost. If couldn't have been a ghost, full stop. Under the differentiated cash reserve requirements, over 1 TNN has been given out. Full stop. The one for manufacturers, we call it the DCCR, and it is also at 5% full stop.",if over n one tn has been disbursed are they ghosts it couldnt have been a ghost under the differentiated cash reserve requirement over n one tn has been given out the one for manufacturers we call it the dccr and it is also at 5%,if over 1000000 tnrs been disbursed add a ghost if could not have been a ghost full stop under the differentiated cash reserve requirements over one tnn has been given out full stop the one for manufacturers we call it the dccr and it is also at 5% full stop
igbo,clinical,Although the presence of distal gas radiographically argues against a malrotation/volvulus this must be excluded given the degree of bilious emesis.," Although the presence of this style gas would be graphically against immorotation or volvulus, this must be excluded given the degree of below MSC.",although the presence of distal gas radiographically argues against a malrotation volvulus this must be excluded given the degree of bilious emesis,although the presence of this style gas would be graphically against immorotation or volvulus this must be excluded given the degree of below msc
igbo,general,"A West End musical is a musical theatre production that has been performed in the West End theaters of London.
"," A West End Musical is a musical theatre production that has been performed in the West End theatres of London, Full Stop.",a west end musical is a musical theater production that has been performed in the west end theaters of london,a west end musical is a musical theater production that has been performed in the west end theaters of london full stop
igbo,clinical,This is the simplest and most effective treatment., This is the simplest and most effective treatment for stop.,this is the simplest and most effective treatment,this is the simplest and most effective treatment for stop
igbo,general,The emergence of new troubles with Max threatens to extend a crisis that is consuming one of Americas most influential companies and disrupting the global aviation business., The emergence of new troubles with mass threatens to a steady crisis that is consuming one of America's most influential companies and disrupting the global aviation business will stop.,the emergence of new troubles with max threatens to extend a crisis that is consuming one of americas most influential companies and disrupting the global aviation business,the emergence of new troubles with mass threatens to a steady crisis that is consuming one of america is most influential companies and disrupting the global aviation business will stop
igbo,clinical,"The superego, which develops as an outgrowth of both the ego and id, consists of the moral standards, values and prohibitions that have been internalized throughout childhood and adolescence."," The Super-Iggo Komor which develops as an outquote of both the ego and idea, Komor consists of the moral standards, Komor values, and prohibitions that have been internalized throughout childhood and adolescence.",the superego which develops as an outgrowth of both the ego and id consists of the moral standards values and prohibitions that have been internalized throughout childhood and adolescence,the super iggo komor which develops as an outquote of both the ego and idea komor consists of the moral standards komor values and prohibitions that have been internalized throughout childhood and adolescence
igbo,general,"Dr Chokayloo Kamglo speaking. Next line. Chief complaints: next line. Patient had fever, generalized body pain, and bitter taste for 2 weeks duration
"," Dr. Chukilu Kamglows speaking, full stop. Next line, full stop. Thief complaint colon. Next line, full stop. Patient heart fever coma. Generalized body pain coma. And bitter taste for two weeks duration.",doctor chokayloo kamglo speaking next line chief complaints next line patient had fever generalized body pain and bitter taste for 2 weeks duration,doctor chukilu kamglows speaking full stop next line full stop thief complaint colon next line full stop patient heart fever coma generalized body pain coma and bitter taste for 2 weeks duration
igbo,general,Here is a 22 yr old food poisoning patient Segun Bolatito who presented to clinic at 11am this morning," Year is a 22 year old food poisoning patient, Shegumbola Tito, who presented to clinic at 11am this morning.",here is a 22 yr old food poisoning patient segun bolatito who presented to clinic at 11 am this morning,year is a 22 year old food poisoning patient shegumbola tito who presented to clinic at 11 am this morning
igbo,general,"The patient was in a hurry to get thier Labs and Radiology result from Chidumaga Emetemedia Diagnostic center, Jimeta
"," The patient was in a hurry to get their labs and radiology results from Chidumaga and Metamedia Diagnostic Center, Comergy Meta.",the patient was in a hurry to get thier labs and radiology result from chidumaga emetemedia diagnostic center jimeta,the patient was in a hurry to get their labs and radiology results from chidumaga and metamedia diagnostic center comergy meta
igbo,clinical,"Hepatitis C. The hepatitis C virus, HCV, was the most common cause of post-transfusion hepatitis after hepatitis B, but donors are now screened for both hepatitis C and B."," Hepatitis C. The Hepatitis C virus, HCV, was the most common cause of post hyphen transfusion hepatitis after Hepatitis B, but donors are now screened for both Hepatitis C and B. Full stop.",hepatitis c the hepatitis c virus hcv was the most common cause of post transfusion hepatitis after hepatitis b but donors are now screened for both hepatitis c and b,hepatitis c the hepatitis c virus hcv was the most common cause of post hyphen transfusion hepatitis after hepatitis b but donors are now screened for both hepatitis c and b full stop
igbo,general,"Watch the vlog below
", Watch the vlog below.,watch the vlog below,watch the vlog below
igbo,general,"You would need these ingredients:
", You need to use the media for them.,you would need these ingredients,you need to use the media for them
igbo,general,"Listen to our latest podcast:Notwithstanding the fact that the APC may be going for a consensus candidate, findings showed that the three aspirants that had purchased the governorship form are Senator Uba Sani, Sani Dattijo and Sani Shaaban.
"," Listen to our latest podcast, colon, notwithstanding the fact that the APC may be going for a consensus candidate, comma, findings showed that the three aspirants that had purchased the governorship form are Senator Uba Sonny, comma, Sonny Datijo, and Sonny Shahaban. Full stop.",listen to our latest podcast notwithstanding the fact that the apc may be going for a consensus candidate findings showed that the 3 aspirants that had purchased the governorship form are senator uba sani sani dattijo and sani shaaban,listen to our latest podcast colon notwithstanding the fact that the apc may be going for a consensus candidate comma findings showed that the 3 aspirants that had purchased the governorship form are senator uba sonny comma sonny datijo and sonny shahaban full stop
igbo,clinical,"Meticulous instructions must be given to the nursing staff and therapists, regarding the positioning and rolling of the patient to prevent stressing the suture lines during these maneuvers.", Metriculose instruction helps it give in to the nursing staff and therapists regarding the positioning and rolling of the patient to prevent stress in the suture lines during this manoeuvres. Full stop.,meticulous instructions must be given to the nursing staff and therapists regarding the positioning and rolling of the patient to prevent stressing the suture lines during these maneuvers,metriculose instruction helps it give in to the nursing staff and therapists regarding the positioning and rolling of the patient to prevent stress in the suture lines during this maneuvers full stop
igbo,clinical,"Within the lumen, the epithelium is supported by the lamina propria and underlying muscular is mucosa."," Within the lumen, the epithelium is supported by the laminar propane and underlying muscularism.",within the lumen the epithelium is supported by the lamina propria and underlying muscular is mucosa,within the lumen the epithelium is supported by the laminar propane and underlying muscularism
igbo,clinical,Quetiapine Fumarate 25 mg Tablet Sig: One 1 Tablet PO QHSonce a day at bedtime as needed.," Good job, you're married to a 25 million pound tablet, see natural. One tablet, move this one city at a time, that's the need of it.",quetiapine fumarate 25 mg tablet sig one one tablet po qhsonce a day at bedtime as needed,good job you are married to a £25000000 tablet see natural one tablet move this one city at a time that is the need of it
igbo,general,"She was speaking following a meeting with a group of Lithuanian MPs at the parliament in Vilnius.
"," She was speaking following a meeting with the group of Lithuanian MPs at the parliament in Vilnius, Foustop.",she was speaking following a meeting with a group of lithuanian mps at the parliament in vilnius,she was speaking following a meeting with the group of lithuanian mps at the parliament in vilnius foustop
igbo,clinical,"Finally, the therapist must decide whether the problem presented by the patient is amenable to hypnotic intervention or whether other steps should be taken instead."," Finally, the therapist must decide whether the problem presented by the patient is amenable to hypnotic intervention or whether other steps should be taken in state, full stop.",finally the therapist must decide whether the problem presented by the patient is amenable to hypnotic intervention or whether other steps should be taken instead,finally the therapist must decide whether the problem presented by the patient is amenable to hypnotic intervention or whether other steps should be taken in state full stop
igbo,clinical,Plan to check Lytes Ifechukwukwuru BUN/Cr CBC and triglycerides in am.," Learn to check lights. If you could guru BUN slash CR, CBC and try Glacierize in AM.",plan to check lytes ifechukwukwuru bun cr cbc and triglycerides in am,learn to check lights if you could guru bun slash cr cbc and try glacierize in am
igbo,general,"A Forex trade broker in Nigeria functions as a middle man between you and the currency market. The broker can charge either a spread or a commission, and there are pros and cons to each option:
"," A forex trade broker in Nigeria functions as a middleman between you and the currency market full stop. The broker can charge either a spread or a commission comma, and there are pros and cons to each option.",a forex trade broker in nigeria functions as a middle man between you and the currency market the broker can charge either a spread or a commission and there are pros and cons to each option,a forex trade broker in nigeria functions as a middleman between you and the currency market full stop the broker can charge either a spread or a commission comma and there are pros and cons to each option
igbo,general,"But teachers are still on strike, resulting in nefarious activities by school children, including sexual activity and drugs, and if school children continue to remain unsupervised it might end up in pregnancies and early child marriages.
", t-shirts are still on strike on that resulting in the various activities by school should come out including social activity and girls come out and if school should continue to remain on strike on the end of the pregnancy and at least share the risk of marriage is first off.,but teachers are still on strike resulting in nefarious activities by school children including sexual activity and drugs and if school children continue to remain unsupervised it might end up in pregnancies and early child marriages,t shirts are still on strike on that resulting in the various activities by school should come out including social activity and girls come out and if school should continue to remain on strike on the end of the pregnancy and at least share the risk of marriage is 1st off
igbo,general,"Kolade came down with Ebunilo disease, and was treated with Abimboye drug at Ede hospital on Sat 26 Dec, 1998
"," Coladier came down with ebomelo disease common and was treated with abimboyed drug at Edie Hospital on Saturday, 26th December, 1998.",kolade came down with ebunilo disease and was treated with abimboye drug at ede hospital on sat 26 dec 1998,coladier came down with ebomelo disease common and was treated with abimboyed drug at edie hospital on saturday 26th december 1998
igbo,clinical,Mild-Mod retractions., Mild to Mojit retractions.,mild mod retractions,mild to mojit retractions
igbo,clinical,Lateral cavernous sinuses., Lateral Cavendure Sinuses Pustul,lateral cavernous sinuses,lateral cavendure sinuses pustul
igbo,clinical,Neuro: Lightly sedated on fentanyl 50mcg/hr requiring boluses of 50mcg for turning or other interventions., Neuro slightly sedated on Ventanil 50 microgram per hour requiring boluses of 50 microgram for turning or other interventions.,neuro lightly sedated on fentanyl 50 mcg hr requiring boluses of 50 mcg for turning or other interventions,neuro slightly sedated on ventanil 50 microgram per hour requiring boluses of 50 microgram for turning or other interventions
igbo,clinical,"Where the cause is pain, hypnotics must not be given until its source has been investigated, removed if possible, or analgesics prescribed. "," Whether cause is pain, comma, hypnotics must not be given until a source has been investigated, comma, removed if possible, comma, or analgesics prescribed. Full stop.",where the cause is pain hypnotics must not be given until its source has been investigated removed if possible or analgesics prescribed,whether cause is pain comma hypnotics must not be given until a source has been investigated comma removed if possible comma or analgesics prescribed full stop
igbo,clinical,"Palpation, however, should be gentle and rarely yields clinically useful information."," Power patient, however, should be gentle and really use clinically useful information first up.",palpation however should be gentle and rarely yields clinically useful information,power patient however should be gentle and really use clinically useful information 1st up
igbo,general,"What we have advised them to do is to push the starting date by two to four weeks, he said."," What we have advised them to do is to push the starting date by 2-4 weeks, he said.",what we have advised them to do is to push the starting date by 2 to 4 weeks he said,what we have advised them to do is to push the starting date by 2 4 weeks he said
igbo,clinical,"CT computed tomography MRI magnetic resonance imaging, PNET primitive neuroectodermal tumor 666 CT-guided FNA or a core biopsy, incisional biopsy, or excisional biopsy in limited and specific situations."," city, computed tomography, MRI, magnetic resonance,",ct computed tomography mri magnetic resonance imaging pnet primitive neuroectodermal tumor 666 ct guided fna or a core biopsy incisional biopsy or excisional biopsy in limited and specific situations,city computed tomography mri magnetic resonance
igbo,general,"Airlines will continue to be a vector for transmission across borders, and they will be required to take measures to reduce the likelihood of a spike in the numbers of travellers who fall severely ill.
"," The airlines will continue to be a vector for transmission across borders, and they will be required to take measures to reduce the likelihood of a spike in the numbers of travellers who fall severely ill.",airlines will continue to be a vector for transmission across borders and they will be required to take measures to reduce the likelihood of a spike in the numbers of travelers who fall severely ill,the airlines will continue to be a vector for transmission across borders and they will be required to take measures to reduce the likelihood of a spike in the numbers of travelers who fall severely ill
igbo,clinical,pt bagged and resolved with several minutes sats 96%, patient bugged and resolved with several minutes saturation 96%.,pt bagged and resolved with several minutes sats 96%,patient bugged and resolved with several minutes saturation 96%
igbo,general,"Recent six-month forecasts of Great Lakes water levels shows levels continuing to be well above average to near record levels in the coming months.
"," Present 6th hyphen moon forecast of great lakes water levels, huge levels continuing to be well above average to near record levels in the coming moons full stop.",recent 6 month forecasts of great lakes water levels shows levels continuing to be well above average to near record levels in the coming months,present 6th hyphen moon forecast of great lakes water levels huge levels continuing to be well above average to near record levels in the coming moons full stop
igbo,general,"He tells me every day, Officer Cross keeps us safe from the bad guys, Mommy, she said."," He tells me every day, comma, Officer Cross keeps us safe from the bad guys, comma, mommy, comma, she said, full stop.",he tells me every day officer cross keeps us safe from the bad guys mommy she said,he tells me every day comma officer cross keeps us safe from the bad guys comma mommy comma she said full stop
igbo,general,"Moreover, Senate Republicans have been proposing a weak measure far short of what is needed to prevent a downward spiral, let alone spur a recovery.
"," moreover, Senates Republicans have been proposing a weak measure, far short of what is needed to prevent a downward spiral, let alone spur a recovery.",moreover senate republicans have been proposing a weak measure far short of what is needed to prevent a downward spiral let alone spur a recovery,moreover senates republicans have been proposing a weak measure far short of what is needed to prevent a downward spiral let alone spur a recovery
igbo,general,"During his time here, he has shown himself to be committed to serving both our student athletes and center members."," During his time here, he has shown himself to be committed to serving both our student athletes and center members.",during his time here he has shown himself to be committed to serving both our student athletes and center members,during his time here he has shown himself to be committed to serving both our student athletes and center members
igbo,clinical,fluid balance from midnight positive 1300 cc and currently neg 50 cc., Fluid balance from midnight positive on 300cc and currently NED 50cc,fluid balance from midnight +1300 cc and currently neg 50 cc,fluid balance from midnight positive on 300 cc and currently ned 50 cc
igbo,general,"$500 million in damage was caused by a storm on 04-07-2006 in Makurdi and Ogaminana
", I found the red million dollar in damage was caused by a strong comfort you like to see in the code of God.,$500000000 in damage was caused by a storm on 4 7 2006 in makurdi and ogaminana,i found the red $1000000 in damage was caused by a strong comfort you like to see in the code of god
hausa,clinical,"However, data are not sufficient to draw conclusions about the vitamins effects on human cancers."," However, coma data are not sufficient to draw conclusions about the vitamins effects on human cancers. Full stop.",however data are not sufficient to draw conclusions about the vitamins effects on human cancers,however coma data are not sufficient to draw conclusions about the vitamins effects on human cancers full stop
hausa,clinical,"Unspecified superficial injury of unspecified elbow, initial encounter. TABLET, ORAL CIPROFLOXACIN HYDROCHLORIDE, CIPROFLOXACIN HYDROCHLORIDE, EQ 750MG BASE. Pedestrian with other conveyance injured in collision with pedal cycle"," Unspecified superficial injury of unspecified elbow, initial encounter, tablet oral cyprofloxacin hydrochloride, cyprofloxacin hydrochloride, EQ750MGBs, pedestrian with other conveyance injured in collision with pedal cycle.",unspecified superficial injury of unspecified elbow initial encounter tablet oral ciprofloxacin hydrochloride ciprofloxacin hydrochloride eq 750 mg base pedestrian with other conveyance injured in collision with pedal cycle,unspecified superficial injury of unspecified elbow initial encounter tablet oral cyprofloxacin hydrochloride cyprofloxacin hydrochloride eq 750 mgbs pedestrian with other conveyance injured in collision with pedal cycle
hausa,clinical,PULMONARY WEDGE { a/v/m } 21/22/20, with a VM 21st 22nd 20th,pulmonary wedge a v m 21 22 20,with a vm 21st 22nd 20th
hausa,clinical,Okikechukwu Dannykeh E.     Injulemah     09 Dec 2014 7: 17 PM MR HEAD, Okike Chupu Dhanikei in July 2009 December 2014 7 colon 17 p.m. MR head,okikechukwu dannykeh e injulemah 9 dec 2014 7 17 pm mister head,okike chupu dhanikei in july 2009 december 2014 7 colon 17 p m mister head
hausa,clinical,A: aga P: cont to support development4 cont on antibiotics bld cx pnd.," Assessment Appropriate for gestational aid Plan Continue to support development for Continue on antibiotics Blood, culture, PND",a aga p cont to support development 4 cont on antibiotics bld cx pnd,assessment appropriate for gestational aid plan continue to support development for continue on antibiotics blood culture pnd
hausa,general,"He is not on any medication, he is a student, does not smoke cigarette not takes alcohol. next line. Assessment: Malaria. Next line. Signed: Dr Mongoe Okojobe
"," He is not on any medication comma. He is a student comma. Does not smoke, cigarette, not text alcohol. Full stop. Next line. Full stop. Assessment. Column. Malaria. Full stop. Next line. Full stop. Signed. Column. Dr. Mango. Okujube.",he is not on any medication he is a student does not smoke cigarette not takes alcohol next line assessment malaria next line signed doctor mongoe okojobe,he is not on any medication comma he is a student comma does not smoke cigarette not text alcohol full stop next line full stop assessment column malaria full stop next line full stop signed column doctor mango okujube
hausa,clinical,"The parasites develop into long slender trypomastigotes which multiply at the site of inoculation and later in the blood, lymphatic system, and tissue fluid."," The parasites develop into lung slender tripomastocytes, which multiply at the site of inoculation and later in the blood, comma, lymphatic system, comma, and tissue UID, full stop.",the parasites develop into long slender trypomastigotes which multiply at the site of inoculation and later in the blood lymphatic system and tissue fluid,the parasites develop into lung slender tripomastocytes which multiply at the site of inoculation and later in the blood comma lymphatic system comma and tissue uid full stop
hausa,clinical,ROP exam for today., R.O.P. exam for today.,rop exam for today,r 0 p exam for today
hausa,clinical,"As for the transection plane, the key is to perform Figure 31-22."," As for the transaction plan, the key is to perform figure 31 to 22 full stop.",as for the transection plane the key is to perform figure 31 22,as for the transaction plan the key is to perform figure 31 to 22 full stop
hausa,clinical,endocarditis  CHF 7 in Losumi, endocarditis CHF7 in los minos.,endocarditis chf 7 in losumi,endocarditis chf 7 in los minos
hausa,general,"Top Features Customers Should Know about OPPO Reno7
", feature customers should know about OpenReno 7.,top features customers should know about oppo reno 7,feature customers should know about openreno 7
hausa,general,"Research scientists are the primary audience for the journal, but ordinary people read it as well.
"," Research scientists are the primary audience for the journal, but ordinary people read it as well first of all.",research scientists are the primary audience for the journal but ordinary people read it as well,research scientists are the primary audience for the journal but ordinary people read it as well 1st of all
hausa,clinical,cv: vss temp 100 max po., See the column VSS Tempt 100 marks book,cv vss temp 100 max po,see the column vss tempt 100 marks book
hausa,general,"On Tuesday evening, Modi announced an economic package which along with previous packages and RBI reprieves will amount to Rs 20 lakh crore, which he claimed will address the issues pertaining to land, labour, liquidity and loss.
"," On Tuesday evening, Coma Modi announced an economic package which, along with previous packages and RBI reprieves, will ammonds to RS20 lakh crore, which he claimed will address the issue pertaining to land, labor, liquidity and loss of stock.",on tuesday evening modi announced an economic package which along with previous packages and rbi reprieves will amount to rs 20 lakh crore which he claimed will address the issues pertaining to land labor liquidity and loss,on tuesday evening coma modi announced an economic package which along with previous packages and rbi reprieves will ammonds to rs 20 lakh crore which he claimed will address the issue pertaining to land labor liquidity and loss of stock
hausa,clinical,1 FEN; added Start date: 09/12/1974 2 Parents; added Start date: 09/12/1974, 1FEN added stud date 09-12-1974. Two parents added stud date 09-12-1974.,one fen added start date 9 12 1974 2 parents added start date 9 12 1974,one fen added stud date 9 12 19742 parents added stud date 9 12 1974
hausa,general,"On Saturday, 12 housemates entered the first house with pomp and fanfare."," On Saturday, 12th housemate entered the first house with pump and fan fray full stop.",on saturday 12 housemates entered the 1st house with pomp and fanfare,on saturday 12th housemate entered the 1st house with pump and fan fray full stop
hausa,general,"I told you months ago that Christopher Wray needed to be fired, she added.
"," I told humans ago that Christopher Aray needed to be hired, commercial-added, full-stop.",i told you months ago that christopher wray needed to be fired she added,i told humans ago that christopher aray needed to be hired commercial added full stop
hausa,clinical,"Encounter for supervision of other normal pregnancy, first trimester. TABLET, ORAL-28 CYCLAFEM 7/7/7, ETHINYL ESTRADIOL; NORETHINDRONE, 0.035MG,0.035MG,0.035MG;0.5MG,0.75MG,1MG. Displaced fracture of lateral condyle of unspecified femur, subsequent", Survival of Odafus' thymismis to blood fracture of Lodra's formula,encounter for supervision of other normal pregnancy 1st trimester tablet oral 28 cyclafem 7 7 7 ethinyl estradiol norethindrone 0.035 mg 0.035 mg 0.035 mg 0.5 mg 0.75 mg one mg displaced fracture of lateral condyle of unspecified femur subsequent,survival of odafus thymismis to blood fracture of lodra is formula
hausa,clinical,Visual fields are full without lateral gaze deviation., Visual fields are full without lateral gaze deviation.,visual fields are full without lateral gaze deviation,visual fields are full without lateral gaze deviation
hausa,clinical,P: cont to mtr tolerance report changes., Count to empty R-Tolerance report changes.,p cont to mtr tolerance report changes,count to empty r tolerance report changes
hausa,clinical,NEURO: PT SMILING AND MOUTHING WORDS WITH DAUGHTER., Neuro PT Smiling and Mouthing Words with Daughter,neuro pt smiling and mouthing words with daughter,neuro pt smiling and mouthing words with daughter
hausa,clinical,P - no evidence of failure, No evidence of failure.,p no evidence of failure,no evidence of failure
hausa,clinical,Started on vancomycin and zosyn for concern of infection but given the lack of systemic symptoms this is unlikely., started on Vanco-Messin and Zosine for concern of infection but given the lack of systemic symptoms this is unlikely.,started on vancomycin and zosyn for concern of infection but given the lack of systemic symptoms this is unlikely,started on vanco messin and zosine for concern of infection but given the lack of systemic symptoms this is unlikely
hausa,general,"His rule was defined largely by significant military expansion of the Kingdom of Benin.
", His rule was defined largely by significant military expansion of the Kingdom of Benin post of,his rule was defined largely by significant military expansion of the kingdom of benin,his rule was defined largely by significant military expansion of the kingdom of benin post of
hausa,clinical,Titrate cardizem down to off when PO dilt therapeutic., Titrate card Zing down off when Po dealt therapeutic,titrate cardizem down to off when po dilt therapeutic,titrate card zing down off when po dealt therapeutic
hausa,general,"Dr Folawole Fiyosi speaking. Next line. Fever is high grade, intermittent, temporarily relieved by paracetamol. Next line", Dr. Fulauele Fioshi speaking. Full stop. Next line. Full stop. Fiva is i-grade comma intermittent comma. Temporary relive by Prasitamo. Full stop. Next line.,doctor folawole fiyosi speaking next line fever is high grade intermittent temporarily relieved by paracetamol next line,doctor fulauele fioshi speaking full stop next line full stop fiva is i grade comma intermittent comma temporary relive by prasitamo full stop next line
hausa,clinical,Ebe Iebonaem 113 days old- CGA43wks.," Ib Labonium 113 days old, CGA 43 weeks.",ebe iebonaem 113 days old cga 43 wks,ib labonium 113 days old cga 43 weeks
hausa,general,"It uses A for objects people say are asteroids.
", It uses a for objects people see an asteroid full stop,it uses a for objects people say are asteroids,it uses a for objects people see an asteroid full stop
hausa,clinical,You tolerated the treatment well with the exception of transient hearing loss.," You tolerated the treatment well, with the exception of transient hair loss.",you tolerated the treatment well with the exception of transient hearing loss,you tolerated the treatment well with the exception of transient hair loss
hausa,clinical,14 EEG: L temporal slowing, 14 EEG L temporal fluid,14 eeg l temporal slowing,14 eeg l temporal fluid
hausa,clinical,"A suicide note found at the scene referenced multiple medical problems as well as suggested ingestion of beta blocker, muscle relaxant, and Neurontin ."," A suicide note found at this scene referenced multiple medical problems as well as suggested ingestion of beta blocker, muscorelaxant and neurontine.",a suicide note found at the scene referenced multiple medical problems as well as suggested ingestion of beta blocker muscle relaxant and neurontin,a suicide note found at this scene referenced multiple medical problems as well as suggested ingestion of beta blocker muscorelaxant and neurontine
hausa,clinical,Examples of gene amplification are found in some solid human tumours e., examples of gene amplification are found in some solitimums e full stop.,examples of gene amplification are found in some solid human tumors e,examples of gene amplification are found in some solitimums e full stop
hausa,clinical,"Two major types of bands have been used for this procedure.
"," two major types of bands have been used for this procedure, full stop.",2 major types of bands have been used for this procedure,2 major types of bands have been used for this procedure full stop
hausa,clinical,resp care received on ac mode peep 12., Respiratory care received on AC mode pip 12.,resp care received on ac mode peep 12,respiratory care received on ac mode pip 12
hausa,clinical,Please eval Admitting Diagnosis: STEMICARDIAC CATHERIZATION," Please, ever admitting diagnosis. Stemicardial catalyzation.",please eval admitting diagnosis stemicardiac catherization,please ever admitting diagnosis stemicardial catalyzation
hausa,general,"Now hes 10 times trendier than me, and I have to catch up.
", Now he is 10 times trendier than me comma and I have to catch up full stop,now hes 10 times trendier than me and i have to catch up,now he is 10 times trendier than me comma and i have to catch up full stop
hausa,general,"Zangay was watching TV as they normally do in the evening when his brother Aboysi went to prepare dinner.
"," Zangai was watching TV as they normally do in the evening when his brother, Abu Si, went to prepare dinner full stop.",zangay was watching tv as they normally do in the evening when his brother aboysi went to prepare dinner,zangai was watching tv as they normally do in the evening when his brother abu si went to prepare dinner full stop
hausa,clinical,Neck no masses no adenopathy.," No moustaches, no at the new party.",neck no masses no adenopathy,no mustaches no at the new party
hausa,clinical,temp 99.5. no ngt placed., term 99.5 more engines.,temp 99.5 no ngt placed,term 99.5 more engines
hausa,clinical,chest/abd ct done to r/o dissection., Chest up domain. Continue down to rule out dissection.,chest abd ct done to r 0 dissection,chest up domain continue down to rule out dissection
hausa,clinical,watch residuals and titrate TF to goal as tolerated., Watch receipt rules and treat transfer to gold as totally tied.,watch residuals and titrate tf to goal as tolerated,watch receipt rules and treat transfer to gold as totally tied
hausa,clinical,It has a superior and inferior ramus and a triangular body., It has a superior and inferior almost an 8 by 10 water full stock.,it has a superior and inferior ramus and a triangular body,it has a superior and inferior almost an 8 by 10 water full stock
hausa,clinical,"Patients with TOA are acutely ill, often presenting with high fever, tachy cardia, severe pelvic and abdominal pain, and nausea and vomiting."," Patients with tubal ovarian abscess are acutely ill, often presenting with high fever, tachycardia, severe pelvic and abdominal pain, nausea and vomiting.",patients with toa are acutely ill often presenting with high fever tachy cardia severe pelvic and abdominal pain and nausea and vomiting,patients with tubal ovarian abscess are acutely ill often presenting with high fever tachycardia severe pelvic and abdominal pain nausea and vomiting
hausa,general,"In Nigeria, too,  the May Day celebrations also happen.
"," In Nigeria, the May Day celebrations also happen full stop.",in nigeria too the may day celebrations also happen,in nigeria the may day celebrations also happen full stop
hausa,general,"French knives tend to have straighter blades, while German-style knives curve along the cutting edge."," French knives tend to have straighter blade, comma, while German-hyphen style knives curve along the cutting edge to stop.",french knives tend to have straighter blades while german style knives curve along the cutting edge,french knives tend to have straighter blade comma while german hyphen style knives curve along the cutting edge to stop
hausa,clinical,Current Na 137 Serum Osmo 284., current N e 137 seron osmo 284,current na 137 serum osmo 284,current n e 137 seron osmo 284
hausa,general,"Jaba was watching TV as they normally do in the evening when his brother Ellifay went to prepare dinner.
"," Dabba was watching TV as they normally do in the evening when his brother, Elifay, went to prepare dinner full stop.",jaba was watching tv as they normally do in the evening when his brother ellifay went to prepare dinner,dabba was watching tv as they normally do in the evening when his brother elifay went to prepare dinner full stop
hausa,clinical,ENDO: BG 150s no order for insulin at this time., Endo BG 150 no order for insulin at this time,endo bg 150s no order for insulin at this time,endo bg 150 no order for insulin at this time
hausa,clinical,Ennabrishiake Chilotem MD, and every share keyword time empty.,ennabrishiake chilotem md,and every share keyword time empty
hausa,clinical,06/06/1993 12:00:00 AM," 06,06,1993,1200,00AM",6 6 1993 12 0 0 am,6061993120000 am
hausa,clinical,of blood; otherwise intact., of blood otherwise intact.,of blood otherwise intact,of blood otherwise intact
hausa,clinical,PT's rectal bags not staying intact changed to msuchroom cath w. good effect., patient rectal bugs mustin intact change to motion at the blue boot effect,pt is rectal bags not staying intact changed to msuchroom cath w good effect,patient rectal bugs mustin intact change to motion at the blue boot effect
hausa,clinical,MAINTAINING O2SAT'S IN THE UPPER 90'S., Sending all two shots in the upper 90s.,maintaining 0 2 sat is in the upper 90 is,sending all 2 shots in the upper 90s
hausa,clinical,Pt able to fall asleep for awhile., patient able to fall asleep for a while.,pt able to fall asleep for awhile,patient able to fall asleep for a while
hausa,clinical,"SYRUP, ORAL CHILDREN'S CETIRIZINE HYDROCHLORIDE ALLERGY, CETIRIZINE HYDROCHLORIDE, 5MG/5ML", 0.4 children's stryzine hydrochloride allergy. Stryzine hydrochloride 5 mg for 5 ml.,syrup oral children is cetirizine hydrochloride allergy cetirizine hydrochloride 5 mg 5 ml,0.4 children is stryzine hydrochloride allergy stryzine hydrochloride 5 mg for 5 ml
hausa,clinical,"Ileal pouch anal reconstruction is not recommended in these patients because of the risk for development of Crohns disease within the pouch and the high risk of complications, such as fistula, abscess, stricture, pouch dysfunction, and pouch failure."," Ilial pouch anal reconstruction is not recommended in these patients because of the risk for development of Crohn's disease within the pouch and the high risk of complications, such as fistula, abscess, structure, pouch dysfunction and pouch failure.",ileal pouch anal reconstruction is not recommended in these patients because of the risk for development of crohns disease within the pouch and the high risk of complications such as fistula abscess stricture pouch dysfunction and pouch failure,ilial pouch anal reconstruction is not recommended in these patients because of the risk for development of crohn is disease within the pouch and the high risk of complications such as fistula abscess structure pouch dysfunction and pouch failure
hausa,clinical,Listen to dad's concerns., listening to that nonsense.,listen to dad is concerns,listening to that nonsense
hausa,general,"Infant has lovely skin, born to Agbo Abimbade parents in Warri
"," Infant has lovely skin. Born to Agbo, a bean-body parent in Worry.",infant has lovely skin born to agbo abimbade parents in warri,infant has lovely skin born to agbo a bean body parent in worry
hausa,general,"And built-in alarms alert health care workers to the slightest breathing abnormalities.
"," And build, I think in Alams, allows health care workers to the slightest breathing abnormalities,",and built in alarms alert health care workers to the slightest breathing abnormalities,and build i think in alams allows health care workers to the slightest breathing abnormalities
hausa,general,"West of the city, the land is increasingly used for cattle ranching."," West of the city, the land is increasingly used for castle ranching who stops.",west of the city the land is increasingly used for cattle ranching,west of the city the land is increasingly used for castle ranching who stops
hausa,clinical,A: Involved and concerned family. P: cont to inform and support provide discharge teaching as needed.," He could only walk down the street from me. He couldn't hold me, so he form a support, provide, just trying to teach me not to get pushed off.",a involved and concerned family p cont to inform and support provide discharge teaching as needed,he could only walk down the street from me he could not hold me so he form a support provide just trying to teach me not to get pushed off
hausa,general,"This should start with justice for Audu and Matthew their killers must be brought to trial.
", This should start with justice for Audo and Mathew. Their killers must be brought to the Re-Tier.,this should start with justice for audu and matthew their killers must be brought to trial,this should start with justice for audo and mathew their killers must be brought to the re tier
hausa,clinical,ACTIVE BS NOLOOPS.," Activious, no loops.",active bs noloops,activious no loops
hausa,clinical,Continue vanc/zosyn., Continue Bank Slash Zosain.,continue vanc zosyn,continue bank slash zosain
hausa,clinical,"GEL, OPHTHALMIC LOTEPREDNOL ETABONATE, LOTEPREDNOL ETABONATE, 0.5%"," Jail, of tell me, not afraid not. Etab on it. Not afraid not etab on it. 0.5%",gel ophthalmic loteprednol etabonate loteprednol etabonate 0.5%,jail of tell me not afraid not etab on it not afraid not etab on it 0.5%
hausa,clinical,admitted from OR intubated 7.5 ET at 21atlip., admitted for OR intubated 7.5 ET at 21 akib.,admitted from or intubated 7.5 et at 21 atlip,admitted for or intubated 7.5 et at 21 akib
hausa,clinical,Resp: .40 trach mask., Resp 40 TheraMax mask,resp .40 trach mask,resp 40 theramax mask
hausa,general,The family history of Okubhatobofegha disease was important for Nafisat who is a doctor at Owerri university but lives in Kumariya with his wife Izunna," The family history of Akubatobu Fega, this was important for Nefisa, who is a doctor at Owera University, but lives in Kumariya, with his wife, Izuna.",the family history of okubhatobofegha disease was important for nafisat who is a doctor at owerri university but lives in kumariya with his wife izunna,the family history of akubatobu fega this was important for nefisa who is a doctor at owera university but lives in kumariya with his wife izuna
hausa,general,"He is not a known hypertensive, diabetic or asthmatic, and has not had surgery in the past. Next line. Signed: Dr Ayalucu Onogo
"," He is not a known hypertensive, diabetic or asthmatic, coma and has not had surgery in the past.",he is not a known hypertensive diabetic or asthmatic and has not had surgery in the past next line signed doctor ayalucu onogo,he is not a known hypertensive diabetic or asthmatic coma and has not had surgery in the past
hausa,clinical,In the ED initial VS were: 98.2 82 74/50 24 91% RA.," In the ED initial devices where column 98.2, 82, 74 slash 50, 24, 91 percent are E.",in the ed initial vs were 98.2 82 74 50 24 91% ra,in the ed initial devices where column 98.2 82 74 slash 50 24 91% are e
hausa,general,"Daniel James  Danny  Parslow  born 11 September 1985  is a Welsh professional footballer who plays as a defender for League Two club Cheltenham Town .
"," Daniel James, Danny Passlaw, born 11 September 1985, is a Welsh professional footballer who plays as a defender for the two club Chaltenham Town, Fullstow.",daniel james danny parslow born 11 september 1985 is a welsh professional footballer who plays as a defender for league 2 club cheltenham town,daniel james danny passlaw born 11 september 1985 is a welsh professional footballer who plays as a defender for the 2 club chaltenham town fullstow
hausa,general,"Hosted by Eli Mwenda and Oscar Koome, the show tackles a range of issues including fatherhood, feminism, dating, and self-care.
"," Hosted by Eli Mwenda and Osta Kume Koma, the show tackles a range of issues including fatherhood koma, feminism koma, dating koma, and self-dashke, full stop.",hosted by eli mwenda and oscar koome the show tackles a range of issues including fatherhood feminism dating and self care,hosted by eli mwenda and osta kume koma the show tackles a range of issues including fatherhood koma feminism koma dating koma and self dashke full stop
hausa,clinical,He stayed in CCU for 2 days for concern of sepsis and was transferred to the floor on 19., He stayed in CCU for two days for concern of safe seas and was transferred to the floor on 19th,he stayed in ccu for 2 days for concern of sepsis and was transferred to the floor on 19,he stayed in ccu for 2 days for concern of safe seas and was transferred to the floor on 19th
hausa,clinical,Afib with HR 100's., AFib with Hatred on Dreads.,afib with hr 100 is,afib with hatred on dreads
hausa,clinical,"In addition, the tip of the tubing should be kept 1 to 2 inches to 5cm beyond the tip of the penis to prevent irritation to the sensitive glans area."," In addition, the tip of the tubing should be 1-2 inches to 5 cm beyond the tip of the pen to prevent irritation to sensitive glands area.",in addition the tip of the tubing should be kept one to 2 inches to 5 cm beyond the tip of the penis to prevent irritation to the sensitive glans area,in addition the tip of the tubing should be one 2 inches to 5 cm beyond the tip of the pen to prevent irritation to sensitive glands area
hausa,general,"It is fair to add that many religious organisations only seem to follow the offerings, and not the welfare, of their congregation these days.
"," It is fair to add that many religious organizations only seem to follow the offerings, comma, and not the welfare, comma, of their congregation these days, full stop.",it is fair to add that many religious organizations only seem to follow the offerings and not the welfare of their congregation these days,it is fair to add that many religious organizations only seem to follow the offerings comma and not the welfare comma of their congregation these days full stop
hausa,general,Tongans have universal access to a national health care system., of universal access to a national health care system.,tongans have universal access to a national health care system,of universal access to a national health care system
hausa,clinical,Dr. Erinola agreed to keep pt sedated for airway protection., Dr. Erin Nola agreed to keep patients sedated for away-protation.,doctor erinola agreed to keep pt sedated for airway protection,doctor erin nola agreed to keep patients sedated for away protation
hausa,clinical,Vanco q 12hrs iv., I want to go to the bathroom. I want to go to the bathroom. I want to go to the bathroom. I want to go to the bathroom.,vanco q 12 hrs iv,i want to go to the bathroom i want to go to the bathroom i want to go to the bathroom i want to go to the bathroom
hausa,clinical,sofsorb dsgs over both groin sites., soft sub DSGS over both ground sites,sofsorb dsgs over both groin sites,soft sub dsgs over both ground sites
hausa,clinical,Ovulation is expected 5 to 11 days after the dose of clomiphene citrate.," Ovalation is expected 5 to 11 days after the death of Chlorophyne citrates, full stop.",ovulation is expected 5 to 11 days after the dose of clomiphene citrate,ovalation is expected 5 to 11 days after the death of chlorophyne citrates full stop
hausa,clinical,Clear BS this am with good aearation on RRR no murmurAbd soft ND + BS pale., clear BS this morning good error station on RRR and more more abdomen soft and B plus BS please,clear bs this am with good aearation on rrr no murmurabd soft nd bs pale,clear bs this morning good error station on rrr and more more abdomen soft and b plus bs please
hausa,clinical,3 FENs/o: Cont on 150cc/k/d-- PE 30 with Pm-- abd full/soft., 3FENX 0 CONT on 150CC KD PE30 with PM ABD full soft,3 fens 0 cont on 150 cc k d pe 30 with pm abd full soft,3 fenx 0 cont on 150 cc kd pe 30 with pm abd full soft
hausa,clinical,"Ensure the patient is positioned in the center of the bed, with the affected leg aligned with the trunk of the patient's body.", Ensure the patient is positioned in the center of the bedcomber with the affected leg aligned with the trunk of the patient's body.,ensure the patient is positioned in the center of the bed with the affected leg aligned with the trunk of the patient is body,ensure the patient is positioned in the center of the bedcomber with the affected leg aligned with the trunk of the patient is body
hausa,clinical,Bruise on left buttocks which patient states he had in rehab., Bruce left on buttocks which patient stayed here. He had a rehab.,bruise on left buttocks which patient states he had in rehab,bruce left on buttocks which patient stayed here he had a rehab
hausa,clinical,At that point in time he was weaned from D-10-W to D-5-W and a follow-up dextrose was 115., and that point in time he was going from D 10 to L to W to D 5 to blue and a follow up dexterous was 115,at that point in time he was weaned from d 10 w to d 5 w and a follow up dextrose was 115,and that point in time he was going from d 10 to l to w to d 5 to blue and a follow up dexterous was 115
hausa,clinical,LUNGS SOUNDS DECREASED BILAT., Long sound decreased billets,lungs sounds decreased bilat,long sound decreased billets
hausa,clinical,fXa level on 8 was 1.9 and dose was decreased to 80mg Hospital Tanda.., FXA level on 8 was 1.9 and those was a decreased to 80 milligram hospital thunder,fxa level on 8 was one.9 and dose was decreased to 80 mg hospital tanda .,fxa level on 8 was one.9 and those was a decreased to 80 milligram hospital thunder
hausa,clinical,"Warfarin Coumadin:Three options: Avoid 3 days prior to operation and resume postoperative day 2 admit preoperatively and change to heparin, which can be held only a couple of hours ahead operate through coumadin."," Woffering cumbersome, three options avoid three days prior to operation and resume post-operative day two. Admit pre-operatively and change to hyperring which can be held over a couple of hours ahead. Operate through cumbersome.",warfarin coumadin 3 options avoid 3 days prior to operation and resume postoperative day 2 admit preoperatively and change to heparin which can be held only a couple of hours ahead operate through coumadin,woffering cumbersome 3 options avoid 3 days prior to operation and resume post operative day 2 admit pre operatively and change to hyperring which can be held over a couple of hours ahead operate through cumbersome
hausa,general,"When we started, critics said it would not be possible.
"," When we started comma, Critic said it will not be possible to stop.",when we started critics said it would not be possible,when we started comma critic said it will not be possible to stop
hausa,clinical,Coronary heart disease causes most of the deaths when it comes to effects of cigarette smoking., coronary heart disease causes most of the deaths 239 when it comes to effects of cigarette smoking full stop,coronary heart disease causes most of the deaths when it comes to effects of cigarette smoking,coronary heart disease causes most of the deaths 239 when it comes to effects of cigarette smoking full stop
hausa,clinical,Foley with icteric urine adequate hourly amount., fully with hysteric urine adequate earlier mouths.,foley with icteric urine adequate hourly amount,fully with hysteric urine adequate earlier mouths
hausa,general,"About a million people died during the siege.
", about a million people during siege post-op.,about a 1000000 people died during the siege,about a 1000000 people during siege post op
hausa,general,"Though swiftly declared wanted after any collapse, the cases against the developers are usually not followed through conclusively.
"," Though swiftly declared wanted after any collapse, the cases against the developers are not followed through conclusively.",though swiftly declared wanted after any collapse the cases against the developers are usually not followed through conclusively,though swiftly declared wanted after any collapse the cases against the developers are not followed through conclusively
hausa,clinical,"Thus, the total solute concentration of the uid in the proximal convoluted tubule does not change as the uidmoves toward the descending loop of Henle."," Thus, the total solute concentration of the UID and the proximal convoluted tube does not change as the UID moves towards the descending loop of Enly, full stop.",thus the total solute concentration of the uid in the proximal convoluted tubule does not change as the uidmoves toward the descending loop of henle,thus the total solute concentration of the uid and the proximal convoluted tube does not change as the uid moves towards the descending loop of enly full stop
hausa,clinical,Dad did temp changed diaper  and fed infant with verbal cues.," Start, the temp changed, diaper and fed infants with verbal cues.",dad did temp changed diaper and fed infant with verbal cues,start the temp changed diaper and fed infants with verbal cues
hausa,clinical,"S-""""No.", S.,s no,s
hausa,general,"In a statement, County Administrator Jerry Cameron said they were taking things slow to try to avoid the missteps of other jurisdictions."," In a statement, Comer, County Administrator Jerry Cameron said they were taking things slow to try to avoid the missteps of other jurisdictions to stop the attack.",in a statement county administrator jerry cameron said they were taking things slow to try to avoid the missteps of other jurisdictions,in a statement comer county administrator jerry cameron said they were taking things slow to try to avoid the missteps of other jurisdictions to stop the attack
hausa,clinical,Resp: Vent change: Fio2 40% f 4., Respiration Hyphen Ventilation Change Hyphen FI02 40% F4,resp vent change fio 2 40% f 4,respiration hyphen ventilation change hyphen fi 2 40% f 4
hausa,clinical,Benzodiazepines were continued in light of concern for withdrawal.," When the azimuth were continued in light of confine, followed by a trial.",benzodiazepines were continued in light of concern for withdrawal,when the azimuth were continued in light of confine followed by a trial
hausa,clinical,Mother very involved in to visit x 3., Moda very involved into Vsid X3,mother very involved in to visit x 3,moda very involved into vsid x 3
hausa,clinical,"States in hospital but says """"Surrah Family.", in hospital but says,states in hospital but says surrah family,in hospital but says
hausa,clinical,"Nondisplaced fracture of unspecified ulna styloid process, subsequent. TABLET, EXTENDED RELEASE, ORAL REQUIP XL, ROPINIROLE HYDROCHLORIDE, EQ 12MG BASE. Exposure to excessive natural heat, sequela"," non-displaced fracture of unspaced colonized thyroid process subsequent tablet extended release oral equipped XL, propeneral hydrochloride equivalent 12 milligram base exposure to excessive natural heat sequelae.",nondisplaced fracture of unspecified ulna styloid process subsequent tablet extended release oral requip xl ropinirole hydrochloride eq 12 mg base exposure to excessive natural heat sequela,non displaced fracture of unspaced colonized thyroid process subsequent tablet extended release oral equipped xl propeneral hydrochloride equivalent 12 milligram base exposure to excessive natural heat sequelae
hausa,general,"This demands being deliberate with your speech.
", This demand being deliberate with your speech.,this demands being deliberate with your speech,this demand being deliberate with your speech
hausa,general,"Ojiugo Kasarachi was discharged with baseline Creatinine.
"," Ojioko, Asahachi was discharged baseline, Kuwaiti Nin, full stop.",ojiugo kasarachi was discharged with baseline creatinine,ojioko asahachi was discharged baseline kuwaiti nin full stop
hausa,clinical,Hemodynamically stable w/ improving neuro status though still with extensive STM loss., more dynamically stable W stroke improving neural status so still with extensive STM loss.,hemodynamically stable w improving neuro status though still with extensive stm loss,more dynamically stable w stroke improving neural status so still with extensive stm loss
hausa,clinical,On 61cc's of SC 30cal with promod and rice cereal 130cc/kg/d., on a 61 cc of fc.tarticle with pro-mode and lyc.rl 130 cc slash kg slash t.,on 61 cc is of sc 30 cal with promod and rice cereal 130 cc kg d,on a 61 cc of fc tarticle with pro mode and lyc rl 130 cc slash kg slash t
hausa,clinical,repeat Hct 22.8 19 next check due at tonight., Repeat HCT 22.819ness Check to you at tonight,repeat hct 22.8 19 next check due at tonight,repeat hct 22.819 ness check to you at tonight
hausa,clinical,cont po/iv vanco., Hunt P.O. Struck I.V. Van Cooke,cont po iv vanco,hunt p 0 struck i v van cooke
hausa,general,"These women want it badly but most of them cannot afford the training they need, and thats where we come in.
", This women wants it badly but most of them cannot afford the training they need and that's where we come in full stop.,these women want it badly but most of them cannot afford the training they need and thats where we come in,this women wants it badly but most of them cannot afford the training they need and that is where we come in full stop
hausa,clinical,appears alert and oriented.," a piece, a lot, and oriented.",appears alert and oriented,a piece a lot and oriented
hausa,clinical,Will trial humidified Oluomachi to treat nasal secretions.," will tryad, humidified olooma key to treat nasal secretions.",will trial humidified oluomachi to treat nasal secretions,will tryad humidified olooma key to treat nasal secretions
hausa,clinical,This is an incurable condition characterized by the formation of disfiguring nodules over the surface of the body.," This is an incurable condition characterized by formation of discurring nodules over the surface of the body, full stop.",this is an incurable condition characterized by the formation of disfiguring nodules over the surface of the body,this is an incurable condition characterized by formation of discurring nodules over the surface of the body full stop
hausa,clinical,Other meds : Paxil ., or damage column,other meds paxil,or damage column
hausa,clinical,These may be acting singly or in combination., This may be acting singly or in combination.,these may be acting singly or in combination,this may be acting singly or in combination
hausa,clinical,"Calculi in the duct can be removed through an intraoral approach, but the course of the duct through the buccinator muscle makes the operation difficult.", Calculate in the duct can be removed through an intraoral approach but the cause of the duct through the postnatal muscle makes the operation difficult.,calculi in the duct can be removed through an intraoral approach but the course of the duct through the buccinator muscle makes the operation difficult,calculate in the duct can be removed through an intraoral approach but the cause of the duct through the postnatal muscle makes the operation difficult
hausa,clinical,"To prevent corrosion of the battery terminals and connections, lightly coat the metal surfaces with petroleum grease, e."," To prevent corrosion of the battery terminal, some connections, comma, lightly coat the metal surfaces with petroleum grease, comma, E, full stop.",to prevent corrosion of the battery terminals and connections lightly coat the metal surfaces with petroleum grease e,to prevent corrosion of the battery terminal some connections comma lightly coat the metal surfaces with petroleum grease comma e full stop
hausa,clinical,"To promote safety awarenesswhen, in a subdivided laboratory, there is only a single exit and staff become trapped in one section."," To promote safety awareness, when comma in a subdivided library tree comma, there is only a single exit and staff become trapped in one section. Full stop.",to promote safety awarenesswhen in a subdivided laboratory there is only a single exit and staff become trapped in one section,to promote safety awareness when comma in a subdivided library tree comma there is only a single exit and staff become trapped in one section full stop
hausa,clinical,Gran Ct-7310 BLOOD, Grand CT-730 blood.,gran ct 7310 blood,grand ct 730 blood
hausa,clinical,Aggressive medical management with   -adrenergic blocking agents and other blood pressurelowering regimens is crucial to treatment.," aggressive medical management with hyphen, adrenergic, blocking agents and other blood pressure-lowering regimens is crucial to treatment for",aggressive medical management with adrenergic blocking agents and other blood pressurelowering regimens is crucial to treatment,aggressive medical management with hyphen adrenergic blocking agents and other blood pressure lowering regimens is crucial to treatment for
hausa,general,"May Almighty Allah make it easy for us to observe good deeds at this period of the first 10 days of Dhul-Hijjah and grant us the benefits. Ameen.
"," May Almighty Allah make it easy for us to observe good deeds at this period of the first 10 days of Jil, Haifun, Hijjah and grant us the benefits. Amen.",may almighty allah make it easy for us to observe good deeds at this period of the 1st 10 days of dhul hijjah and grant us the benefits ameen,may almighty allah make it easy for us to observe good deeds at this period of the 1st 10 days of jil haifun hijjah and grant us the benefits amen
hausa,clinical,CT 02/08/2029: impression: no femoral fracture or dislocation diffuse subcutaneous edema and possible edema of the left adductors and quadriceps muscle are seen without discrete hematoma., computer tomography 2 second of August 2029 impression no femoral fracture or dislocation diffuse subcutaneous edema and possible edema of the left at doctors and quadriceps muscle are seen without discrete hematoma,ct 2 8 2029 impression no femoral fracture or dislocation diffuse subcutaneous edema and possible edema of the left adductors and quadriceps muscle are seen without discrete hematoma,computer tomography 22nd of august 2029 impression no femoral fracture or dislocation diffuse subcutaneous edema and possible edema of the left at doctors and quadriceps muscle are seen without discrete hematoma
hausa,general,Native Americans ate many different things depending on where they lived.," Native Americans eat many different things depending on where they lived, who stopped.",native americans ate many different things depending on where they lived,native americans eat many different things depending on where they lived who stopped
hausa,clinical,"As elevated portal system pressure impedes the flow of blood through the liver increased intrahepatic resistance, various sites of venous anastomosis become dilated secondary to retrograde flow from the portal to systemic circulations."," As elevated portal system pressure impedes the owl of blood through the liver, increased intriapathic resistance, various sites of venous and stomosis become dilated. Secondary to retrograde owl from the portal to systemic circulation.",as elevated portal system pressure impedes the flow of blood through the liver increased intrahepatic resistance various sites of venous anastomosis become dilated secondary to retrograde flow from the portal to systemic circulations,as elevated portal system pressure impedes the owl of blood through the liver increased intriapathic resistance various sites of venous and stomosis become dilated secondary to retrograde owl from the portal to systemic circulation
hausa,clinical,Attending: EneeteeChief Complaint: Rollover ATV accident," attending NTIHC complaint, Ruluvah ETV accident.",attending eneeteechief complaint rollover atv accident,attending ntihc complaint ruluvah etv accident
hausa,clinical,PADS' LO TWENTIES CVP 14-20., Pats.lo.20s.cvp.14-20,pads lo 20s cvp 14 20,pats lo.20s cvp.14 20
hausa,clinical,"Figure 32. Some authors have proposed abandonment of the term pseudodementia, suggesting that most patients, so diagnosed have both genuine dementia, and a superimposed affective disorder."," Some authors have proposed abandonment of the term pseudo-dimension comma, suggesting that most patients so diagnosed have both genin dementia and a superimposed effective disorder, figure 32 full stop.",figure 32 some authors have proposed abandonment of the term pseudodementia suggesting that most patients so diagnosed have both genuine dementia and a superimposed affective disorder,some authors have proposed abandonment of the term pseudo dimension comma suggesting that most patients so diagnosed have both genin dementia and a superimposed effective disorder figure 32 full stop
hausa,general,"Diversity is getting invited to the dance, inclusion is getting into the room with the dance, but belonging is getting asked to dance, said Todd Sears, founder and principal of global business network Out Leadership.
"," Diversity is getting invited to the dance comma. Inclusion is getting into the room with the dance comma. What's belonging is getting asked to dance comma. Third, third, sixth comma. Founder and principal of Global Business Network Out leadership. Full stop.",diversity is getting invited to the dance inclusion is getting into the room with the dance but belonging is getting asked to dance said todd sears founder and principal of global business network out leadership,diversity is getting invited to the dance comma inclusion is getting into the room with the dance comma what is belonging is getting asked to dance comma 3rd 3rd 6th comma founder and principal of global business network out leadership full stop
hausa,clinical,P: Cont to monitor weight and labs., be content to monitor with a labs,p cont to monitor weight and labs,be content to monitor with a labs
hausa,clinical,spec for c-dif gathered., speak for c diff gathering,spec for c dif gathered,speak for c diff gathering
hausa,clinical,No evidence of bleeding or hematoma at venipuncture site., evidence of bleeding or hematoma at the Neon Chocytes school top.,no evidence of bleeding or hematoma at venipuncture site,evidence of bleeding or hematoma at the neon chocytes school top
hausa,general,"They said: We are undertaking sensible contingency planning for a wide range of scenarios, including the reasonable worst case, to ensure we are ready for all eventualities.
"," They said, Colom, we are undertaking sensible contingency planning for a wide range of scenarios, including the reasonable worst case, to ensure we are ready for all eventualities.",they said we are undertaking sensible contingency planning for a wide range of scenarios including the reasonable worst case to ensure we are ready for all eventualities,they said colom we are undertaking sensible contingency planning for a wide range of scenarios including the reasonable worst case to ensure we are ready for all eventualities
hausa,clinical,Bilateral groin bruises from old cath sites no drainage OTA.," Bilitral grown bruises from out cut sites, no drainage OTA.",bilateral groin bruises from old cath sites no drainage ota,bilitral grown bruises from out cut sites no drainage ota
hausa,clinical,Isolette weaned Q 3 hours so far this shift., A sleetwing kill three hours so far this shift,isolette weaned q 3 hours so far this shift,a sleetwing kill 3 hours so far this shift
hausa,clinical,"Based on epidemiologic and serologic studies, the following factors have been implicated in the etiology of post-necrotic cirrhosis."," Based on epidemiologic and serologic studies, the following factors have been implicated in the etiology of post-hyphen necrotic cirrhosis,",based on epidemiologic and serologic studies the following factors have been implicated in the etiology of post necrotic cirrhosis,based on epidemiologic and serologic studies the following factors have been implicated in the etiology of post hyphen necrotic cirrhosis
hausa,general,"In todays podcast, the focus is on hit-and-run accidents, with particular focus on a young lady, Omotomi Akinsanya, who was run over by a Lebanese, John Greg.
"," In today's podcast, the focus is on heat-and-dash-rown accidents, with particular focus on a young lady, Omo Tomi Aki Sanya, who was run over by Lebanese John Greg Foustop.",in todays podcast the focus is on hit and run accidents with particular focus on a young lady omotomi akinsanya who was run over by a lebanese john greg,in today is podcast the focus is on heat and dash rown accidents with particular focus on a young lady omo tomi aki sanya who was run over by lebanese john greg foustop
hausa,clinical,Serologic testing showing a fourfold rise in acute and convalescent sera or documentation of HHV-6 DNA by PCR in the cerebrospinal fluid is diagnostic., Serologic testing showing a fourfold rise in acute and convalescent sera or documentation of HHV-6 DNA by PCR. In the cerebrospinal fluid is diagnostic,serologic testing showing a fourfold rise in acute and convalescent sera or documentation of hhv 6 dna by pcr in the cerebrospinal fluid is diagnostic,serologic testing showing a fourfold rise in acute and convalescent sera or documentation of hhv 6 dna by pcr in the cerebrospinal fluid is diagnostic
hausa,clinical,Dr.Diogo in to assess., Dr. D'Yugos Interacess,doctor diogo in to assess,doctor d yugos interacess
hausa,general,"When the next pandemic hits  and can anyone doubt that it will?
", What the next pandemic is and can anyone doubt that it will?,when the next pandemic hits and can anyone doubt that it will,what the next pandemic is and can anyone doubt that it will
hausa,general,"One final question for you.
"," one final question for you, Fullstone.",one final question for you,one final question for you fullstone
hausa,clinical,Simvastatin 80 mg PO 13., Simvastatin 80 mg P013,simvastatin 80 mg po 13,simvastatin 80 mg p 13
hausa,clinical,: Selection of patients for curative or palliative resection of esophageal cancer based on preoperative endoscopic ultrasound., Colonal salation of patients for curative or palliative resection of U.S. affected cancer is unperoperative and is could be adjusted at full stop.,selection of patients for curative or palliative resection of esophageal cancer based on preoperative endoscopic ultrasound,colonal salation of patients for curative or palliative resection of u s affected cancer is unperoperative and is could be adjusted at full stop
hausa,clinical,"Provide patients with disposable tissues, and instruct them, as indicated, to cover their mouth and nose to prevent spread by airborne droplets.", Provide patient with disposable tissues comma and instruct them comma as indicated comma to cover the amount and nose to prevent spread by airborne droplets full stop.,provide patients with disposable tissues and instruct them as indicated to cover their mouth and nose to prevent spread by airborne droplets,provide patient with disposable tissues comma and instruct them comma as indicated comma to cover the amount and nose to prevent spread by airborne droplets full stop
hausa,clinical,new line for more effective hd and more mobility., new line for more effective HD and more mobility.,new line for more effective hd and more mobility,new line for more effective hd and more mobility
hausa,clinical,Mild pulmonary artery hypertension, My will fall in love with you at the high-fatter insurance.,mild pulmonary artery hypertension,my will fall in love with you at the high fatter insurance
hausa,general,"Was originally supposed to be released to theaters.
", was originally supposed to be released to theaters boost of,was originally supposed to be released to theaters,was originally supposed to be released to theaters boost of
hausa,clinical,Her metoprolol and lisinopril were stopped due to hypotension., Our metropolis and Lysinopryol were stopped due to hypertension.,her metoprolol and lisinopril were stopped due to hypotension,our metropolis and lysinopryol were stopped due to hypertension
hausa,general,Nigerians urged to invest in UK real estate as insurance against global inflation, Nandini has the urge to invest in a UK real estate as insurance against global inflation.,nigerians urged to invest in uk real estate as insurance against global inflation,nandini has the urge to invest in a uk real estate as insurance against global inflation
hausa,clinical,On Diuril and K supps., on Diarrheal and Case Hubs.,on diuril and k supps,on diarrheal and case hubs
hausa,clinical,"If the condition worsens and is associated with psychological morbidity, it may be treated with bromocriptine."," If the condition worsens and is associated with psychological mobility, it may be treated with bromocryptin.",if the condition worsens and is associated with psychological morbidity it may be treated with bromocriptine,if the condition worsens and is associated with psychological mobility it may be treated with bromocryptin
hausa,clinical,Started on 08-09 ), Start on 08.09 brackets.,started on 8 9,start on 08.09 brackets
hausa,clinical,Qb 150 w/dialysate and replacement fluid both w/0 K. Stopped CVVHDF at 0130 on 5., QB150W slash their li-side replacement route both W slash OK. Stop CVVHDF at 01305.,qb 150 w dialysate and replacement fluid both w 0 k stopped cvvhdf at 130 on 5,qb 150 w slash their li side replacement route both w slash ok stop cvvhdf at 1305
hausa,clinical,Abdomen saoft with + bowel sounds., App domain sound soft with plus vowel sound.,abdomen saoft with bowel sounds,app domain sound soft with plus vowel sound
hausa,general,"Just dont lie to yourself.
", Just don't lie to yourself.,just dont lie to yourself,just do not lie to yourself
hausa,clinical,ELEVATED INR: The patient was given 8 units of fresh frozen plasma with correction of INR.," Elevated eye and half, the patient was given 18 units of fresh frozen plasma with correction of eye and half.",elevated inr the patient was given 8 units of fresh frozen plasma with correction of inr,elevated eye and half the patient was given 18 units of fresh frozen plasma with correction of eye and half
hausa,general,"Emergency Ambulance services arrived at Enugu Hospital, Gombe AT 1AM with the Agbo family."," emergency ambulance services arrived at Enugu Hospital, Gombe, at 1am with the Agbo family full stop.",emergency ambulance services arrived at enugu hospital gombe at one am with the agbo family,emergency ambulance services arrived at enugu hospital gombe at one am with the agbo family full stop
hausa,clinical,Glucosamine and chondroitin sulfate., Glucose amine and chondroitin sulfate,glucosamine and chondroitin sulfate,glucose amine and chondroitin sulfate
hausa,general,"Later in the call, he predicted a political backlash to the public health measures."," Later in the call, he predicted a political backlash to the public health measures.",later in the call he predicted a political backlash to the public health measures,later in the call he predicted a political backlash to the public health measures
hausa,clinical,Cardiac: RRR no m femoral pulses 2+.Abdomen: soft 3VC no mass quiet BS., Hadiac RRR No emphomeral pulses 2 plus abdomen soft 3vc no mass quiet BS,cardiac rrr no m femoral pulses 2 abdomen soft 3 vc no mass quiet bs,hadiac rrr no emphomeral pulses 2 plus abdomen soft 3 vc no mass quiet bs
hausa,general,"You will recall that on Wednesday, Mr. President directed and I informed you that all ministers and other political appointees who aspire to contest for elective offices in 2023 general elections, should resign their current appointments.
"," You will recall that on Wednesday, Coman, Mr. President directed and I informed you that all ministers and other political appointees who aspire to contest for elective offices in 2023, General Elections, Coman show resign their current appointments.",you will recall that on wednesday mister president directed and i informed you that all ministers and other political appointees who aspire to contest for elective offices in 2023 general elections should resign their current appointments,you will recall that on wednesday coman mister president directed and i informed you that all ministers and other political appointees who aspire to contest for elective offices in 2023 general elections coman show resign their current appointments
hausa,clinical,"Other infrequent side effects include splenic infarction, bowel obstruction, paralytic ileus, and upper GI bleeding."," Other infrequent side effects include splenic infarction, bowel obstruction, paralytic alias, and upper GI bleeding.",other infrequent side effects include splenic infarction bowel obstruction paralytic ileus and upper gi bleeding,other infrequent side effects include splenic infarction bowel obstruction paralytic alias and upper gi bleeding
hausa,clinical,Findings were discussed with ICU nurse Romi at 7 PM on25 Feb 1978.., The findings were discussed with ICU nurse Romy at 7pm on 25th February 1978.,findings were discussed with icu nurse romi at 7 pm on 25 feb 1978 .,the findings were discussed with icu nurse romy at 7 pm on 25th february 1978
hausa,clinical,FOOT AP LAT and OBL RIGHT           Reason: please evaluate for evidence of osteomyelitis," Food AP LUT and OBL. Right. Reason, please evaluate for evidence of osteomalitis.",foot ap lat and obl right reason please evaluate for evidence of osteomyelitis,food ap lut and obl right reason please evaluate for evidence of osteomalitis
hausa,general,"One of the first things you learn about the social sciences is that politics and economics are eternally joined at the hip.
"," One of the first things you learn about the social sciences is that politics and economics are internally joined at the hip, full stop.",one of the 1st things you learn about the social sciences is that politics and economics are eternally joined at the hip,one of the 1st things you learn about the social sciences is that politics and economics are internally joined at the hip full stop
hausa,general,"He claimed that survey results were accurate since the margin of error was between three and four percent, adding that any statistical deviation within that range was accepted internationally for such surveys.
"," He claimed that several results were accurate since the margin of error was between 3 and 4 percent, adding that any statistical deviation within that range was accepted internationally for subsurface to stop.",he claimed that survey results were accurate since the margin of error was between 3 and 4% adding that any statistical deviation within that range was accepted internationally for such surveys,he claimed that several results were accurate since the margin of error was between 3 and 4% adding that any statistical deviation within that range was accepted internationally for subsurface to stop
hausa,clinical,Hemodynamics were measured and demonstrated C.O.6.1 C.I.3.0 PCWP17 RA14 PA43/19 RV43/12.," A modynamics were measured and demonstrated. CO61, CI30, PCWP17, RA14, PA43 over 19, RA43 over 12.",hemodynamics were measured and demonstrated c o.6 one c i.3.0 pcwp 17 ra 14 pa 43 19 rv 43 12,a modynamics were measured and demonstrated co 61 ci 30 pcwp 17 ra 14 pa 43 over 19 ra 43 over 12
hausa,clinical,FINAL REPORT HISTORY: Forty-six year old male with chest pain., My now report history 46 year old male with chest pain,final report history 46 year old male with chest pain,my now report history 46 year old male with chest pain
hausa,clinical,F/U w/dophoff placement cultures  and renal status., FUWDOPHOFF Placement Cultures and Renewal Statues,f u w dophoff placement cultures and renal status,fuwdophoff placement cultures and renewal statues
hausa,clinical,Remains on iron and trivisol., Remains on Ion and Travisol.,remains on iron and trivisol,remains on ion and travisol
hausa,clinical,Father and brother died of PE ., Father Umbroader died of PE.,father and brother died of pe,father umbroader died of pe
hausa,clinical,Currently at 2 units per hour., currently at 2 units per hour.,currently at 2 units per hour,currently at 2 units per hour
hausa,clinical,Frequent handwashing is the most effective action a laboratory worker can take to avoid laboratory-acquired infection., Frequent hand washing is the most effective action a laboratory worker can take to avoid laboratory acquired infection.,frequent handwashing is the most effective action a laboratory worker can take to avoid laboratory acquired infection,frequent hand washing is the most effective action a laboratory worker can take to avoid laboratory acquired infection
hausa,clinical,Discharge Diagnosis: GERD Basal cell cancer on face sp excision stress incontinence sp bladder sling sp breast biopsy sp lap choleycystectomy appendectomy c section Previous problems with anesthesia: vomitting post anesthesiadilaudid, I,discharge diagnosis gerd basal cell cancer on face sp excision stress incontinence sp bladder sling sp breast biopsy sp lap choleycystectomy appendectomy c section previous problems with anesthesia vomitting post anesthesiadilaudid,i
hausa,clinical,SW consulted on this 50 year old patient transferred from Hospital Falano Hospital with a Variceal bleed.," SW consulted on this 50 years of fashion transfer from hospital, Falano Hospital, E.E.",sw consulted on this 50 year old patient transferred from hospital falano hospital with a variceal bleed,sw consulted on this 50 years of fashion transfer from hospital falano hospital e e
hausa,general,"The spring would see a new campaign against Richmond.
", The spring would see a new campaign against Richmond Fullstop.,the spring would see a new campaign against richmond,the spring would see a new campaign against richmond fullstop
hausa,clinical,Yankauer suction catheter.," Yankor, Sanction, Katita, Full Stop.",yankauer suction catheter,yankor sanction katita full stop
hausa,clinical,Self-limiting Runs of V-Tach  K+ 3.8 in labs checked at this time repleted with 40 meq of K-Dur.," self-limiting rounds of pigtails, A plus 3.8 in left check at this time. Repleted with 40 MHz of KU.",self limiting runs of v tach k 3.8 in labs checked at this time repleted with 40 meq of k dur,self limiting rounds of pigtails a +3.8 in left check at this time repleted with 40 mhz of ku
hausa,general,"You can imagine a bus stop along the Lagos-Abeokuta expressway, Obadeyi, where cases of falling containers occurred at least four times in a week.
"," You can imagine a bus stop along the Lagos, iPhone, Abelkuta Express, Koma, Abadei, Koma, where cases of foreign containers occurred at least four times in a week.",you can imagine a bus stop along the lagos abeokuta expressway obadeyi where cases of falling containers occurred at least 4 times in a week,you can imagine a bus stop along the lagos iphone abelkuta express koma abadei koma where cases of foreign containers occurred at least 4 times in a week
hausa,clinical,"In females, testosterone levels also decline with age however, at menopause the decline in female hormones is so much greater that many postmenopausal women have higher androgen to estrogen ratios, resulting frequently in signifiant hirsutism."," In females, the testosterone levels also decline with age. However, at menopause, the decline in female hormones is so much greater that many postmenopausal women have higher androgen-to-estrogen ratios, resulting frequently insignificant to her citizens.",in females testosterone levels also decline with age however at menopause the decline in female hormones is so much greater that many postmenopausal women have higher androgen to estrogen ratios resulting frequently in signifiant hirsutism,in females the testosterone levels also decline with age however at menopause the decline in female hormones is so much greater that many postmenopausal women have higher androgen to estrogen ratios resulting frequently insignificant to her citizens
hausa,clinical,"Charles I. . Sanders, M.D. 76-364"," Charles I. Sanders, MD 76 to 364.",charles i sanders m d 76 364,charles i sanders md 76 to 364
hausa,general,Several insect pests attack the plants and affect coffee production., Sever insipid attacks the plants and affects coffee production. Full stop.,several insect pests attack the plants and affect coffee production,sever insipid attacks the plants and affects coffee production full stop
hausa,general,"Speaking with the Nigerian Tribune on the significance of Jordan to the Christian faithful, Prophet Ojo described it as a land of separation from the land of reproach to that of promise.
"," Speaking with the Nigerian Tribune on the significance of Jordan to the Christian faithful, Prophet Ojo described it as a land of separation from the land of reproach to that of promise.",speaking with the nigerian tribune on the significance of jordan to the christian faithful prophet ojo described it as a land of separation from the land of reproach to that of promise,speaking with the nigerian tribune on the significance of jordan to the christian faithful prophet ojo described it as a land of separation from the land of reproach to that of promise
hausa,clinical,Found same findings., Found same findings.,found same findings,found same findings
hausa,clinical,A: Age appropriate., each appropriate.,a age appropriate,each appropriate
hausa,general,"Only God can determine that.
", Only God can determine that. Full stop.,only god can determine that,only god can determine that full stop
hausa,clinical,"Some individuals have only mild clinical symptoms, whereas others have more severe disease."," Some individuals have only mild clinical symptoms, whereas others have more severe diseases.",some individuals have only mild clinical symptoms whereas others have more severe disease,some individuals have only mild clinical symptoms whereas others have more severe diseases
hausa,clinical,Pt is homelessPt., Where we going? PT is harmless PT,pt is homelesspt,where we going pt is harmless pt
hausa,clinical,Information for families that provides details about community resources and state laws are helpful., Information for families that provide details about community resources and safe laws is helpful.,information for families that provides details about community resources and state laws are helpful,information for families that provide details about community resources and safe laws is helpful
hausa,general,"Dubai in the night looks more lovely and vivacious, and returning to its inviting arms will unquestionably inspire your spirits.
"," Dubai in the night looks more lovely and vivacious, comma, and returning to its inviting arms will unquestionably inspire your spirit.",dubai in the night looks more lovely and vivacious and returning to its inviting arms will unquestionably inspire your spirits,dubai in the night looks more lovely and vivacious comma and returning to its inviting arms will unquestionably inspire your spirit
