accent,domain,reference,prediction,ref_norm,pred_norm
yoruba,general,A second impact tore open the second of the two watertight compartments flooding it.,"A second impact, tall open the second of the two water tight compartments, flooding it.",a 2nd impact tore open the 2nd of the 2 watertight compartments flooding it,a 2nd impact tall open the 2nd of the 2 water tight compartments flooding it
yoruba,clinical,X-ray examination of the mastoids is of little value though it may show areas of bone destruction and enlargement of jugular foramen.,"X-ray examination of the mastoid is of little value, though it may show areas of bone destruction and enlargement of jugular pharmen.",x ray examination of the mastoids is of little value though it may show areas of bone destruction and enlargement of jugular foramen,x ray examination of the mastoid is of little value though it may show areas of bone destruction and enlargement of jugular pharmen
yoruba,general,"Confederate infantry assaults
",CONFIDERATE INFANTRY ASSOCIATE.,confederate infantry assaults,confiderate infantry associate
yoruba,general,"DamnBBNaija BBNaijaShineYaEye BBNaijaReunion
",Darn BB Niger BB Niger Shanya IBB Niger Reign.,damnbbnaija bbnaijashineyaeye bbnaijareunion,darn bb niger bb niger shanya ibb niger reign
yoruba,clinical,The ulna remains relatively stationary.,"The owner remains relatively stationary.
",the ulna remains relatively stationary,the owner remains relatively stationary
yoruba,general,"The prevalence of moderate and complete ED was 29, increasing rapidly with age from 12 for age 50 years to 58 at age 75 years.
","The prevalence of moderate and complete ED was 29, increasing rapidly with age from 12 for age 50-58 at age 75 years.",the prevalence of moderate and complete ed was 29 increasing rapidly with age from 12 for age 50 years to 58 at age 75 years,the prevalence of moderate and complete ed was 29 increasing rapidly with age from 12 for age 50 58 at age 75 years
yoruba,general,"Minor political issues
","Minor political issues.
",minor political issues,minor political issues
yoruba,clinical,AB: O: Infant RR 30-60s with sats remaining 97-100 in RA.,AB colon or colon infant resp with 30-60 seconds with sats remaining 97-100 in RA.,ab 0 infant rr 30 60s with sats remaining 97 100 in ra,ab colon or colon infant resp with 30 60 seconds with sats remaining 97 100 in ra
yoruba,general,"He currently lives in Brooklyn.
",He currently lives in Brooklyn.,he currently lives in brooklyn,he currently lives in brooklyn
yoruba,general,"We can call this second man, Dying Man.
","We can call this second man, dying man.
",we can call this 2nd man dying man,we can call this 2nd man dying man
yoruba,general,"Henderson wrote that so far, there has been no evidence of spread to students from the dining hall and that the current seven-day positive test rate at Northeastern is 0.08.
","Penderson wrote that so far, there has been no evidence of spread to students from the dining hall and that the current 7-day positive test rate at North-Eastern is 0.08.",henderson wrote that so far there has been no evidence of spread to students from the dining hall and that the current 7 day positive test rate at northeastern is 0.08,penderson wrote that so far there has been no evidence of spread to students from the dining hall and that the current 7 day positive test rate at north eastern is 0.08
yoruba,clinical,"If it is fertilized by an X-bearing sperm, however, the result is a female with Turner 18 syndrome, with an XO combination O represents the absence of one sex chromosome.","If it is fertilized by an X-bearing splem, however, the result is a female with Turner-Eating syndrome, with an XO combination or represents the absence of 1 sex chromosome.",if it is fertilized by an x bearing sperm however the result is a female with turner 18 syndrome with an xo combination 0 represents the absence of one sex chromosome,if it is fertilized by an x bearing splem however the result is a female with turner eating syndrome with an xo combination or represents the absence of one sex chromosome
yoruba,general,"One day our school soccer team needed some players to help out at a soccer match and they asked me to step in and help out.
","One day our school soccer team needed some players to help out at a soccer match and they asked me to step in and help out.
",one day our school soccer team needed some players to help out at a soccer match and they asked me to step in and help out,one day our school soccer team needed some players to help out at a soccer match and they asked me to step in and help out
yoruba,clinical,CA: a cancer journal for clinicians.,CA colon a cancer journal for clinicians.,ca a cancer journal for clinicians,ca colon a cancer journal for clinicians
yoruba,clinical,"Differential diagnosis of swellings in the region of the salivary glands, e.","Differential Diagnosis of Sweolins in the Region of the Salivary Gland, E.",differential diagnosis of swellings in the region of the salivary glands e,differential diagnosis of sweolins in the region of the salivary gland e
yoruba,clinical,"Patients who give a history of physical signs suggestive of a liver disorder or a high alcohol intake should have blood taken for clotting studies and liver function tests LFTs.
",Pt will give a histrophysical sign suggestive of a liver disorder where a high acointic should have blood taken for clotting studies and liver function tests.,patients who give a history of physical signs suggestive of a liver disorder or a high alcohol intake should have blood taken for clotting studies and liver function tests lfts,pt will give a histrophysical sign suggestive of a liver disorder where a high acointic should have blood taken for clotting studies and liver function tests
yoruba,clinical,"Haemorrhage is carefully arrested, as a haematoma could prevent the ap taking, and closure is effected with mattress sutures.","Hemorrhage is carefully arrested, as a metomacul prevent the app taking, and closure is affected with mattress suture
",hemorrhage is carefully arrested as a haematoma could prevent the ap taking and closure is effected with mattress sutures,hemorrhage is carefully arrested as a metomacul prevent the app taking and closure is affected with mattress suture
yoruba,clinical,The hair cells are supported by pillars of Corti that enclose a space called the tunnel of Corti.,The air cells are supported by pillars of cuti that enclose a space called the tunnel of cuti.,the hair cells are supported by pillars of corti that enclose a space called the tunnel of corti,the air cells are supported by pillars of cuti that enclose a space called the tunnel of cuti
yoruba,clinical,Papillary projections of ductal epithelium resemble villous morphology and contain mucin-filled vesicles.,Pupillary projections of Dr. Epithelium resemble velous morphology and contain muscine-fib vesicles.,papillary projections of ductal epithelium resemble villous morphology and contain mucin filled vesicles,pupillary projections of doctor epithelium resemble velous morphology and contain muscine fib vesicles
yoruba,clinical,": Extended transthoracicresectioncomparedwithlimitedtranshiatal resection for adenocarcinoma of the esophagus.
",Colon Extended transthoracic recession compared with limited transthylrcessation for adenocal senoma of the esophagus,extended transthoracicresectioncomparedwithlimitedtranshiatal resection for adenocarcinoma of the esophagus,colon extended transthoracic recession compared with limited transthylrcessation for adenocal senoma of the esophagus
yoruba,clinical,The effect of ablation technology on surgical outcomes after the Cox-maze procedure: a propensity analysis.,Referee of ablation technology on surgical outcomes after the coax mass procedure   hypopensity analysis,the effect of ablation technology on surgical outcomes after the cox maze procedure a propensity analysis,referee of ablation technology on surgical outcomes after the coax mass procedure hypopensity analysis
yoruba,clinical,"With respect to the natural history, the panel advocated nonoperative management of these patients with mild PHPT based on observational studies, which suggested relative stability of biochemical parameters over time.","With respect to the natural history, the panel advocated nonoperative management of these patients with mild PHPT based on observational studies which suggested relative stability of biochemical parameters over time.",with respect to the natural history the panel advocated nonoperative management of these patients with mild phpt based on observational studies which suggested relative stability of biochemical parameters over time,with respect to the natural history the panel advocated nonoperative management of these patients with mild phpt based on observational studies which suggested relative stability of biochemical parameters over time
yoruba,clinical,In the inferior meatus opens thenasolacrimal duct.,In the inferior meiatuse opens the nasal acremal duct.,in the inferior meatus opens thenasolacrimal duct,in the inferior meiatuse opens the nasal acremal duct
yoruba,clinical,"In others, the acute pain and blood loss are self-limited.","In others, the acute pain and blood loss are self-limited.",in others the acute pain and blood loss are self limited,in others the acute pain and blood loss are self limited
yoruba,clinical,A: feeds started.,A. feeds started.,a feeds started,a feeds started
yoruba,general,"Since when are you responsible for telling people what to eat?
","Since when are you responsible for telling people to eat?
",since when are you responsible for telling people what to eat,since when are you responsible for telling people to eat
yoruba,general,"As of this minute, ticket sales are surging so by tonight we may see a higher result.
","Assault this minute, ticket sales are surging so by tonight we may see a higher result.
",as of this minute ticket sales are surging so by tonight we may see a higher result,assault this minute ticket sales are surging so by tonight we may see a higher result
yoruba,general,"Easy quick breakfast ideas
","Easy quick brief first ideas
",easy quick breakfast ideas,easy quick brief 1st ideas
yoruba,clinical,213 The American Society for Radiation Oncology ASTRO developed guidelines for the use of APBI outside of clinical trials based on data reported from published studies.,"2. One. Three. The American Society for Radiation Oncology, Astro, developed guidelines for the use of APBI outside of clinical trials based on data reported from published studies.
",213 the american society for radiation oncology astro developed guidelines for the use of apbi outside of clinical trials based on data reported from published studies,213 the american society for radiation oncology astro developed guidelines for the use of apbi outside of clinical trials based on data reported from published studies
yoruba,general,"With N60,000 collected at Ijora and another N60,000 collected between Marine Bridge and Area B Junction, that is N120,000 collected without receipts.
","With 60,000 air collected at Ijora and another 60,000 air collected between Marine Bridge and Iriabee junction, that is 120,000 air collected without receds.",with n 60000 collected at ijora and another n 60000 collected between marine bridge and area b junction that is n 120000 collected without receipts,with 60000 air collected at ijora and another 60000 air collected between marine bridge and iriabee junction that is 120000 air collected without receds
yoruba,general,"Its the growth and glow-up for us
","It dig growth and glow-up for us
",its the growth and glow up for us,it dig growth and glow up for us
yoruba,general,"Dr. Uloaku is w/ the Pt Onyinyechukwu at this time and has also spoken to Pt's neice Finidi
","The arrow of Nunoaku is w-stashed the patient Oniyuchukwu at the time and has also spoken to pt Papastofesnes Findi
",doctor uloaku is w the pt onyinyechukwu at this time and has also spoken to pt is neice finidi,the arrow of nunoaku is w stashed the patient oniyuchukwu at the time and has also spoken to pt papastofesnes findi
yoruba,general,"These conversations become harder and having them so many times per day is exhausting.
","These conversations become harder and having them so many times per day is exhausting.
",these conversations become harder and having them so many times per day is exhausting,these conversations become harder and having them so many times per day is exhausting
yoruba,general,"Camille Hamonics five-year-old wont have a seat on the school bus this fall.
","Kamil am running 25 years ago and has been tested for the treatment of disease.
",camille hamonics 5 year old wont have a seat on the school bus this fall,kamil am running 25 years ago and has been tested for the treatment of disease
yoruba,clinical,"The public demonstration was a failure because nitrous oxide has analgesic properties, but does not suffice as the sole anesthetic agent in every patient.","The public demonstration was a failure because nitrous oxide has analgesic properties, but does not suffice as the sole anesthetic agent in every patient.",the public demonstration was a failure because nitrous oxide has analgesic properties but does not suffice as the sole anesthetic agent in every patient,the public demonstration was a failure because nitrous oxide has analgesic properties but does not suffice as the sole anesthetic agent in every patient
yoruba,clinical,Abd benign AG 25-26 V/S stooling.,ABD benign AG 25-26 Vs-S tolling.,abd benign ag 25 26 v s stooling,abd benign ag 25 26 vs s tolling
yoruba,general,"Slot scanners are typically used to scan bar codes on identification cards.
",Slot scanners are typically used to scan back codes on identification card.,slot scanners are typically used to scan bar codes on identification cards,slot scanners are typically used to scan back codes on identification card
yoruba,general,"Triple-S Management stock opened at 18.12 on Monday.
","3-S Management stock opened at 18.12 on Monday.
",triple s management stock opened at 18.12 on monday,3s management stock opened at 18.12 on monday
yoruba,clinical,The two-cell theory of estrogen synthesis is diagrammed in Figure 33.,The Tsu-Cell theory of estrogen synthesis is diagrammed in Figure 33.,the 2 cell theory of estrogen synthesis is diagrammed in figure 33,the tsu cell theory of estrogen synthesis is diagrammed in figure 33
yoruba,clinical,Several cycles of extremely intensive myelosuppressive chemotherapy are necessary to cure childhood AML there is little evidence that low-dose continuation therapy is helpful in AML with the exception of acute promyelocytic leukemia.,Several cycles of extremely intensive myelosuppressive chemotherapy are necessary to cure childhood acute myeloid leukemia. There is little evidence that low-dose continuation therapy is helpful in acute myeloid leukemia with the exception of acute promyelocytic leukemia.,several cycles of extremely intensive myelosuppressive chemotherapy are necessary to cure childhood aml there is little evidence that low dose continuation therapy is helpful in aml with the exception of acute promyelocytic leukemia,several cycles of extremely intensive myelosuppressive chemotherapy are necessary to cure childhood acute myeloid leukemia there is little evidence that low dose continuation therapy is helpful in acute myeloid leukemia with the exception of acute promyelocytic leukemia
yoruba,clinical,U/O 30-60 ml/hr all night.,U-O-30-60MU-HR ALL NIGHT.,u 0 30 60 ml hr all night,u 0 30 60 mu hr all night
yoruba,clinical,HE HAS OCASSIONAL DRIFTS IN SATS THAT RESOLVE WITHINCREASE IN O2 BRIEFLY.,He has occasional drifts in saturation that resolve with increase in oxygen briefly.,he has ocassional drifts in sats that resolve withincrease in 0 2 briefly,he has occasional drifts in saturation that resolve with increase in oxygen briefly
yoruba,clinical,Planning for PDA ligation in near future.,Planning for PDA ligation in near future.,planning for pda ligation in near future,planning for pda ligation in near future
yoruba,general,"Humanitarian cases will continue to get precedence, the official said.
","Humanitarian cases will continue to get precedents, the official said.
",humanitarian cases will continue to get precedence the official said,humanitarian cases will continue to get precedents the official said
yoruba,general,"Our religion has become our ethnic identity, you know, exclusive to us.
","Our religion has become our ethnic identity, you know, exclusive to us.
",our religion has become our ethnic identity you know exclusive to us,our religion has become our ethnic identity you know exclusive to us
yoruba,general,"Trying to keep younger students 6 feet 1.8 meters apart could prove to be impossible, he said, and many schools have so many students they would violate suggested limits on large gatherings.
","Trying to keep younger students 6 feet 1.8 metres apart could prove to be impossible, he said, and many schools asked for many students they would violate suggested limits on large gardens.
",trying to keep younger students 6 feet one.8 meters apart could prove to be impossible he said and many schools have so many students they would violate suggested limits on large gatherings,trying to keep younger students 6 feet one.8 meters apart could prove to be impossible he said and many schools asked for many students they would violate suggested limits on large gardens
yoruba,general,"Ive got a lot of experience to lean on with guys who have played five, six, seven years of IPL and Test tours over there for Australia, so theres a lot to learn.","Ive got a lot of experience to lead on with gas who have played 5, 6, 7 years of IPL and testers over there for Australia, so theres a lot to learn.
",ive got a lot of experience to lean on with guys who have played 567 years of ipl and test tours over there for australia so theres a lot to learn,ive got a lot of experience to lead on with gas who have played 5 6 7 years of ipl and testers over there for australia so theres a lot to learn
yoruba,clinical,"Care must be taken during dental extraction, but fractures of the jaws are uncommon in this disease.","Care must be taken during dental extractions, but fractures of jaws are uncommon in this disease.",care must be taken during dental extraction but fractures of the jaws are uncommon in this disease,care must be taken during dental extractions but fractures of jaws are uncommon in this disease
yoruba,general,"Friends praying for Ini Dima-Okojie
",Friends praying for Enid Dima-Okoji.,friends praying for ini dima okojie,friends praying for enid dima okoji
yoruba,clinical,"Unspecified superficial injury of right hip, initial encounter. TABLET, ORAL KETOCONAZOLE, KETOCONAZOLE, 200MG. Other specified injury of blood vessel of unspecified finger, initial","Unspecified superficial injury of right hip, initial encounter. TABLET, ORAL KETUKONAZOLE, KETUKONAZOLE, 200MG. Other specified injury of blood vessel of unspecified finger, initial",unspecified superficial injury of right hip initial encounter tablet oral ketoconazole ketoconazole 200 mg other specified injury of blood vessel of unspecified finger initial,unspecified superficial injury of right hip initial encounter tablet oral ketukonazole ketukonazole 200 mg other specified injury of blood vessel of unspecified finger initial
yoruba,general,"From the beginning of the first question being asked, we saw a glimpse of what the next 90 minutes would include with the constant interruptions.
","From the beginning of the first question being asked, we saw a glimpse of what the next 19s would include with the constant interruptions.
",from the beginning of the 1st question being asked we saw a glimpse of what the next 90 minutes would include with the constant interruptions,from the beginning of the 1st question being asked we saw a glimpse of what the next 19s would include with the constant interruptions
yoruba,clinical,Tx'd c hydration abxs Hospital Uwaezuoke.,TSDC HYDRACIN ABXS OSBITAL YZEKE,tx would c hydration abxs hospital uwaezuoke,tsdc hydracin abxs osbital yzeke
yoruba,general,"The incident happened on Tuesday, the same day security operatives shot tear gas canisters to disperse journalists on duty.
","The incident happened on Tuesday, the same day security operatives shot tear gas canisters to disperse journalists on duty.
",the incident happened on tuesday the same day security operatives shot tear gas canisters to disperse journalists on duty,the incident happened on tuesday the same day security operatives shot tear gas canisters to disperse journalists on duty
yoruba,clinical,"After age 70, it is 1:1HIGH-YIELD FACTSCardiothoracic Surgery421SyncopeAbnormal heart soundsSeventyve percent present with classic angina, 25 present atypically, many have silent myocardial infarctions MIs particularly diabetics and elderly.
","After H70, it is 1 ratio 1 high-eat fact Cardiothoracic Surgery 41 Psychoabnomer Art sounds 70% present with classic adenia, 25% atypically, many auscilent myocardial infarction MIS particularly diabetics and elderly.",after age 70 it is one one high yield factscardiothoracic surgery 421 syncopeabnormal heart soundsseventyve percent present with classic angina 25 present atypically many have silent myocardial infarctions mis particularly diabetics and elderly,after h 70 it is one ratio one high eat fact cardiothoracic surgery 41 psychoabnomer art sounds 70% present with classic adenia 25% atypically many auscilent myocardial infarction mis particularly diabetics and elderly
yoruba,clinical,Carcinoma tends to be irregular in shape and is adherent to the adjacent tissues.,Carsinoma tends to be irregular in shape and is adherent to their adjacent tissue.,carcinoma tends to be irregular in shape and is adherent to the adjacent tissues,carsinoma tends to be irregular in shape and is adherent to their adjacent tissue
yoruba,clinical,tagging it with permanent suture can make identification of the stump easier if the colostomy is closed at a later date.,"Tagging three permits to check and make identification of this term easier if they could also mean it is closed at a later date.
",tagging it with permanent suture can make identification of the stump easier if the colostomy is closed at a later date,tagging 3 permits to check and make identification of this term easier if they could also mean it is closed at a later date
yoruba,general,"pt Taiwo Jaruntu received diuris 333mg iv at 11:22pm and lasix 220mg at 11pm with only fair urine output. Friday 08 December, 2028
","Patient Tywo Jarruntu received dauris 333 mg IV at 11.22 pm and laces 220 mg at 11 pm with only fair urine output. Friday 08 December, 2028",pt taiwo jaruntu received diuris 333 mg iv at 11 22 pm and lasix 220 mg at 11 pm with only fair urine output friday 8 december 2028,patient tywo jarruntu received dauris 333 mg iv at 11.22 pm and laces 220 mg at 11 pm with only fair urine output friday 8 december 2028
yoruba,clinical,Pt quit smoking in ; prior to that he smoked 10 ppd x 50 years.,Pt quit smoking in prior to that he smoked 10 packs per day x 50 years.,pt quit smoking in prior to that he smoked 10 ppd x 50 years,pt quit smoking in prior to that he smoked 10 packs per day x 50 years
yoruba,clinical,"Hct stable afterward with no evidence of bleeding.
",HCT stable afterward with no evidence of bleeding.,hct stable afterward with no evidence of bleeding,hct stable afterward with no evidence of bleeding
yoruba,general,"He further stated that This bold step by ProvidusBank addresses the United Nations Sustainable Development Goals 12, 13, 15, and 17.
","He further stated that this bold step by Providence Bank addresses the United Nations sustainable development goals 12, 13, 15, and 17.
",he further stated that this bold step by providusbank addresses the united nations sustainable development goals 12 13 15 and 17,he further stated that this bold step by providence bank addresses the united nations sustainable development goals 12 13 15 and 17
yoruba,general,"Bandits kill groom, abduct wife, four family members in Kaduna
","Bandit scale groom, have duct wife, four family members in Kadima
",bandits kill groom abduct wife 4 family members in kaduna,bandit scale groom have duct wife 4 family members in kadima
yoruba,general,"It uses A for objects people say are asteroids.
",It uses a for objects people say are hysteria.,it uses a for objects people say are asteroids,it uses a for objects people say are hysteria
yoruba,clinical,"Massive enlargement below umbilicus occurs in CML, myeloid metaplasia with myelofibrosis, storage diseases, thalassaemia major, chronic malaria, leishmaniasis and portal vein obstruction.","Massive enlargement below ambolycosis occurs in chronic myelod leukemia, myelod metaplasia with myelofibrosis, storage disease, talasemia major, chronic malaria, leshmanyasis and portal vein obstruction.",massive enlargement below umbilicus occurs in cml myeloid metaplasia with myelofibrosis storage diseases thalassaemia major chronic malaria leishmaniasis and portal vein obstruction,massive enlargement below ambolycosis occurs in chronic myelod leukemia myelod metaplasia with myelofibrosis storage disease talasemia major chronic malaria leshmanyasis and portal vein obstruction
yoruba,general,"Dr Bulakalotua Apakata made aware of rising Calcium with no new orders received at 08-02-2022
","Dr. Bolaqalotwa Apakata made aware of rising calcium with no new orders received at 08-02-2022
",doctor bulakalotua apakata made aware of rising calcium with no new orders received at 8 2 2022,doctor bolaqalotwa apakata made aware of rising calcium with no new orders received at 8 2 2022
yoruba,clinical,Kainenechukwu IS MUMBLED AND DIFFICULT TO UNDERSTAND.,Kenechukwu is mumbo'd and difficult to understand.,kainenechukwu is mumbled and difficult to understand,kenechukwu is mumbo would and difficult to understand
yoruba,clinical,a diet as he wishes .,A diet as a wishing.,a diet as he wishes,a diet as a wishing
yoruba,general,"For instance, James Segars, from the department of gynecology and obstetrics at Johns Hopkins University in Baltimore, MD, told The Atlantic that, Having a monthly period is reassuring, but it is certainly not necessary.","For instance, James Sheggers, from the Department of Garniology and Obstructures at Johns Acolle University in Brachoma, MedicalDr, told the antennas that, having a monthly period is re-azoming, but it is certainly not necessary.",for instance james segars from the department of gynecology and obstetrics at johns hopkins university in baltimore md told the atlantic that having a monthly period is reassuring but it is certainly not necessary,for instance james sheggers from the department of garniology and obstructures at johns acolle university in brachoma medicaldr told the antennas that having a monthly period is re azoming but it is certainly not necessary
yoruba,general,"Bullying can look like a lot of different things, said Noah Biddlecombe, program director at Youth One.
","Bolinka and Yuki are like a lot of teachers and teachers, first to learn Udukonbe, program director at Tupam.",bullying can look like a lot of different things said noah biddlecombe program director at youth one,bolinka and yuki are like a lot of teachers and teachers 1st to learn udukonbe program director at tupam
yoruba,clinical,LUPUS ERYTHEMATOSUS: Lupus erythematosus is an uncommon connective tissue disease Chs 12 and 23.,Lupus erythematosus is an uncommon connected tissue disease such as 12 and 23.,lupus erythematosus lupus erythematosus is an uncommon connective tissue disease chs 12 and 23,lupus erythematosus is an uncommon connected tissue disease such as 12 and 23
yoruba,clinical,"Rectal agents and rectal manipulation, including enemas, should not be used with myelosuppressed patients and or patients at risk for myelosuppression and mucositis.","Red tie agents and rectal manipulation, including enemas, should not be used with myelo-suppressed patients or patients at risk for myelo-suppressions and mucositis.",rectal agents and rectal manipulation including enemas should not be used with myelosuppressed patients and or patients at risk for myelosuppression and mucositis,red tie agents and rectal manipulation including enemas should not be used with myelo suppressed patients or patients at risk for myelo suppressions and mucositis
yoruba,clinical,There has undoubtedly been a significant decline in the prevalence of dental caries in countries where drinking water has been fluoridated.,"There has undoubtedly been a significant decline in the prevalence of dental caries in countries where drinking water has been fluoridated.
",there has undoubtedly been a significant decline in the prevalence of dental caries in countries where drinking water has been fluoridated,there has undoubtedly been a significant decline in the prevalence of dental caries in countries where drinking water has been fluoridated
yoruba,general,"Judgment against NBC, vindication of our position IPC
","JUDGMENT AGAINST NBC, VENDICATION OF OUR POCIPC",judgment against nbc vindication of our position ipc,judgment against nbc vendication of our pocipc
yoruba,clinical,-- elevated lactate 4.1 Pulmonary: -- producing thick secretions --,Elevated lactate 4.1 pulmonary producing thick secretions.,elevated lactate 4 one pulmonary producing thick secretions,elevated lactate 4 one pulmonary producing thick secretions
yoruba,general,"He said it was not all about the standard gauge rail system but the security and safety of passengers.
","He said it was not all about the standard gauge rail system but the security and safety of passengers.
",he said it was not all about the standard gauge rail system but the security and safety of passengers,he said it was not all about the standard gauge rail system but the security and safety of passengers
yoruba,general,"Upon opening the app, users are taken to a basic sign-in page where they are required to register using their name, contact number and pin-code.
","Upon opening the app, users are taking to a basic sign in page where they are required to register using their name, contact number and pin code.
",upon opening the app users are taken to a basic sign in page where they are required to register using their name contact number and pin code,upon opening the app users are taking to a basic sign in page where they are required to register using their name contact number and pin code
yoruba,general,"Olusola was a Negerian movie director, historian, movie critic and teacher, born in Akpawfu on 02 Apr, 1985
","Ulu Solar was the Negerian Movie Director, historian, movie critic and teacher, born in Akpafu on 02 April, 1912
",olusola was a negerian movie director historian movie critic and teacher born in akpawfu on 2 apr 1985,ulu solar was the negerian movie director historian movie critic and teacher born in akpafu on 2 april 1912
yoruba,general,"It added that there were also increases in the debt stock of the state governments and the FCT.
","It added that there were also increases in the dead stock of the state governments and the federal capital territory.
",it added that there were also increases in the debt stock of the state governments and the fct,it added that there were also increases in the dead stock of the state governments and the federal capital territory
yoruba,clinical,"A similar force occurs in creating arectocele, a posterior wall defect.","A similar force occurs in creating erectus oe, a posterior ward defect.",a similar force occurs in creating arectocele a posterior wall defect,a similar force occurs in creating erectus oe a posterior ward defect
yoruba,general,"Over time, the party became closer to the conservative movement and it renounced its policy against racial equality.
","Over time, the party became closer to the conservative movement and it renounced its policy against racial equality.
",over time the party became closer to the conservative movement and it renounced its policy against racial equality,over time the party became closer to the conservative movement and it renounced its policy against racial equality
yoruba,general,"Right to Care supports and delivers prevention, care, and treatment services for HIV and TB, including through technical assistance to the private sector, the department of health and the department of correctional services.","Right to care supports and delivers prevention, care, and treats services for HIV and TB, including through technical assistance to the private sector, the Department of Health and the Department of the Correctional Services.",right to care supports and delivers prevention care and treatment services for hiv and tb including through technical assistance to the private sector the department of health and the department of correctional services,right to care supports and delivers prevention care and treats services for hiv and tb including through technical assistance to the private sector the department of health and the department of the correctional services
yoruba,clinical,"Complete lesion of L1 level of lumbar spinal cord, initial encounter. CAPSULE, ORAL AGRYLIN, ANAGRELIDE HYDROCHLORIDE, EQ 0.5MG BASE. Pedestrian on roller-skates injured in collision with railway train or","Complete lesion of L1 level of lumbar spinal cord, initial encounter. CAPSULE, ORAL AGRILIN, ANAGRELIDE HYDROCHLORIDE, EQ 0.5MG BASE. Pedestrian on roller skates kneejured in collision with railway train or",complete lesion of l one level of lumbar spinal cord initial encounter capsule oral agrylin anagrelide hydrochloride eq 0.5 mg base pedestrian on roller skates injured in collision with railway train or,complete lesion of l one level of lumbar spinal cord initial encounter capsule oral agrilin anagrelide hydrochloride eq 0.5 mg base pedestrian on roller skates kneejured in collision with railway train or
yoruba,general,"Bushfire arrived into the township of Malua Bay, just south of Batemans Bay.
","The fire arrived into the township of Maluah Bay, just south of Bittemans Bay.
",bushfire arrived into the township of malua bay just south of batemans bay,the fire arrived into the township of maluah bay just south of bittemans bay
yoruba,general,"VERDICT: MISLEADING
","Vadded, misleading.",verdict misleading,vadded misleading
yoruba,clinical,Resident/Intern spoke to patients son.,Residents of Incant spoke to pt's son.,resident intern spoke to patients son,residents of incant spoke to pt is son
yoruba,clinical,"Regardless of the strategy used, follow-up head CT scans are required postoperatively and approximately 1 month later to document resolution.","Regardless of the strategy used, follow-up head CT scans are required postoperatively and approximately one month later to document resolution.",regardless of the strategy used follow up head ct scans are required postoperatively and approximately one month later to document resolution,regardless of the strategy used follow up head ct scans are required postoperatively and approximately one month later to document resolution
yoruba,general,"Here are a few mistakes you can avoid if you want affirmations to work for you:
",Here are a few mistakes you can avoid if you want affirmation to work for you.,here are a few mistakes you can avoid if you want affirmations to work for you,here are a few mistakes you can avoid if you want affirmation to work for you
yoruba,clinical,"Pleural fluid pH is 7.29, glucose 91, total protein3.1, LDH 296, 70 white blood cells, 50 red blood cells .","Pleural fluid pH is 7.29, glucose 91, total protein 3.1, LTH 296, 70 wise blood cells, 50 red blood cells",pleural fluid ph is 7.29 glucose 91 total protein 3 one ldh 296 70 white blood cells 50 red blood cells,pleural fluid ph is 7.29 glucose 91 total protein 3 one lth 296 70 wise blood cells 50 red blood cells
yoruba,general,"He said, Today, Im dressed as a prison inmate to attend the International Human Rights Summit at the United Nations.
","I said, Today, I am dressed as a prison inmate to attend the International Human Rights Summit at the United Nations.
",he said today im dressed as a prison inmate to attend the international human rights summit at the united nations,i said today i am dressed as a prison inmate to attend the international human rights summit at the united nations
yoruba,general,"They attacked Pompeys left flank and, rejoined by their cavalry, were able to get behind and attack Pompeys army from the rear.
","They attacked Pumpys left flank and, rejoined by their cavalry, were able to get behind and attack Pumpys army from the rear.
",they attacked pompeys left flank and rejoined by their cavalry were able to get behind and attack pompeys army from the rear,they attacked pumpys left flank and rejoined by their cavalry were able to get behind and attack pumpys army from the rear
yoruba,clinical,The mechanisms by which gastric distention is translated into a neurohormonal satiety signal have only been partially elucidated.,The mechanisms by which gastric distention is translated into a neurohormonal satiety signal have only been partially elucidated.,the mechanisms by which gastric distention is translated into a neurohormonal satiety signal have only been partially elucidated,the mechanisms by which gastric distention is translated into a neurohormonal satiety signal have only been partially elucidated
yoruba,general,"Hes protected from eviction until at least September, after Oregons governor signed legislation last Tuesday that extended the states moratorium and gives tenants until March 31, 2021, to pay back rent.","He is protected from eviction until at least September, after origins covered North signed legislation last Tuesday that extended the state's moratorium and gives tenants until March 31, 2021, to pay back rent.
",hes protected from eviction until at least september after oregons governor signed legislation last tuesday that extended the states moratorium and gives tenants until march 31 2021 to pay back rent,he is protected from eviction until at least september after origins covered north signed legislation last tuesday that extended the state is moratorium and gives tenants until march 31 2021 to pay back rent
yoruba,clinical,For the four-point gait: a.,44-point gate colon A.,for the 4 point gait a,44 point gate colon a
yoruba,clinical,CHEST PA and LAT             Reason: What is the status of the pulmonary fingings compared to CXR,CHEST PA and LAT Vison- What is the status of the pulmonary phinging compared to CXR?,chest pa and lat reason what is the status of the pulmonary fingings compared to cxr,chest pa and lat vison what is the status of the pulmonary phinging compared to cxr
yoruba,general,"In good news for Greggs workers, it was also revealed yesterday that its employees are to get a share of a 7million bonus following the bumper sales.
","In good news for Gregs workers, it was also revealed yesterday that its employees are to get a share of a 7 million bonus following the bumper sales.
",in good news for greggs workers it was also revealed yesterday that its employees are to get a share of a 7000000 bonus following the bumper sales,in good news for gregs workers it was also revealed yesterday that its employees are to get a share of a 7000000 bonus following the bumper sales
yoruba,general,"To schedule a fly by, go to the fire district website.
","To schedule a flyby, go to the fire district website.
",to schedule a fly by go to the fire district website,to schedule a flyby go to the fire district website
yoruba,general,"By no coincidence, thats also when the franchise really started to decline in quality.
","By no coincidence, that also went when the franchise released the package to decline in quality.
",by no coincidence thats also when the franchise really started to decline in quality,by no coincidence that also went when the franchise released the package to decline in quality
yoruba,general,"Reps uncover extra-budgetary expenditures of 50m, 18m as PH refinery gets March 2023 completion date
","Reps uncover extra budgetary expenditures of R$50 million, R$80 million as PH refinery gets March 2023 completion date.
",reps uncover extra budgetary expenditures of 50 m 18 m as ph refinery gets march 2023 completion date,reps uncover extra budgetary expenditures of r$50 1000000 r$80 1000000 as ph refinery gets march 2023 completion date
yoruba,clinical,U/O > 30 cc/hr.,UOO greater than 30cc per hour.,u 0 30 cc hr,uoo greater than 30 cc per hour
yoruba,general,"This is a year unlike most we have ever seen.
",This is a year unlike most we have ever seen.,this is a year unlike most we have ever seen,this is a year unlike most we have ever seen
yoruba,general,"According to the World Bank, MSMEs represent about 90 per cent of all businesses and over 50 per cent of employment globally.
","According to the World Bank, Ministry of Micro, Small and Medium Enterprises represents about 90 per cent of all businesses and over 50 per cent of employment globally
",according to the world bank msmes represent about 90% of all businesses and over 50% of employment globally,according to the world bank ministry of micro small and medium enterprises represents about 90% of all businesses and over 50% of employment globally
yoruba,general,"Each side must secure objective points.
",Each side muscay objective point.,each side must secure objective points,each side muscay objective point
yoruba,clinical,If the patient experiences any bloody stools melena passing out lightheadedness chest pain shortness of breath fevers/chills they should seek medical attention immediately.,"If the patient experiences any bloody stools, milenia passing out, lightheadedness, chest pain, shortness of breath, fever or chills, they should seek medical attention immediately.",if the patient experiences any bloody stools melena passing out lightheadedness chest pain shortness of breath fevers chills they should seek medical attention immediately,if the patient experiences any bloody stools milenia passing out lightheadedness chest pain shortness of breath fever or chills they should seek medical attention immediately
yoruba,general,Breaking international law is not acceptable and does not create the confidence we need to build our future relationship.,"Breaking international law is not acceptable and does not create the confidence we need to build our future relationship.
",breaking international law is not acceptable and does not create the confidence we need to build our future relationship,breaking international law is not acceptable and does not create the confidence we need to build our future relationship
yoruba,general,"These were voluntaries which had a tune which was played with the right hand on a stop called a trumpet or a cornet.
",These were valentries which had a tin which was played with a right hand on a top called a trumpet or a cornet.,these were voluntaries which had a tune which was played with the right hand on a stop called a trumpet or a cornet,these were valentries which had a tin which was played with a right hand on a top called a trumpet or a cornet
yoruba,general,"Inchereneh Needs sputum sample but none to be had from Cango at this point.
",Inkerinic needs sputum sample but not to be had from cangol at this point.,inchereneh needs sputum sample but none to be had from cango at this point,inkerinic needs sputum sample but not to be had from cangol at this point
yoruba,general,I guess thats the only way to describe it.,"I guess thats the only way to describe it.
",i guess thats the only way to describe it,i guess thats the only way to describe it
yoruba,general,"Dr. Mrs. Ubochioma Kofoworola in her Potiskum interview said Malaria, Typhoid fever, Yellow fever, Tuberculosis, COVID-19 are endemic diseases
",Dr Mrs. Bochuma Kofuorola in her Otsiiskun interview said Malaria Typhoid fever Yellow fever Tuberculosis COVID-19 her Epidemic Disease,doctor missus ubochioma kofoworola in her potiskum interview said malaria typhoid fever yellow fever tuberculosis covid 19 are endemic diseases,doctor missus bochuma kofuorola in her otsiiskun interview said malaria typhoid fever yellow fever tuberculosis covid 19 her epidemic disease
yoruba,general,"It is unconscionable and inimical to the countrys interest to entangle the central bank in partisan politics.
","It is unconsciously unable and in the middle of the countrys interest to entangle the central bank in partisan politics.
",it is unconscionable and inimical to the countrys interest to entangle the central bank in partisan politics,it is unconsciously unable and in the middle of the countrys interest to entangle the central bank in partisan politics
yoruba,general,"On the goals she wishes her brand will accomplish:
",On the goals she wishes her brand will accomplish.,on the goals she wishes her brand will accomplish,on the goals she wishes her brand will accomplish
yoruba,clinical,"Pancoasts syndrome symptoms and signs: Neuritic pain in the arm, atrophy of muscles of arm and hand, associated Horners syndrome, osteolysis of ribs and vertebrae, coin shadow on X-ray chest at apex of lung.",Panko Syndrome Symptoms and Signs Neurotic pain in the arm Atop of the muscles of arm and hand associated Hohner syndrome Osteolytes of ribs and vertebrae Coin shadow on x-ray chest at apex of lung.,pancoasts syndrome symptoms and signs neuritic pain in the arm atrophy of muscles of arm and hand associated horners syndrome osteolysis of ribs and vertebrae coin shadow on x ray chest at apex of lung,panko syndrome symptoms and signs neurotic pain in the arm atop of the muscles of arm and hand associated hohner syndrome osteolytes of ribs and vertebrae coin shadow on x ray chest at apex of lung
yoruba,clinical,"Given its potential dramatic impact, premature ovarian failure demands a careful workup in order to identify the underlying cause and permit appropriate management.","Giving its potential dramatic impact, premature ovarian failure demands a careful workup in order to identify the underlying cause and permit appropriate management.",given its potential dramatic impact premature ovarian failure demands a careful workup in order to identify the underlying cause and permit appropriate management,giving its potential dramatic impact premature ovarian failure demands a careful workup in order to identify the underlying cause and permit appropriate management
yoruba,general,Read the full story on iamschick.com.,Wt the full story on imchic.com.,read the full story on iamschick com,wt the full story on imchic com
yoruba,general,"Infant has lovely skin, born to Ngam Cherechi parents in Gombe
","Infant has lodged a sting, born to Ndium Chichiriki in Ndiumde
",infant has lovely skin born to ngam cherechi parents in gombe,infant has lodged a sting born to ndium chichiriki in ndiumde
yoruba,general,CD Japanese Edition  13 - track album including the bonus track  Tears  .,"C'd Japanese Edition 13-  track album including the bonus track TS.
",cd japanese edition 13 track album including the bonus track tears,c would japanese edition 13 track album including the bonus track ts
yoruba,clinical,for morning of 3 Admitting Diagnosis: TRAUMA,For morning of 3 Admitting Diagnosis  TRAUMA,for morning of 3 admitting diagnosis trauma,for morning of 3 admitting diagnosis trauma
yoruba,general,"The NCDC disclosed this on its official Facebook handle.
","The NCC disclosed this on its official Facebook handle
",the ncdc disclosed this on its official facebook handle,the ncc disclosed this on its official facebook handle
yoruba,clinical,CVR: Intubated shortly after birth extubated at approx 2 am.,CVR intubated shortly after birth extubated approximately 2 m.,cvr intubated shortly after birth extubated at approx 2 am,cvr intubated shortly after birth extubated approximately 2 m
yoruba,clinical,"Pathological fracture in neoplastic disease, unspecified femur, initia. SOLUTION, INTRAVENOUS FOLOTYN, PRALATREXATE, 40MG/2ML (20MG/ML). Procedure and treatment not carried out because of patient's decision","Pathological fracture in neoplastic disease, unspecified femur, initia. SOLUTION, INTRAVENOUS FOLOTINE, PRALATREXATE, 40MGP2ML. Racket open, 20MGPML. Procedure and treatment not carried out because of pt's decision",pathological fracture in neoplastic disease unspecified femur initia solution intravenous folotyn pralatrexate 40 mg 2 ml procedure and treatment not carried out because of patient is decision,pathological fracture in neoplastic disease unspecified femur initia solution intravenous folotine pralatrexate 40 mgp 2 ml racket open 20 mgpml procedure and treatment not carried out because of pt is decision
yoruba,clinical,Infant initially transitioned to newborn nursery.,The infant initially transitioned to newborn nursery.,infant initially transitioned to newborn nursery,the infant initially transitioned to newborn nursery
yoruba,general,"Michael Gambon, Gina McKee, Tom Hollander and Bill Nighy appeared in major roles.","Michael Gabon, Genam M.T., Tom Hollandia and B. Knightley appeared in media roles.
",michael gambon gina mckee tom hollander and bill nighy appeared in major roles,michael gabon genam m t tom hollandia and b knightley appeared in media roles
yoruba,clinical,gi: taking cl diet.,GI- PAKING CL DITE.,gi taking cl diet,gi paking cl dite
yoruba,general,"The patient Eriayo owns business in Hospital Imole a clothing store and a limousine business in Akpawfu
","The patient Eriayo owns business in Hospital Imole a clothing store and a limousine business in Apoful
",the patient eriayo owns business in hospital imole a clothing store and a limousine business in akpawfu,the patient eriayo owns business in hospital imole a clothing store and a limousine business in apoful
yoruba,clinical,Mallay via telephone at 10PM 26/05/1984.,"Malay via telephone at 10pm 26 May 1984
",mallay via telephone at 10 pm 26 5 1984,malay via telephone at 10 pm 26 may 1984
yoruba,general,Lopez stressed at a press conference that the coastal path is one of the most important tourist attractions for Marbella.,To place trees at a place complex that the coastal part is one of the most important to place attractions for Mabela and Pistor.,lopez stressed at a press conference that the coastal path is one of the most important tourist attractions for marbella,to place trees at a place complex that the coastal part is one of the most important to place attractions for mabela and pistor
yoruba,clinical,Glucose and potassium ions.,Glucose and potassium aions.,glucose and potassium ions,glucose and potassium aions
yoruba,general,"For the avoidance of doubt, no qualified teacher in the states school system has been relieved of hisher appointment.","For the avoidance of duppt, no qualified teacher in the state school system has been relieved of Asia Appointments.
",for the avoidance of doubt no qualified teacher in the states school system has been relieved of hisher appointment,for the avoidance of duppt no qualified teacher in the state school system has been relieved of asia appointments
yoruba,general,"How Work, Sleep, Phone Usage Cause Spondylosis, Pain In Legs, Arms, Back Dr Oladiran, Consultant Orthopaedic And Trauma Hip Surgeon","How work, sleep, full usage cause dyslosis, pain in legs, arms, back Dr Oladiru, consultant, Octopedia and TraumaIP surgeon
",how work sleep phone usage cause spondylosis pain in legs arms back doctor oladiran consultant orthopedic and trauma hip surgeon,how work sleep full usage cause dyslosis pain in legs arms back doctor oladiru consultant octopedia and traumaip surgeon
yoruba,general,"Well if you didnt hide things, I would be able to find them, he counters.
","Well if you didnt hide things, I would be able to find them, accountants.
",well if you didnt hide things i would be able to find them he counters,well if you didnt hide things i would be able to find them accountants
yoruba,general,"For the week ending 424, we have a build of 70 Bcf.
","For the weak Engine 424, we have a build of 70bn cubic feet.
",for the week ending 424 we have a build of 70 bcf,for the weak engine 424 we have a build of 70 bn cubic feet
yoruba,general,"Ini Dima-Okojies After Party look
",Inidimma okojies after patele.,ini dima okojies after party look,inidimma okojies after patele
yoruba,general,"The effect on the climate after such a huge volcanic eruption will last up to several decades.
",The effect on the climate after such a huge volcanic eruption will last up to several decades.,the effect on the climate after such a huge volcanic eruption will last up to several decades,the effect on the climate after such a huge volcanic eruption will last up to several decades
yoruba,general,"Pt Osorachukwu has vomited many times this morning 24 Apr, 2005 before Dr Ofuchi came.
","Patient Osorachukwu has vomited many times this morning 24 April 2005 before Dr. Ofuchi came.
",pt osorachukwu has vomited many times this morning 24 apr 2005 before doctor ofuchi came,patient osorachukwu has vomited many times this morning 24 april 2005 before doctor ofuchi came
yoruba,general,"A product that helps a cyberattack is sometimes called a cyberweapon.
","A product that helps a cyber attack is sometimes called a cyberweapon
",a product that helps a cyberattack is sometimes called a cyberweapon,a product that helps a cyber attack is sometimes called a cyberweapon
yoruba,general,GTBank bags Most Admired Brand in Africa award,"GT Bank Banks most admired brand in African world
",gtbank bags most admired brand in africa award,gt bank banks most admired brand in african world
yoruba,clinical,Lactulose per ng and pr w lg liq golden stools overnight.,Wrachtulose PNG and PRW LG liquid golden stores overnight.,lactulose per ng and pr w lg liq golden stools overnight,wrachtulose png and prw lg liquid golden stores overnight
yoruba,clinical,Infant currently taking all po feeds.,Efans currently taking all pro feeds.,infant currently taking all po feeds,efans currently taking all pro feeds
yoruba,general,"A very common disease was discovered in Soweto by Imbelakay and Watto scientists at Tarkwa university from 1998 to 2006.
","A very common disease was discovered in Soeto by Imbelakke and Watto scientists at Taqwa university from 1990s to 2006.
",a very common disease was discovered in soweto by imbelakay and watto scientists at tarkwa university from 1998 to 2006,a very common disease was discovered in soeto by imbelakke and watto scientists at taqwa university from 1990s to 2006
yoruba,clinical,Infant's feed held at that time.,Infants feed head at that time.,infant is feed held at that time,infants feed head at that time
yoruba,general,"There is no treatment approach that has been scientifically proven to work.
",There is no treatment approach that has been scientifically proven to work.,there is no treatment approach that has been scientifically proven to work,there is no treatment approach that has been scientifically proven to work
yoruba,clinical,Thiazide diuretics cause hypercalcemia by decreasing renal clearance of calcium.,Tiaziduretics cause hypercalcemia by decreasing renal clearance of calcium.,thiazide diuretics cause hypercalcemia by decreasing renal clearance of calcium,tiaziduretics cause hypercalcemia by decreasing renal clearance of calcium
yoruba,general,"Deportation and forced labour
",Evotation of first labors.,deportation and forced labor,evotation of 1st labors
yoruba,clinical,LINE PATENT WITH NO S and S OF SWELLING/HEMATOMA.,Line patterns with no s and s of swelling or hematoma.,line patent with no s and s of swelling hematoma,line patterns with no s and s of swelling or hematoma
yoruba,general,"After investigating the incident, the Orange County District Attorneys Office concluded in a January 2013 report that Villarreals use of deadly force was reasonable because he thought Herrera was armed.
","After investigating the incident, the Orange County District Attorneys Office concluded in a January 2013 report that Villarreals use of deadly force was reasonable because he thought Herrera was armed.
",after investigating the incident the orange county district attorneys office concluded in a january 2013 report that villarreals use of deadly force was reasonable because he thought herrera was armed,after investigating the incident the orange county district attorneys office concluded in a january 2013 report that villarreals use of deadly force was reasonable because he thought herrera was armed
yoruba,clinical,TheAmericanCollege of Radiology recommends theuse of nonionizing radiation techniques for front-line imagingin1257T HE APPENDIX  30pregnant women.,The Morgan College of Radiology recommends the use of main ionizing radiation techniques for front line imaging in 125-70 Ht appendix 30 pregnant remain.,theamericancollege of radiology recommends theuse of nonionizing radiation techniques for front line imagingin 1257 t he appendix 30 pregnant women,the morgan college of radiology recommends the use of main ionizing radiation techniques for front line imaging in 125 70 ht appendix 30 pregnant remain
yoruba,general,"It was more of an internal fight as well.
",It was more of an internal fight as well.,it was more of an internal fight as well,it was more of an internal fight as well
yoruba,clinical,Patient's TSH mildly elevated above normal so likely the cause of current symptoms.,Pt's TSH mildly elevated above normal so likely the cause of current symptoms.,patient is tsh mildly elevated above normal so likely the cause of current symptoms,pt is tsh mildly elevated above normal so likely the cause of current symptoms
yoruba,general,"I had a therapist I worked with who was really supportive and great, he said.
","I had the therapist I worked with who was really supportive and great, he said.
",i had a therapist i worked with who was really supportive and great he said,i had the therapist i worked with who was really supportive and great he said
yoruba,clinical,"Displaced fracture of anterior column [iliopubic] of left acetabulum,. SUPPOSITORY, RECTAL ACEPHEN, ACETAMINOPHEN, 325MG. Bipolar disorder, current episode depressed, mild or moderate severity","Requires fracture of anterior column with a public of left acetabulum. Supposedly rectal acetabinophen 325 mg. Bipolar disorder, current episode, depressed mild or moderate severity",displaced fracture of anterior column of left acetabulum suppository rectal acephen acetaminophen 325 mg bipolar disorder current episode depressed mild or moderate severity,requires fracture of anterior column with a public of left acetabulum supposedly rectal acetabinophen 325 mg bipolar disorder current episode depressed mild or moderate severity
yoruba,clinical,"Oocysts of Cryptosporidium in modified Zn stained smear: Small, round to oval, pink red stained bodies measuring 46m, as shown in Plate 5.",Bulseys of cryptosporidin in modded zinc stemmed men small round over pink red stemmed bodies measuring 46 meters as shown in the plate.,oocysts of cryptosporidium in modified zn stained smear small round to oval pink red stained bodies measuring 46 m as shown in plate 5,bulseys of cryptosporidin in modded zinc stemmed men small round over pink red stemmed bodies measuring 46 meters as shown in the plate
yoruba,general,"The Bold and the Beautiful spoilers say some serious excitements in store for Emmy Week, so dont miss all the action.","The bold and beautiful spoilers say some serious excitement in store for Emiwik, so dont miss all day action.",the bold and the beautiful spoilers say some serious excitements in store for emmy week so dont miss all the action,the bold and beautiful spoilers say some serious excitement in store for emiwik so dont miss all day action
yoruba,general,"Social: Chike called last night updated on his wife's condition and plan of care provided by hospital Onitsha
","Social:""Chic caught last night updated on his wife's condition and plan of care provided by Hospital Onitsha.
",social chike called last night updated on his wife is condition and plan of care provided by hospital onitsha,social chic caught last night updated on his wife is condition and plan of care provided by hospital onitsha
yoruba,general,"Enforcement action was taken for no fishing license in possession, fishing without a license, and expired ATV registration.","Enforcement Action was taken for no fishing license in possession, fishing without a license, and expired ATV registration.
",enforcement action was taken for no fishing license in possession fishing without a license and expired atv registration,enforcement action was taken for no fishing license in possession fishing without a license and expired atv registration
yoruba,general,"It comes with an official warranty.
","It comes with an official warranty.
",it comes with an official warranty,it comes with an official warranty
yoruba,general,"Again, friendship is a binder.
","Again, friendship is a binder.
",again friendship is a binder,again friendship is a binder
yoruba,clinical,Recipient screening and selection: who is the right candidate for hand transplantation.,"Recipient screening and selection, who is the right candidate for hand transportation.",recipient screening and selection who is the right candidate for hand transplantation,recipient screening and selection who is the right candidate for hand transportation
yoruba,clinical,"eexisting evidence suggests that bariatric surgery in severely obese adolescent results in signicant weight loss and improvements incomorbiditiesandqualityoflife.
",Existing evidence suggests that bariatric surgery in severely obese adolescents results in significant weight loss and improvement in comorbidities and quality of life.,eexisting evidence suggests that bariatric surgery in severely obese adolescent results in signicant weight loss and improvements incomorbiditiesandqualityoflife,existing evidence suggests that bariatric surgery in severely obese adolescents results in significant weight loss and improvement in comorbidities and quality of life
yoruba,general,"Using other peoples misery and devastation for blundering photo opportunities is never a good plan.
","Useing other peoples masory and devastation for blundering photo opportunities is never a good plan.
",using other peoples misery and devastation for blundering photo opportunities is never a good plan,useing other peoples masory and devastation for blundering photo opportunities is never a good plan
yoruba,clinical,Common-sense rules for prescribing do not apply only to the elderly but are especially important in this vulnerable group.,"Common-sense rules for prescribing do not apply only to the elderly, but are especially important in this vulnerable group.
",common sense rules for prescribing do not apply only to the elderly but are especially important in this vulnerable group,common sense rules for prescribing do not apply only to the elderly but are especially important in this vulnerable group
yoruba,general,"leadership to establish and continuously improve business operations, organization culture and employee experience.
","Tedorship to establish and continuously improve business operations, organization culture and employee experience.
",leadership to establish and continuously improve business operations organization culture and employee experience,tedorship to establish and continuously improve business operations organization culture and employee experience
yoruba,general,"The two directors will join OGUKs leadership team under the continued direction of chief executive Deirdre Michie.
","The two directors will join Ojii Yukes airship team under the continued direction of Shunfazoketive Deedremichi.
",the 2 directors will join oguks leadership team under the continued direction of chief executive deirdre michie,the 2 directors will join ojii yukes airship team under the continued direction of shunfazoketive deedremichi
yoruba,clinical,Adhere to 2 gm sodium dietFluid Restriction: 1500ccMedication changes: 1.,Adhered to 2g sodium diet fluid restriction 1500cc medication changes 1.,adhere to 2 gm sodium dietfluid restriction 1500 ccmedication changes one,adhered to 2 g sodium diet fluid restriction 1500 cc medication changes one
yoruba,general,"Because the hymen is stretchy, inserting an object as small as a tampon will not cause any tears. And since, during menstruation, the blood lubricates the vagina, inserting a tampon should not be uncomfortable, if done correctly.
","Because of the high men stretchy, inciting an object as small as a tampon will not cause any tears. And since, during menstruation, the blood rubric cases the vagina, inciting a tampon should not be uncomfortably, if done correctly.
",because the hymen is stretchy inserting an object as small as a tampon will not cause any tears and since during menstruation the blood lubricates the vagina inserting a tampon should not be uncomfortable if done correctly,because of the high men stretchy inciting an object as small as a tampon will not cause any tears and since during menstruation the blood rubric cases the vagina inciting a tampon should not be uncomfortably if done correctly
yoruba,general,"Different studies found different rates, between 85-95.","Different stores have found different rates, between 85-95.",different studies found different rates between 85 95,different stores have found different rates between 85 95
yoruba,clinical,"Oral lesions, which rarely appear without the rash mainly affect the tonsils, lateral borders of the tongue and lips.","Oral lesions, which rarely appear without the rash mainly affects the tongue cells, lateral borders of the tongue and lips.",oral lesions which rarely appear without the rash mainly affect the tonsils lateral borders of the tongue and lips,oral lesions which rarely appear without the rash mainly affects the tongue cells lateral borders of the tongue and lips
yoruba,general,"During her speech, she downplayed the concerns over a possible second wave of COVID-19 and vowed that Rakhine as well as all other parts of the country would be protected through public cooperation.
","During her speech, she downplayed the concerns over a possible second wave of COVID-19 and found that raking as well as all other parts of the country would be protected through public cooperation.
",during her speech she downplayed the concerns over a possible 2nd wave of covid 19 and vowed that rakhine as well as all other parts of the country would be protected through public cooperation,during her speech she downplayed the concerns over a possible 2nd wave of covid 19 and found that raking as well as all other parts of the country would be protected through public cooperation
yoruba,clinical,5.: Mom and dad visited.,5 Mom and Dad visited.,5 mom and dad visited,5 mom and dad visited
yoruba,general,"Itunuoluwa studied English literature at the Port Harcourt University and translation in Ogundipe University.
","Ituno Oluwa studied English literature at the Potakot university and translation in Ogundepe university.
",itunuoluwa studied english literature at the port harcourt university and translation in ogundipe university,ituno oluwa studied english literature at the potakot university and translation in ogundepe university
yoruba,clinical,"Unlike other receptor tyrosine kinases, HER 2 neu does not have a direct soluble ligand.","Unlike other receptor tyrosine kinases, human epidermal receptor growth factor 2 does not have a direct soluble ligand.",unlike other receptor tyrosine kinases her 2 neu does not have a direct soluble ligand,unlike other receptor tyrosine kinases human epidermal receptor growth factor 2 does not have a direct soluble ligand
yoruba,clinical,We will plan to discharge home tomorrow if feeds continue to be well-tolerated.,We will plan to discharge home tomorrow if feeds continue to be well tolerated.,we will plan to discharge home tomorrow if feeds continue to be well tolerated,we will plan to discharge home tomorrow if feeds continue to be well tolerated
yoruba,clinical,Other labs: Ca: 8.1 mg/dL Mg: 2.2 mg/dL PO4: 1.8 mg/dL Imaging: 22,Other labs Calcium 8.1 mg per day L Magnesium 2.2 mg per day L Phosphate 1.8 mg per day L Imaging 22,other labs ca 8 one mg dl mg 2.2 mg dl po 4 one.8 mg dl imaging 22,other labs calcium 8 one mg per day l magnesium 2.2 mg per day l phosphate one.8 mg per day l imaging 22
yoruba,general,"Industry officials close to the development said the Finance ministry was not making enough efforts to prepare the memo for the proposed loan agreement with the donor banks for FEC for ratification.
","Industry officials close to the development said the Finance Ministry was not making enough efforts to prepare the memo for the proposed loan agreement with the donor banks for FEC for ratification.
",industry officials close to the development said the finance ministry was not making enough efforts to prepare the memo for the proposed loan agreement with the donor banks for fec for ratification,industry officials close to the development said the finance ministry was not making enough efforts to prepare the memo for the proposed loan agreement with the donor banks for fec for ratification
yoruba,clinical,No spells today on Caffeine Diuril.,No spells today on caffeine diarrhea.,no spells today on caffeine diuril,no spells today on caffeine diarrhea
yoruba,clinical,I will fax these to N.Medicine.,I will fax this to Nmeds.,i will fax these to n medicine,i will fax this to nmeds
yoruba,clinical,Unconjugated indirect hyperbilirubinaemia.,Unconjugated indirect hyperbiliurubinemia.,unconjugated indirect hyperbilirubinaemia,unconjugated indirect hyperbiliurubinemia
yoruba,general,"She finished the look with bedazzled pink eye makeup and nude lips.
","She finished the look with bedazzled pink eye makeup and nude lips.
",she finished the look with bedazzled pink eye makeup and nude lips,she finished the look with bedazzled pink eye makeup and nude lips
yoruba,general,"You were admitted to Hospital Nkechinyereonye in Kano city on Saturday 28 July, 1979 with episodes of somnolence.
","You were admitted to Hospital Ikechinyerre Onye in Cano city on Saturday 28 July 1979 with episodes of somnolence.
",you were admitted to hospital nkechinyereonye in kano city on saturday 28 july 1979 with episodes of somnolence,you were admitted to hospital ikechinyerre onye in cano city on saturday 28 july 1979 with episodes of somnolence
yoruba,clinical,Responsive to exam tone WNL for gestational age.,Responsive to exam tone within normal limit for gestational age.,responsive to exam tone wnl for gestational age,responsive to exam tone within normal limit for gestational age
yoruba,general,"I dont think they were trained for that, either, the union leader said.
","I dont think they were trained for that, either, the union leader said.
",i dont think they were trained for that either the union leader said,i dont think they were trained for that either the union leader said
yoruba,general,"Insolo Imbor is a 52 yo male admitted yesterday to Mutomo TSICU after falling down the stairs in the setting of alcohol intoxication.
","Hinsolohinbo is a 52-year-old male admitted yesterday to Mutomor TSICU after falling down the stairs in the setting of alcohol intoxication.
",insolo imbor is a 52 yo male admitted yesterday to mutomo tsicu after falling down the stairs in the setting of alcohol intoxication,hinsolohinbo is a 52 year old male admitted yesterday to mutomor tsicu after falling down the stairs in the setting of alcohol intoxication
yoruba,general,"As the storm continued to get worse, the Matthews Police Department sent out notices for the community to avoid certain roads with downed power lines, traffic light outages and flooding.
","As the storm continued to get worse, the Mattis Police Department sent out notices for the community to avoid certain roads with downed power lines, traffic light outages and flooding.
",as the storm continued to get worse the matthews police department sent out notices for the community to avoid certain roads with downed power lines traffic light outages and flooding,as the storm continued to get worse the mattis police department sent out notices for the community to avoid certain roads with downed power lines traffic light outages and flooding
yoruba,general,"A very common disease was discovered in Touba by Onofuabi and Wolahmo scientists at Johannesburg university from 1998 to 2006.
","A very common disease was discovered in Toba by Onofuya P and Ulahmu scientists at Juhasembung university from 1998 to 2006.
",a very common disease was discovered in touba by onofuabi and wolahmo scientists at johannesburg university from 1998 to 2006,a very common disease was discovered in toba by onofuya p and ulahmu scientists at juhasembung university from 1998 to 2006
yoruba,general,"Its stereotypical for young kids to generally think adults dont understand them.
",It is stereotypical for young kids to generally think others dont understand them.,its stereotypical for young kids to generally think adults dont understand them,it is stereotypical for young kids to generally think others dont understand them
yoruba,general,"Taxis and rental cars can transport travelers to and from the airport.
","Taxes and rental cars can transport travelers to and from the airport.
",taxis and rental cars can transport travelers to and from the airport,taxes and rental cars can transport travelers to and from the airport
yoruba,clinical,The patient underwent choledochojejunostomy in 11-04-2020 to bypass his biliary obstruction.,The patient underwent trolleh dojo-jojo and ostomy in 11-4-2020 to bypass his bilatory obstruction.,the patient underwent choledochojejunostomy in 11 4 2020 to bypass his biliary obstruction,the patient underwent trolleh dojo jojo and ostomy in 11 4 2020 to bypass his bilatory obstruction
yoruba,general,"They are in the organisation for the long haul, not just for what they can get.
","They are in the organization for the long haul, not just for what they can get.
",they are in the organization for the long haul not just for what they can get,they are in the organization for the long haul not just for what they can get
yoruba,general,"Even now as the government start to ease lockdown the Chief Medical Advisor Chris shitty is already talking about plans for a second lockdown in winter and that we will be living with this virus for a long time to come.
","Even now as the governments start to ease the lockdown the Chief Medical Advisor Chris Chiti is already talking about plans for a second lockdown in winter and that will be leaving with the virus for a long time to come.
",even now as the government start to ease lockdown the chief medical advisor chris shitty is already talking about plans for a 2nd lockdown in winter and that we will be living with this virus for a long time to come,even now as the governments start to ease the lockdown the chief medical advisor chris chiti is already talking about plans for a 2nd lockdown in winter and that will be leaving with the virus for a long time to come
yoruba,general,"The Israelis had been trying for hours to speak to Palestinian commanders , according to Israel s Cabinet Secretary , Isaac Herzog  he added that Palestinian security forces could have intervened to stop the fire .
","The Israelis had been trying for hours to speak to Palestinian commanders, according to Israel's Cabinet Secretary, Isaac Herzog. He added that Palestinian security forces could have intervened to stop the fire.
",the israelis had been trying for hours to speak to palestinian commanders according to israel s cabinet secretary isaac herzog he added that palestinian security forces could have intervened to stop the fire,the israelis had been trying for hours to speak to palestinian commanders according to israel is cabinet secretary isaac herzog he added that palestinian security forces could have intervened to stop the fire
yoruba,general,"She has been in both soap operas and movies.
",She has been in both soap operas and movies.,she has been in both soap operas and movies,she has been in both soap operas and movies
yoruba,general,"However, nobody climbs the ladder of success with his hands in his pockets. You can never accomplish a vision you cannot commit to. Vision without action is daydreaming while action or activity without a vision is a nightmare
","However, nobody climbs the ladder of success with his hands in his pockets. You can never accomplish a vision you cannot commit to. Vision without action is daydreaming while action or activity without a vision is a nightmare.
",however nobody climbs the ladder of success with his hands in his pockets you can never accomplish a vision you cannot commit to vision without action is daydreaming while action or activity without a vision is a nightmare,however nobody climbs the ladder of success with his hands in his pockets you can never accomplish a vision you cannot commit to vision without action is daydreaming while action or activity without a vision is a nightmare
yoruba,general,"Children Chisimdiri Ibinye and Maifari were found last night wandering the streets unattended after their mother and father, went missing while returning from work at Abakaliki
","Children chasing Dori Binyen and Maipari were found last night wandering the streets unattended after their mother and father, went missing while returning from work at Abakaliki
",children chisimdiri ibinye and maifari were found last night wandering the streets unattended after their mother and father went missing while returning from work at abakaliki,children chasing dori binyen and maipari were found last night wandering the streets unattended after their mother and father went missing while returning from work at abakaliki
yoruba,clinical,Pt also up in chair and standing several times today.,Pt also up in chair and standing several times today.,pt also up in chair and standing several times today,pt also up in chair and standing several times today
yoruba,clinical,"Progesterone therapy, in the form of injectable depomedroxyprogesterone acetate DMPA or implants, suppresses gonadotropin release and, in turn, ovarian steroidogenesis. It also directly affects the uterine endometrium and endometrialimplants.","Progesterone therapy, in the form of injectable depomedroxyprogesterone acetate dNPA or implants, suppresses gonadotropin release and, in turn, ovarian stereogenesis. It also directly affects the uterine endometrium and endometrial implants.",progesterone therapy in the form of injectable depomedroxyprogesterone acetate dmpa or implants suppresses gonadotropin release and in turn ovarian steroidogenesis it also directly affects the uterine endometrium and endometrialimplants,progesterone therapy in the form of injectable depomedroxyprogesterone acetate dnpa or implants suppresses gonadotropin release and in turn ovarian stereogenesis it also directly affects the uterine endometrium and endometrial implants
yoruba,clinical,Elevated CK: trop <0.01 and CK 187.,Elevated CK TROP LESTONY 001 and CK 187.,elevated ck trop 0.01 and ck 187,elevated ck trop lestony one and ck 187
yoruba,clinical,gi: tube feeds at goal and abd soft with positive bowel sounds.,GI- Tube feeds at goal and abdomen soft with positive bowel sounds.,gi tube feeds at goal and abd soft with positive bowel sounds,gi tube feeds at goal and abdomen soft with positive bowel sounds
yoruba,general,"The most stunning and stunning and sensual and beautiful, a third social media user wrote.
","They were standing and standing as sensual and beautiful, at third social media user route.
",the most stunning and stunning and sensual and beautiful a 3rd social media user wrote,they were standing and standing as sensual and beautiful at 3rd social media user route
yoruba,general,"It received wide criticism.
","It received wide criticism.
",it received wide criticism,it received wide criticism
yoruba,clinical,Arthroscopic treatment of cam-type femoroacetabular impingement: preliminary report at 2 years minimum follow-up.,"Atroscopic treatment of camp-type femoral acetabular impingement, preliminary report at 2 years minimum follow up.",arthroscopic treatment of cam type femoroacetabular impingement preliminary report at 2 years minimum follow up,atroscopic treatment of camp type femoral acetabular impingement preliminary report at 2 years minimum follow up
yoruba,general,"According to The Hollywood Reporter, filmmaker Alexander Aja, best known for Crawl and Piranha 3D, will direct the movie based on Christie LeBlancs original script which was on The Black List.
","According to The Hollywood Reporter, filmmaker Alexander Alja, based in Nkwkwo and Purinhaf 3D, would direct a movie based on Quistilla Blanche original script which is on the blacklist.
",according to the hollywood reporter filmmaker alexander aja best known for crawl and piranha 3 d will direct the movie based on christie leblancs original script which was on the black list,according to the hollywood reporter filmmaker alexander alja based in nkwkwo and purinhaf 3 d would direct a movie based on quistilla blanche original script which is on the blacklist
yoruba,general,Stone didnt make Richard Nixon a villain nor a hero.,"Stone didn't make Richard Neeson a villain nor a hero.
",stone didnt make richard nixon a villain nor a hero,stone did not make richard neeson a villain nor a hero
yoruba,general,"Start nominating
",Start nominating.,start nominating,start nominating
yoruba,clinical,P: Extubate when fully awake.,P colon extubate went fully awake.,p extubate when fully awake,p colon extubate went fully awake
yoruba,clinical,The jugular vein and omohyoid muscle are exposed while the ansa-hypoglossus and nerve branches to the anterior belly of theomohyoid muscle are identified.,The jugular vein and omohide muscle are exposed to the anterior muscles or nerve branches to the anterior belly of the omohide muscle are identified.,the jugular vein and omohyoid muscle are exposed while the ansa hypoglossus and nerve branches to the anterior belly of theomohyoid muscle are identified,the jugular vein and omohide muscle are exposed to the anterior muscles or nerve branches to the anterior belly of the omohide muscle are identified
yoruba,general,"No craft, no crew can travel safely with such vast contradictions.
","No craft, no crew can travel safely with such vast contradictions.",no craft no crew can travel safely with such vast contradictions,no craft no crew can travel safely with such vast contradictions
yoruba,clinical,Other maternal factors that affect fetal growth and body composition include demographic factors and medical conditions.,Other maternal factors that affect fetal growth and body composition include demographic factors and medical conditions.,other maternal factors that affect fetal growth and body composition include demographic factors and medical conditions,other maternal factors that affect fetal growth and body composition include demographic factors and medical conditions
yoruba,general,"These private schools go from pre-schools to universities.
","These private schools go from pre-schools to universities.
",these private schools go from pre schools to universities,these private schools go from pre schools to universities
yoruba,general,"In general, frozen food will keep for three months in a standard home freezer.
","In general, frozen food will keep for three months in a standard home freezer.
",in general frozen food will keep for 3 months in a standard home freezer,in general frozen food will keep for 3 months in a standard home freezer
yoruba,general,"After a period of time, Little Albert would cry when he saw a white rat or anything small and white, even his stuffed animal.","After a period of time, Little Albert would cry when he saw a white rat or anything small and white, even a stuffed animal.
",after a period of time little albert would cry when he saw a white rat or anything small and white even his stuffed animal,after a period of time little albert would cry when he saw a white rat or anything small and white even a stuffed animal
yoruba,general,"Judicial enquiries have commenced, and we will work as reports get back to us.","Judicial enquiries as commenced, and we will work as reports get back to house.
",judicial enquiries have commenced and we will work as reports get back to us,judicial enquiries as commenced and we will work as reports get back to house
yoruba,general,"Most advanced countries have gone down this route.
","Most advanced countries have contained this route.
",most advanced countries have gone down this route,most advanced countries have contained this route
yoruba,general,"These actions ensure the survival of the young and vulnerable members of her family, again helping ensure her genetic material is passed down through the generations indirectly.
","These actions ensure the survival of the young and vulnerable members of our family, again helping ensure our genetic material is passed down through generations indirectly.
",these actions ensure the survival of the young and vulnerable members of her family again helping ensure her genetic material is passed down through the generations indirectly,these actions ensure the survival of the young and vulnerable members of our family again helping ensure our genetic material is passed down through generations indirectly
yoruba,general,"The Empire Sundown Lagos is proudly sponsored by Hennessy.
","The Empire Sundown Lagos is proudly sponsored by NSC.
",the empire sundown lagos is proudly sponsored by hennessy,the empire sundown lagos is proudly sponsored by nsc
yoruba,clinical,"Reproduced with permission from Mercer DW, Liu TH, Castaneda A: Anatomy and physiology of the stomach, in Zuidema GD, Yeo CJ eds:  Shackelfords Surgery of the Alimentary Tract, 5th ed.",Reproduced with permission from Mr. D.W. Leuth Kasteneira A. Anatomyophysiology of the stone mark in Zwedema DG Leuph Cj  End                                                                                                                                                                                      ,reproduced with permission from mercer dw liu th castaneda a anatomy and physiology of the stomach in zuidema gd yeo cj eds shackelfords surgery of the alimentary tract 5th ed,reproduced with permission from mister d w leuth kasteneira a anatomyophysiology of the stone mark in zwedema dg leuph cj end
yoruba,general,"Since the vehicle had a raised body, we could safely yet comfortably view the animals and take pictures while at it.
","Since the vehicle had a wrist-body, we could safely yet comfortably view the animals and take pictures while at it.
",since the vehicle had a raised body we could safely yet comfortably view the animals and take pictures while at it,since the vehicle had a wrist body we could safely yet comfortably view the animals and take pictures while at it
yoruba,general,"Coins are generally used for lower valued monetary units, and banknotes for higher values.
","Coins are generally used for lower valued monetary units, and banknotes for higher values.
",coins are generally used for lower valued monetary units and banknotes for higher values,coins are generally used for lower valued monetary units and banknotes for higher values
yoruba,clinical,"These patients are identified by bedside ultrasound, and the morbidity of a laparotomy is avoided.",These proteins are adelified by best ultrasound and the mobility of the laparotomy is avoided.,these patients are identified by bedside ultrasound and the morbidity of a laparotomy is avoided,these proteins are adelified by best ultrasound and the mobility of the laparotomy is avoided
yoruba,clinical,Carotid Bruit none  Right:  Left:,"How people know on the right left?
",carotid bruit none right left,how people know on the right left
yoruba,general,The Newport Road CFD was formed in 2003 and authorized up to 24 million of bonded indebtedness.,"The Newport Road CFD was formed in 2003 and authorized up to 24 million of bonded indebtedness.
",the newport road cfd was formed in 2003 and authorized up to 24000000 of bonded indebtedness,the newport road cfd was formed in 2003 and authorized up to 24000000 of bonded indebtedness
yoruba,general,"One of nine children, she was the first daughter of the family but her mother eventually returned to France to live.
","One of nine children, she was the first daughter of the family but her mother eventually returned to France to live.
",one of 9 children she was the 1st daughter of the family but her mother eventually returned to france to live,one of 9 children she was the 1st daughter of the family but her mother eventually returned to france to live
yoruba,clinical,cvicu provider is Akaderi Admitting Diagnosis: CHEST PAIN; ANGINALEFT HEART CATHETERIZATION,"XVICU provider is Akaderi Admitting Diagnosis. CHEST PAIN, ANGENA LEFT HEART CATHOLIZATION",cvicu provider is akaderi admitting diagnosis chest pain anginaleft heart catheterization,xvicu provider is akaderi admitting diagnosis chest pain angena left heart catholization
yoruba,clinical,MACROLIDE ANTIBIOTICS Structure: The macrolide antibiotics are those that consist of a large lactone ring to which sugars are attached.,Macrolite antibiotics Structure The macrolite antibiotics are those that consist of a large lactoing to which sugars are attached.,macrolide antibiotics structure the macrolide antibiotics are those that consist of a large lactone ring to which sugars are attached,macrolite antibiotics structure the macrolite antibiotics are those that consist of a large lactoing to which sugars are attached
yoruba,general,"It will involve disappointment, failures and frustration, but if you invest your time and effort upfront, it can be the most fruitful and worthwhile investment of your time, as it continues to pay you long after the work has been completed.
","It will involve disappointment, failures and frustration, but if you invest your time and effort up front, it can be the most fruitful and worthwhile investment of your time, as it continues to pay you long after the work has been completed.
",it will involve disappointment failures and frustration but if you invest your time and effort upfront it can be the most fruitful and worthwhile investment of your time as it continues to pay you long after the work has been completed,it will involve disappointment failures and frustration but if you invest your time and effort up front it can be the most fruitful and worthwhile investment of your time as it continues to pay you long after the work has been completed
yoruba,general,"12-01-2002 Mr. Offiong Kuforiji recently treated at Hospital Makurdi for spontaneous hemoperitoneum resulting in surgery for splenic lac and spenectomy.
",12 Jan 2002 Mr. Ofion Kuforiji recently treated at Hospital Makodi for spontaneous hemoperitoneum resulting in surgery for splenic lac and spenectomy.,12 one 2002 mister offiong kuforiji recently treated at hospital makurdi for spontaneous hemoperitoneum resulting in surgery for splenic lac and spenectomy,12 jan 2002 mister ofion kuforiji recently treated at hospital makodi for spontaneous hemoperitoneum resulting in surgery for splenic lac and spenectomy
yoruba,general,"What is the implication of long abstinence from sx?Nollywood actress and show host, Nancy Isime, has said that the trauma she had as a child made her grow up to become a people pleaser.
","What is the implication of lung abstinence from sex? Noliwood actress and show host, Nancy Isime, has said that the trauma she had as a child made her grow up to become a people pleaser.
",what is the implication of long abstinence from sx nollywood actress and show host nancy isime has said that the trauma she had as a child made her grow up to become a people pleaser,what is the implication of lung abstinence from sex noliwood actress and show host nancy isime has said that the trauma she had as a child made her grow up to become a people pleaser
yoruba,clinical,GU: FOLEY-BSD WITH Radiology URINE SEDIMENT PRESENT.,Genito-urinary Foley bedside drainage with radiology urine sediments presents,gu foley bsd with radiology urine sediment present,genito urinary foley bedside drainage with radiology urine sediments presents
yoruba,clinical,Patient did not respond to commands cues or questions.,Patient did not respond to command skills or questions.,patient did not respond to commands cues or questions,patient did not respond to command skills or questions
yoruba,general,Economists and public health experts arent on different sides here.,"Ecnomists and public health experts aren't on different sides say.
",economists and public health experts arent on different sides here,ecnomists and public health experts are not on different sides say
yoruba,general,Cities are at ground zero of the COVID-19 pandemic with 90 per cent of cases reported globally.,Cities are at gram 0 of the COVID-19 pandemic with 90% of cases reported globally.,cities are at ground 0 of the covid 19 pandemic with 90% of cases reported globally,cities are at gram 0 of the covid 19 pandemic with 90% of cases reported globally
yoruba,clinical,"Conservatively speaking, until further long-term data become available, if the patient is a suitable surgical risk, elective open conversion should be considered.","Conservatively speaking, until further long term data become available, if the patient is a suitable surgical risk, elective open conversion should be considered.",conservatively speaking until further long term data become available if the patient is a suitable surgical risk elective open conversion should be considered,conservatively speaking until further long term data become available if the patient is a suitable surgical risk elective open conversion should be considered
yoruba,general,"Both were directed to pay their childrens school fees.
","Both were directed to play in the trillions cofaces.
",both were directed to pay their childrens school fees,both were directed to play in the 1000000000000s cofaces
yoruba,general,"TikTok is a constant presence in high schools.
",Tic-Toc is a constant presence in high schools.,tiktok is a constant presence in high schools,tic toc is a constant presence in high schools
yoruba,general,"The group includes Serbian Americans living in the United States for one or many generations, people who are citizens of both Serbia and the United States, or any other people who say that they are both Serbian and American.
","The group includes Sabian American living in the United States for one or many generations, people who are citizens of both Sabian and the United States, or any other people who say that they have both Sabian and America.
",the group includes serbian americans living in the united states for one or many generations people who are citizens of both serbia and the united states or any other people who say that they are both serbian and american,the group includes sabian american living in the united states for one or many generations people who are citizens of both sabian and the united states or any other people who say that they have both sabian and america
yoruba,general,"Her game was actually getting to me I liked her. I didnt want to own up to it in the show. Unfortunately we werent just compatible  Sammie on his relationship with Angel in the houseBBNaijaReunion BBNaija BBNaijaShineYaEye
","Her game was actually getting to me and liked her. I didnt want to own up to it in the show. Unfortunately we werent just compatible. Sami and his relationship with Tenje in the house Big Brother Naja reunion Big Brother Naja Big Brother NajaShine Your Eye
",her game was actually getting to me i liked her i didnt want to own up to it in the show unfortunately we werent just compatible sammie on his relationship with angel in the housebbnaijareunion bbnaija bbnaijashineyaeye,her game was actually getting to me and liked her i didnt want to own up to it in the show unfortunately we werent just compatible sami and his relationship with tenje in the house big brother naja reunion big brother naja big brother najashine your eye
yoruba,general,"The envoy said the second meeting on the oil and gas development cooperation between Manila and Beijing will resume early this year.
","The envoy said the second meeting on the order and gas development cooperation between Manila and Beijing will be soon elidec.
",the envoy said the 2nd meeting on the oil and gas development cooperation between manila and beijing will resume early this year,the envoy said the 2nd meeting on the order and gas development cooperation between manila and beijing will be soon elidec
yoruba,general,"A BNCH shall not: carry out investing or lending activities receive, disburse, or engage in any transaction involving foreign currency sub-contract another entity to carry out its operations any other activities that may be prohibited by the CBN.
","A BMCH shall note, Carries out investing on lending activities, receive, dispose, or engage in any transaction involving foreign currencies sub-contracts and other entities to carry out its operations any other activities that may be prohibited by the CBN.
",a bnch shall not carry out investing or lending activities receive disburse or engage in any transaction involving foreign currency sub contract another entity to carry out its operations any other activities that may be prohibited by the cbn,a bmch shall note carries out investing on lending activities receive dispose or engage in any transaction involving foreign currencies sub contracts and other entities to carry out its operations any other activities that may be prohibited by the cbn
yoruba,general,"This report is the first description of the production of potassium permanganate.
",This report is the first description of the production of potassium permanganate.,this report is the 1st description of the production of potassium permanganate,this report is the 1st description of the production of potassium permanganate
yoruba,general,"However, the state has not yet defined the parameters of a mail-order testing program.
","However, the state has not yet defined the perimeter of a male-order texting program.
",however the state has not yet defined the parameters of a mail order testing program,however the state has not yet defined the perimeter of a male order texting program
yoruba,clinical,"CARDIAC: colour pinks pale well, perfused no audible murmur on exam pulses palpable x4 cap refill 3secs mucous membranes pink and moist.",Cardiac colon color pinks pale well perfused no audible murmur on exam pulses palpable 4 times capillary refill 3 seconds mucous membranes pink and moist.,cardiac color pinks pale well perfused no audible murmur on exam pulses palpable x 4 cap refill 3 secs mucous membranes pink and moist,cardiac colon color pinks pale well perfused no audible murmur on exam pulses palpable 4 times capillary refill 3 seconds mucous membranes pink and moist
yoruba,clinical,The morning of admission the mother developed vaginal bleeding and fetal bradycardia was noted .,The morning of admission the mother developed vaginal bleeding and fetal bradycardia was noted.,the morning of admission the mother developed vaginal bleeding and fetal bradycardia was noted,the morning of admission the mother developed vaginal bleeding and fetal bradycardia was noted
yoruba,general,"The women used men as runners to send word of their decisions, or a woman could appear at the mens council to speak, presenting the view of the women.
","The women used men as runners to send word of their decisions, or a woman could appear at a men's canst to speak, presenting the view of the women.
",the women used men as runners to send word of their decisions or a woman could appear at the mens council to speak presenting the view of the women,the women used men as runners to send word of their decisions or a woman could appear at a men is canst to speak presenting the view of the women
yoruba,general,"He has taken on an array of sponsorships outside of football, some of which have been controversial.
","He has taken on an array of sponsorships outside of football, some of which have been controversial.
",he has taken on an array of sponsorships outside of football some of which have been controversial,he has taken on an array of sponsorships outside of football some of which have been controversial
yoruba,clinical,Patients who do not experience emesis within 4 hours of exposure are unlikely to have severe clinical effects.,Patient who do not experience ms's within 4 hours of exposure are unlikely to have severe clinical effect.,patients who do not experience emesis within 4 hours of exposure are unlikely to have severe clinical effects,patient who do not experience ms is within 4 hours of exposure are unlikely to have severe clinical effect
yoruba,general,"The area of Lebanon is 10,452 square kilometres.",The area of Lebanon is 10452 square kilometres.,the area of lebanon is 10452 square kilometers,the area of lebanon is 10452 square kilometers
yoruba,general,"There is no gainsaying that the Nigerian Law School is the only institution responsible for vocational training of lawyers in Nigeria.
","There is no gain saying that the Nigerian Law School is the only institution responsible for vocational training of lawyers in Nigeria.
",there is no gainsaying that the nigerian law school is the only institution responsible for vocational training of lawyers in nigeria,there is no gain saying that the nigerian law school is the only institution responsible for vocational training of lawyers in nigeria
yoruba,clinical,Children born to obese mothers are three to five  times more likely to be obese in childhood.,Children born to obese mothers are 3 to 5 times more likely to be obese in childhood.,children born to obese mothers are 3 to 5 times more likely to be obese in childhood,children born to obese mothers are 3 to 5 times more likely to be obese in childhood
yoruba,clinical,"Burn of first degree of upper back, sequela. CAPSULE, ORAL NEMBUTAL SODIUM, PENTOBARBITAL SODIUM, 100MG. Displaced oblique fracture of shaft of unspecified tibia, subsequent e","Burn of first degree of upper back, sequela. CAPSULE, ORAL NIMBOTA OXODIUM, PENTOPAPETA OXODIUM, 100MG. Displaced oblique fracture of shaft of unspecified tibia, subsequent",burn of 1st degree of upper back sequela capsule oral nembutal sodium pentobarbital sodium 100 mg displaced oblique fracture of shaft of unspecified tibia subsequent e,burn of 1st degree of upper back sequela capsule oral nimbota oxodium pentopapeta oxodium 100 mg displaced oblique fracture of shaft of unspecified tibia subsequent
yoruba,clinical,Hg: 158/84Status: InpatientDate/Time: 16 May 1982 at 15: 40Test: Portable TTE CompleteDoppler: Complete pulse and color flowContrast: NoneTechnical Quality: Adequate,"Hg 158 over 84 status inpatient date and time 16 May 1982 at 1540 test portable TTE. Complete doppler, complete pulse and color flow contrast nontechnical quality adequate.",hg 158 84 status inpatientdate time 16 may 1982 at 15 40 test portable tte completedoppler complete pulse and color flowcontrast nonetechnical quality adequate,hg 158 over 84 status inpatient date and time 16 may 1982 at 1540 test portable tte complete doppler complete pulse and color flow contrast nontechnical quality adequate
yoruba,general,"She confirmed that he has been in a better place over the past year, and she could see him wanting to be back on the small screen in the near future.","She confirmed that he has been in a better place over the past year, and she could see him wanting to be back on the small screen in the near future.
",she confirmed that he has been in a better place over the past year and she could see him wanting to be back on the small screen in the near future,she confirmed that he has been in a better place over the past year and she could see him wanting to be back on the small screen in the near future
yoruba,general,"Nnanna was watching TV as they normally do in the evening when his brother Chimaihe went to prepare dinner.
","Nanna was watching TV as they normally do in the evening when his brother Chimaihe went to prepare dinner.
",nnanna was watching tv as they normally do in the evening when his brother chimaihe went to prepare dinner,nanna was watching tv as they normally do in the evening when his brother chimaihe went to prepare dinner
yoruba,clinical,"If the diagnosis is uncertain, percutaneous cholecystostomy is both diagnostic and therapeutic.","If the diagnosis is uncertain, meccotinous cholecystitis so stomy is both diagnostic and therapeutic.",if the diagnosis is uncertain percutaneous cholecystostomy is both diagnostic and therapeutic,if the diagnosis is uncertain meccotinous cholecystitis so stomy is both diagnostic and therapeutic
yoruba,clinical,126 Recombinant molecular biologic means permit the purification of high concentrations of individual growth factors.,126 Recombinant molecular biologic means permits the purification of high concentrations of individual growth factors.,126 recombinant molecular biologic means permit the purification of high concentrations of individual growth factors,126 recombinant molecular biologic means permits the purification of high concentrations of individual growth factors
yoruba,clinical,2+reflexes patellar and bilateral biceps.,2 plus reflexes patella and bilateral bicep.,2 reflexes patellar and bilateral biceps,2 plus reflexes patella and bilateral bicep
yoruba,general,Nwanyanwu said it is high time Nigerians stop to pay lip service to democracy and efforts to change bad leaders and governments that have impoverished the people in the country.,"Nwayau said it is high time Nigerians stop to pay live service to democracy and efforts to change bad leaders and governments that have impoverished the people in the country
",nwanyanwu said it is high time nigerians stop to pay lip service to democracy and efforts to change bad leaders and governments that have impoverished the people in the country,nwayau said it is high time nigerians stop to pay live service to democracy and efforts to change bad leaders and governments that have impoverished the people in the country
yoruba,clinical,"VS do not change with pain or after receiving pain medications.
",VS do not change with pain or after resident medications.,vs do not change with pain or after receiving pain medications,vs do not change with pain or after resident medications
yoruba,general,"It admonished world leaders to be proactive, as conflict and economic crises could escalate the situation.
","It admonished world leaders to be proactive as conflicts and economic crises could escalate this situation.
",it admonished world leaders to be proactive as conflict and economic crises could escalate the situation,it admonished world leaders to be proactive as conflicts and economic crises could escalate this situation
yoruba,general,"But the industry opposes mandatory online pricing and said the decisions should be left to individual businesses.
","But the industry opposes mandatory online pricing and said the decisions should be left to individual businesses.
",but the industry opposes mandatory online pricing and said the decisions should be left to individual businesses,but the industry opposes mandatory online pricing and said the decisions should be left to individual businesses
yoruba,general,"Single - season record : 3 200 - yard games
",Single-season record colon 3200-yard games.,single season record 3 200 yard games,single season record colon 3200 yard games
yoruba,general,She was informed the stricken man lived in a housing unit under her supervision.,She was informed the streaking man bleed in the housing unit under her supervision.,she was informed the stricken man lived in a housing unit under her supervision,she was informed the streaking man bleed in the housing unit under her supervision
yoruba,general,"The goal is a satisfying life.
","The goal is a satisfying life.
",the goal is a satisfying life,the goal is a satisfying life
yoruba,clinical,Tumours of surface epithelium common epithelialtumoursII.,"Tumors of surface epithelium, epithelial tumors LL.",tumors of surface epithelium common epithelialtumoursii,tumors of surface epithelium epithelial tumors ll
yoruba,clinical,Aline dampened multiple attempts at new one.,"Alien dampened multiple attempts as new one.
",aline dampened multiple attempts at new one,alien dampened multiple attempts as new one
yoruba,general,"The Estadio Cuscatln also features the following specifications :
","The Estahdoi coast sitting also features the following specifications,
",the estadio cuscatln also features the following specifications,the estahdoi coast sitting also features the following specifications
yoruba,general,"For example, minor league teams earn practically all of their revenue from tickets, hot dogs and jerseys.
","For example, minor league teams earn practically all their revenue from tickets, hot dogs and jerseys.
",for example minor league teams earn practically all of their revenue from tickets hot dogs and jerseys,for example minor league teams earn practically all their revenue from tickets hot dogs and jerseys
yoruba,general,"Its my belief, he says, that all groups will experience a dramatic decrease in the number of coronavirus cases compared to the public at large.
","It might believe, he says, that all groups will experience a dramatic decrease in the number of coronavirus cases compared to the public at large.
",its my belief he says that all groups will experience a dramatic decrease in the number of coronavirus cases compared to the public at large,it might believe he says that all groups will experience a dramatic decrease in the number of coronavirus cases compared to the public at large
yoruba,clinical,18. Seven of 13 mutations were functionally characterized and found to be activating mutations.,18-7 of 13 mutations were functionally characterized and found to be activating mutations.,187 of 13 mutations were functionally characterized and found to be activating mutations,18 7 of 13 mutations were functionally characterized and found to be activating mutations
yoruba,general,Its really going crazy.,"Its really going crazy.
",its really going crazy,its really going crazy
yoruba,general,"As an adult, Simon has become a successful solicitor, taking class actions in relation to Catholic Church and institutional sexual abuse in Australia.
","As an adult, Simon has become a successful solicitor, taking class actions in relation to Catholic Church and institutional sexual abuse in Australia.
",as an adult simon has become a successful solicitor taking class actions in relation to catholic church and institutional sexual abuse in australia,as an adult simon has become a successful solicitor taking class actions in relation to catholic church and institutional sexual abuse in australia
yoruba,clinical,"There is active transport of amino acids, resulting inlevels that are higher in the fetus than in the mother.","There is active transport of amino acids, resulting in levels that are higher in the fetus than in the mother.",there is active transport of amino acids resulting inlevels that are higher in the fetus than in the mother,there is active transport of amino acids resulting in levels that are higher in the fetus than in the mother
yoruba,clinical,"Generally, in an immunocompetent host, the biologic course passes through following3 phases Table 4.","Generally, in an immunocompetent host, the biologic curse passes through following three phases Table 4.",generally in an immunocompetent host the biologic course passes through following 3 phases table 4,generally in an immunocompetent host the biologic curse passes through following 3 phases table 4
yoruba,general,Are you excited for Charlies new single?,"Are you excited for Tallys new single?
",are you excited for charlies new single,are you excited for tallys new single
yoruba,general,"Consider, for instance, Yorubaland where many of the wealthy families we knew in the 80s and 90s and which one still hears about in old Fuji music no longer exist.
","Consider, for instance, Yulbaland where many of the wealthy families we know in the 80s and 90s and which ones they years about in old Fuji music no longer exists.
",consider for instance yorubaland where many of the wealthy families we knew in the 80s and 90s and which one still hears about in old fuji music no longer exist,consider for instance yulbaland where many of the wealthy families we know in the 80s and 90s and which ones they years about in old fuji music no longer exists
yoruba,clinical,129 An IMH can be classified according to its location i.,129 and IMH can be classified according to its location i.,129 an imh can be classified according to its location i,129 and imh can be classified according to its location i
yoruba,clinical,"X-linked retinoschisis is characterized by microcystic-like changes of the macular region and schisis within the inner retinal layers, leading to visual deterioration in males",X-linked retinoscysis is characterized by mycosystic-like changes of the macular region and scases within the inner retinal layers leading to visual deterioration in meals.,x linked retinoschisis is characterized by microcystic like changes of the macular region and schisis within the inner retinal layers leading to visual deterioration in males,x linked retinoscysis is characterized by mycosystic like changes of the macular region and scases within the inner retinal layers leading to visual deterioration in meals
yoruba,clinical,"The major benefit for laparoscopic repairs compared to open repairs was a consistently lower risk of wound infections.
",The major benefit for laparoscopic repairs compared to open repairs was a consistently lower risk of wound infections.,the major benefit for laparoscopic repairs compared to open repairs was a consistently lower risk of wound infections,the major benefit for laparoscopic repairs compared to open repairs was a consistently lower risk of wound infections
yoruba,general,"Dr Bolajoko Kabiri speaking. Next line. Chief complaint: next line. Low back Pain started 22 weeks ago radiating to his left foot. Next line
","Dr Bolagio Cocabere speaking. Next line. Chief complaint. Next line. Low back pain started 22 weeks ago radiating to his left foot. Next line
",doctor bolajoko kabiri speaking next line chief complaint next line low back pain started 22 weeks ago radiating to his left foot next line,doctor bolagio cocabere speaking next line chief complaint next line low back pain started 22 weeks ago radiating to his left foot next line
yoruba,general,"The show retains its Swedish roots only subtly, with Ingmar Bergmans marqueed on the local theater, and a tempo more inclined to take things in half time.
","The show retains its Swedish route only subtly, with Ingmar Baggins mackwewed on the Loka Theater, and the temple more inclined to take things in half time.
",the show retains its swedish roots only subtly with ingmar bergmans marqueed on the local theater and a tempo more inclined to take things in half time,the show retains its swedish route only subtly with ingmar baggins mackwewed on the loka theater and the temple more inclined to take things in half time
yoruba,general,The show focused mostly on the criminal trial of the accused.,"The show focused mostly on the criminal trial lobby accused.
",the show focused mostly on the criminal trial of the accused,the show focused mostly on the criminal trial lobby accused
yoruba,clinical,"Displaced osteochondral fracture of left patella, subsequent encounter. FILM, EXTENDED RELEASE, TRANSDERMAL FENTANYL-12, FENTANYL, 12.5MCG/HR. Dissection of artery of upper extremity","Displaced osteocondrial fracture of left patella, subsequent encounter. FILM, EXTENDED RELEASE, TRANSDERMAL FENTANYL-12, FENTANYL-12.5MCG per HR, DICESSTION OF APRIL OF OPPOXFRIMATIS",displaced osteochondral fracture of left patella subsequent encounter film extended release transdermal fentanyl 12 fentanyl 12.5 mcg hr dissection of artery of upper extremity,displaced osteocondrial fracture of left patella subsequent encounter film extended release transdermal fentanyl 12 fentanyl 12.5 mcg per hr dicesstion of april of oppoxfrimatis
yoruba,general,A Covid-19 outbreak inside the White House brings into sharp relief the literal nightmare scenarios that constitutional and presidential scholars have warned about for decades.,A COVID-19 outbreak inside the White House brings into sharp relief the later nightmare scenarios that constitutional and presidential scholars have won about four decades.,a covid 19 outbreak inside the white house brings into sharp relief the literal nightmare scenarios that constitutional and presidential scholars have warned about for decades,a covid 19 outbreak inside the white house brings into sharp relief the later nightmare scenarios that constitutional and presidential scholars have won about 4 decades
yoruba,general,"It is widely believed that in order to understand the present, you need to examine the past - Obiamaka Onyegecha","It is widely believed that in order to understand the prices, you need to examine the past hyving Obi Amaka Oyengecha
",it is widely believed that in order to understand the present you need to examine the past obiamaka onyegecha,it is widely believed that in order to understand the prices you need to examine the past hyving obi amaka oyengecha
yoruba,general,"Submission of entries closes on the 30th of June, 2022. Voting for the various categories commences on September 23, and closes on October 23, 2022.
","Submission of entries closes on 30 June, 2022. Voting for the various categories commences on 23 September, and closes on 23 October, 2022.
",submission of entries closes on the 30th of june 2022 voting for the various categories commences on september 23 and closes on october 23 2022,submission of entries closes on 30 june 2022 voting for the various categories commences on 23 september and closes on 23 october 2022
yoruba,general,"8 Alone in darkness and in a house as big as this, I dont feel safe at all.
","Eat alone in darkness and in a house as big as this, I dont feel safe at all.
",8 alone in darkness and in a house as big as this i dont feel safe at all,eat alone in darkness and in a house as big as this i dont feel safe at all
yoruba,clinical,"Large doses of isoproterenol can produce such excessive cardiac stimulation, combined with a decrease in diastolic blood pressure, that coronary insufficiency may result.",Like doses of isoproteinol can produce such excessive cardiac stimulation combined with a decrease in the acetylgoprereal that coronary insufficiency may result.,large doses of isoproterenol can produce such excessive cardiac stimulation combined with a decrease in diastolic blood pressure that coronary insufficiency may result,like doses of isoproteinol can produce such excessive cardiac stimulation combined with a decrease in the acetylgoprereal that coronary insufficiency may result
yoruba,clinical,monitor neuro/psych status.,Monitor neuro sx status.,monitor neuro psych status,monitor neuro sx status
yoruba,general,"Janet Jackson - vocals , songwriter , producer , vocal and rhythm arrangement","Gene Jaxson-Vocals, Sunwriter, producer, vocal and rhythm arrangement
",janet jackson vocals songwriter producer vocal and rhythm arrangement,gene jaxson vocals sunwriter producer vocal and rhythm arrangement
yoruba,clinical,"Solitary simple bone cyst Solitary bone cysts are mostly seen in teenagers ,  and uncommon after the age of 25.","SOLITARY SEMPLE BONE SYSTS Solitary simple bone cysts are mostly seen in teenagers, and uncommon after the age of 25.",solitary simple bone cyst solitary bone cysts are mostly seen in teenagers and uncommon after the age of 25,solitary semple bone systs solitary simple bone cysts are mostly seen in teenagers and uncommon after the age of 25
yoruba,general,"Chidike studied English literature at the Ikot-Abasi University and translation in Zahrah University.
","Chidike studied English literature at the Ecoats-Abasi university and translation in Zara university.
",chidike studied english literature at the ikot abasi university and translation in zahrah university,chidike studied english literature at the ecoats abasi university and translation in zara university
yoruba,general,"In 2022, the use of artemisinin, dihydroartemisinin, artemether, artesunate Antimalarials were prohibited in Kintampo and Isiolo by Ochebalay Ahcookkey the current NAFDAC DG
","In 2022, the use of artemisinin, dihydroartemisinin, artemita, artesonate antimalera were prohibited in Kintampo and Isiola by Ochebele Achokri, the current NAVDAC DG
",in 2022 the use of artemisinin dihydroartemisinin artemether artesunate antimalarials were prohibited in kintampo and isiolo by ochebalay ahcookkey the current nafdac dg,in 2022 the use of artemisinin dihydroartemisinin artemita artesonate antimalera were prohibited in kintampo and isiola by ochebele achokri the current navdac dg
yoruba,general,"The next morning, her friend and neighbour, Kelsey Hooper Porsha Lawrence Mavour invites her to go to the Bubble Shock open day.","Mist Morning Our friend and neighbor KC Upa Oshah Goresu Morbo invites us to go to the pub shop.
",the next morning her friend and neighbor kelsey hooper porsha lawrence mavour invites her to go to the bubble shock open day,mist morning our friend and neighbor kc upa oshah goresu morbo invites us to go to the pub shop
yoruba,clinical,"This is especially important in any patients with significant pulmonary disease or hypoventilation syndrome of obesity, since a baseline value of normal for the patient must be appreciated if ventilator management postoperatively is necessary.","This is especially important in any patient with significant pulmonary disease or hyperventilation syndrome of obesity, since a baseline value of normal for the patient must be appreciated if ventilator management people stop pritvally if necessary.",this is especially important in any patients with significant pulmonary disease or hypoventilation syndrome of obesity since a baseline value of normal for the patient must be appreciated if ventilator management postoperatively is necessary,this is especially important in any patient with significant pulmonary disease or hyperventilation syndrome of obesity since a baseline value of normal for the patient must be appreciated if ventilator management people stop pritvally if necessary
yoruba,general,"The world is a big place, so I use my work to teach the girl child how to explore her world positively, and do something good in the society, that is what is driving me.
","The world is a big place, so I use my work to teach the girl child how to explore our world positively, and do something good in the society, thats what is driving me.
",the world is a big place so i use my work to teach the girl child how to explore her world positively and do something good in the society that is what is driving me,the world is a big place so i use my work to teach the girl child how to explore our world positively and do something good in the society thats what is driving me
yoruba,clinical,Radiographic changes do not appear until after at least 10 days.,Radiographic changes do not appear until after at least 10 days.,radiographic changes do not appear until after at least 10 days,radiographic changes do not appear until after at least 10 days
yoruba,general,"He is now watching proceedings as led by the other political parties.
","He is now watching proceedings as led by the other political parties.
",he is now watching proceedings as led by the other political parties,he is now watching proceedings as led by the other political parties
yoruba,general,"But not only do they treat their patients medically they are also comforting these patients in such an uncertain time.
","But not only do they treat their patients medically, they are also comforting these patients with such an unstarting time.",but not only do they treat their patients medically they are also comforting these patients in such an uncertain time,but not only do they treat their patients medically they are also comforting these patients with such an unstarting time
yoruba,clinical,A: Stable except for resp status.,A. double colon stable except for resp status.,a stable except for resp status,a double colon stable except for resp status
yoruba,general,"Dr. Demba Accohbay claims Cough, catarrh, fever, STI, abdominal pain, constipation, sore throat are the most common presenting complaints at Phalaborwa hospital
","Dr. Demba Akobe claims cough, catarrh, fever, STI, abdominal pain, constipation, sore throat as the most common presenting complaint at Palabora hospital
",doctor demba accohbay claims cough catarrh fever sti abdominal pain constipation sore throat are the most common presenting complaints at phalaborwa hospital,doctor demba akobe claims cough catarrh fever sti abdominal pain constipation sore throat as the most common presenting complaint at palabora hospital
yoruba,clinical,covering with sliding scale. No drip at this time.,Coffee with sliding scale-no drip at this time.,covering with sliding scale no drip at this time,coffee with sliding scale no drip at this time
yoruba,clinical,"Patients with agamma globulinemia usually present during therst 6 to12 months of lifeas maternally derived antibodies wane, although patients can present years later.","Patients with Agamaglobulinemia usually present during thirsts 6 to 12 months of life as maternally derived antibodies wean, although patients can present years later.",patients with agamma globulinemia usually present during therst 6 to 12 months of lifeas maternally derived antibodies wane although patients can present years later,patients with agamaglobulinemia usually present during thirsts 6 to 12 months of life as maternally derived antibodies wean although patients can present years later
yoruba,clinical,RESP RATE 40-52 WITH IC/SC RETRACTIONS.,RESP 40-52 with ICSC retractions.,resp rate 40 52 with ic sc retractions,resp 40 52 with icsc retractions
yoruba,general,"Hot summer temperatures can put stress on engines.
",Ult summer temperatures can put stress on engines.,hot summer temperatures can put stress on engines,ult summer temperatures can put stress on engines
yoruba,general,"Instead of continuing to rely on the grossly inefficient, overwhelmed and over-centralised security architecture, states should intensify efforts to cobble regional security networks to secure their jurisdictions to facilitate farming.
","Instead of continuing to rely on the grossly inefficient, overwhelmed and overcentralized security architecture, states should intensify efforts to cobalt regional security networks to secure their jurisdictions to facilitate farming.
",instead of continuing to rely on the grossly inefficient overwhelmed and over centralized security architecture states should intensify efforts to cobble regional security networks to secure their jurisdictions to facilitate farming,instead of continuing to rely on the grossly inefficient overwhelmed and overcentralized security architecture states should intensify efforts to cobalt regional security networks to secure their jurisdictions to facilitate farming
yoruba,clinical,"Startle Reflex Test: The newborn respond to loud sound by moving its head, legs and arms.","Style toe reflex test  The newborn responds, to loud sounds by moving its head, legs and arms.",startle reflex test the newborn respond to loud sound by moving its head legs and arms,style toe reflex test the newborn responds to loud sounds by moving its head legs and arms
yoruba,general,"Avoiding the road to Kigali
",Avoiding the road to Kigali.,avoiding the road to kigali,avoiding the road to kigali
yoruba,general,"We dont know when the show is really ending yet, she told the publication.
","We dont know when the show is really ending yet, she told the publication.
",we dont know when the show is really ending yet she told the publication,we dont know when the show is really ending yet she told the publication
yoruba,clinical,Symptoms often result from stress at school or in novel social situations.,Symptoms result from stress at school or in novel social situations.,symptoms often result from stress at school or in novel social situations,symptoms result from stress at school or in novel social situations
yoruba,clinical,cause of hyperglycemia for ?,Curse of hyperglycemia 4.,cause of hyperglycemia for,curse of hyperglycemia 4
yoruba,clinical,No dng from intrathecal catheter site.,No dng from intraticle cath site.,no dng from intrathecal catheter site,no dng from intraticle cath site
yoruba,clinical,PLAN: Cont to monitor VS resp status u/o and neuro status.,"Plan const to monitor VAs resp status, uo and neuro status.",plan cont to monitor vs resp status u 0 and neuro status,plan const to monitor vas resp status uo and neuro status
yoruba,general,"Children Kilani Ali and Ejefenihu were found last night wandering the streets unattended after their mother and father, went missing while returning from work at Minna
","Children Kilani Ali and Ejefeni Hill were found last night wandering the streets unattended after their mother and father, went missing while returning from work at Minna
",children kilani ali and ejefenihu were found last night wandering the streets unattended after their mother and father went missing while returning from work at minna,children kilani ali and ejefeni hill were found last night wandering the streets unattended after their mother and father went missing while returning from work at minna
yoruba,clinical,monitor PO/PG/BFtolerance and weight.,Monitor P who Pg BF tolerance and weight.,monitor po pg bftolerance and weight,monitor p who pg bf tolerance and weight
yoruba,general,"A company needs to embrace purpose and consider the needs of a broad range of stakeholders in order to achieve long-term profits.
","The company needs to embrace purpose and consider the needs of a broad range of stakeholders in order to achieve long-term profits.
",a company needs to embrace purpose and consider the needs of a broad range of stakeholders in order to achieve long term profits,the company needs to embrace purpose and consider the needs of a broad range of stakeholders in order to achieve long term profits
yoruba,general,"The elderly clergy man, Revd Mansur Baki developed a heart attack","The elderly Clegey man, Reft Mansur Baki developed a heart attack.",the elderly clergy man revd mansur baki developed a heart attack,the elderly clegey man reft mansur baki developed a heart attack
yoruba,clinical,1000 times 0 and soon.,"1 dozen times 0 and soon.
",1000 times 0 and soon,one dozen times 0 and soon
yoruba,general,"Fahji Gado 56 yr female transfer from OR to SICU CC683 at 2100. Saturday 06 September, 2008
",Faji Gaddo 56yr Fimi transfer from OR to SICU CC 683 at 21 o'clock Saturday 06 September 2008,fahji gado 56 yr female transfer from or to sicu cc 683 at 2100 saturday 6 september 2008,faji gaddo 56 yr fimi transfer from or to sicu cc 683 at 210 clock saturday 6 september 2008
yoruba,general,"Parliament is ratcheting up pressure on the government to desist from any reshuffle of high-ranking officials until presidential election results are announced.
","Parliaments is raking up pressure on the government to desist from any resurbel of high ranking officials onto presidential election results and annals.
",parliament is ratcheting up pressure on the government to desist from any reshuffle of high ranking officials until presidential election results are announced,parliaments is raking up pressure on the government to desist from any resurbel of high ranking officials onto presidential election results and annals
yoruba,clinical,10. Pioglitazone 15 mg Tablet Sig : One ( 1 ) Tablet PO DAILY ( Daily ) as needed for DM .,Pioglietation 15 mg Tablet Sig 1 Tablet Procedure Daily as needed for DM.,10 pioglitazone 15 mg tablet sig one tablet po daily as needed for dm,pioglietation 15 mg tablet sig one tablet procedure daily as needed for dm
yoruba,general,"So youre having trouble with your cd drive, is that correct?
","So you are having trouble with your cd drive, is that correct?
",so youre having trouble with your cd drive is that correct,so you are having trouble with your cd drive is that correct
yoruba,general,Wilson describes it as an owners manual for the human brain.,Wesion describes it as an honourable honour for the human brain.,wilson describes it as an owners manual for the human brain,wesion describes it as an honorable honor for the human brain
yoruba,clinical,"Differential was polys 59, bands 3, lymphs 25 .","Diffrential was polysegmented neutrophils 59, panneutrophils 3 and lymphocytes 25.",differential was polys 59 bands 3 lymphs 25,diffrential was polysegmented neutrophils 59 panneutrophils 3 and lymphocytes 25
yoruba,general,"He captioned the photo: I just Met a Fan She sabi my entire Mixtape.
",He captioned the photo I just met a fan she said in my entire mpp.,he captioned the photo i just met a fan she sabi my entire mixtape,he captioned the photo i just met a fan she said in my entire mpp
yoruba,general,"So we are targeting 1,000 youths and that is about a billion naira so we do it as frequently as possible.
","So we are targeting 1000 youths and that is about a billion narras so we do it as frequently as possible.
",so we are targeting 1000 youths and that is about a 1000000000 naira so we do it as frequently as possible,so we are targeting 1000 youths and that is about a 1000000000 narras so we do it as frequently as possible
yoruba,clinical,It has also been associated with an increased risk of acquisition of human immunodeciency virus HIV and herpes simplex virus HSV.,It has also been associated with an increased risk of acquisition of human immunodeficiency virus HIV and hepisimplex virus HSV.,it has also been associated with an increased risk of acquisition of human immunodeciency virus hiv and herpes simplex virus hsv,it has also been associated with an increased risk of acquisition of human immunodeficiency virus hiv and hepisimplex virus hsv
yoruba,clinical,A: NPO status continues.,e Neopower status cont.,a npo status continues,e neopower status cont
yoruba,general,"Motorbike taxis seen everywhere in the megacity of 30 million were banned from picking up passengers, and residents were ordered to stay home.
","Motorbike taxis seen everywhere in the mega city of 30 million were banned from picking up passengers, and residents were ordered to stay home.
",motorbike taxis seen everywhere in the megacity of 30000000 were banned from picking up passengers and residents were ordered to stay home,motorbike taxis seen everywhere in the mega city of 30000000 were banned from picking up passengers and residents were ordered to stay home
yoruba,clinical,Check CBC with differential and blood cultures hold antibiotics unless labs abnormal and clinical status changes.,Check CBC with differential and blood cultures hold antibiotics on less labs and abnormal and clinical status changes.,check cbc with differential and blood cultures hold antibiotics unless labs abnormal and clinical status changes,check cbc with differential and blood cultures hold antibiotics on less labs and abnormal and clinical status changes
yoruba,general,"What an amazing lady, wrote a different devotee, adding a kiss, heart-eye, and red heart emoji to the comment.
","What an amazing lady, wrote a different devotee, adding a kiss, heart eye, and a red heart emoji to the comment.
",what an amazing lady wrote a different devotee adding a kiss heart eye and red heart emoji to the comment,what an amazing lady wrote a different devotee adding a kiss heart eye and a red heart emoji to the comment
yoruba,general,"It is the total commitment of an individual to the actualisation of an idea or a project.
","It is the total commitment of an individual to the actualization of an idea or a project.
",it is the total commitment of an individual to the actualisation of an idea or a project,it is the total commitment of an individual to the actualization of an idea or a project
yoruba,general,"The Most Ultimate Rules Of Becoming A Casino Winner
","The most ultimate use of becoming a carcino winner.
",the most ultimate rules of becoming a casino winner,the most ultimate use of becoming a carcino winner
yoruba,clinical,"Medicine International 24:4-10 Podlesh S W ,  Boyden D K1996 Diagnosis of acute bonebone marrow infarction of the mandible in sickle haemoglobinopathy.
","2014 International 24-10 Godless SW Boydine KK1996 Diagnosis of Afeze Bomarov Infection of the Mandebun Pistol Hemoglobinopathy
",medicine international 24 4 10 podlesh s w boyden d k 1996 diagnosis of acute bonebone marrow infarction of the mandible in sickle haemoglobinopathy,2014 international 24 10 godless sw boydine kk 1996 diagnosis of afeze bomarov infection of the mandebun pistol hemoglobinopathy
yoruba,clinical,CT placed to H2O seal.,CHEST TUBED PLACE TO WATER SALE.,ct placed to h 20 seal,chest tubed place to water sale
yoruba,general,"Tamara has also starred in the independent film Limbo Lounge, directed by Tom Pankratz.",Tamar has also starred in the independent film Rainbow Lunch directed by Tom Pankrat.,tamara has also starred in the independent film limbo lounge directed by tom pankratz,tamar has also starred in the independent film rainbow lunch directed by tom pankrat
yoruba,general,"State public health officials rate each case as definite , probable , possible or suspicious . Illness severity is assigned as low , moderate , severe , or fatal .
","State Public Health Officials rate each case as definite, probable, possible or suspicious. Ine severity is assigned as low, moderate, severe, or fatal.",state public health officials rate each case as definite probable possible or suspicious illness severity is assigned as low moderate severe or fatal,state public health officials rate each case as definite probable possible or suspicious ine severity is assigned as low moderate severe or fatal
yoruba,general,"Currently, attention is riveted on the bloody violence raging in Kaduna, the North-West state that hosts the highest number of security formations in West Africa.
","Currently, attention is reverted on the bloody violence raging in Kaduna, the North-West state that hosts the highest number of security formations in West Africa.
",currently attention is riveted on the bloody violence raging in kaduna the north west state that hosts the highest number of security formations in west africa,currently attention is reverted on the bloody violence raging in kaduna the north west state that hosts the highest number of security formations in west africa
yoruba,clinical,Advancing 10cc/k/dHospital Bassee at 1300 and 0100.,Advancing 10cc per k per d Hospital Bazi at 1300 and 100.,advancing 10 cc k dhospital bassee at 1300 and 100,advancing 10 cc per k per d hospital bazi at 1300 and 100
yoruba,general,"How could I leave out his driving habits?
","How could I leave out his driving habits?
",how could i leave out his driving habits,how could i leave out his driving habits
yoruba,general,"The first cycle season was in 2006.
","The first cycle season was in 2006.
",the 1st cycle season was in 2006,the 1st cycle season was in 2006
yoruba,clinical,"Patients benet from an aggressive physical therapy plan to improve lower extremity exibilityandincreasecorestrengthandspinalstability.
","Patients penned from an aggressive physical therapy plan to improve lower extremity, exubility and increased core strength and spinal stability.",patients benet from an aggressive physical therapy plan to improve lower extremity exibilityandincreasecorestrengthandspinalstability,patients penned from an aggressive physical therapy plan to improve lower extremity exubility and increased core strength and spinal stability
yoruba,general,"Next line. Plan: next line. Tablets Coartem, 4 tabs twice daily for 3 days and paracetamol 1gm 3x daily for 3 days. Next line. Signed: Dr Ugochinyere Zikoranaudodimma
","Next line. Plan  next line. Tablet  4 times twice daily for 3 days and 1 gram 3 times daily for 3 days. Next line. Signed colon Dr Ogochinirin Zikoranwadolima
",next line plan next line tablets coartem 4 tabs twice daily for 3 days and paracetamol one gm 3 x daily for 3 days next line signed doctor ugochinyere zikoranaudodimma,next line plan next line tablet 4 times twice daily for 3 days and one gram 3 times daily for 3 days next line signed colon doctor ogochinirin zikoranwadolima
yoruba,general,"Xejet Limited gets nod to operate Sierra Leonean national carrier
",ZCHATLIMITED GET NOT TO UPRATE CERIALONIAL NATIONAL CARRIAL.,xejet limited gets nod to operate sierra leonean national carrier,zchatlimited get not to uprate cerialonial national carrial
yoruba,clinical,"The tight glycemic control group had an average serum glucose level of 103 mgdL, and the average glucose level in the control group was 153 mgdL.","The third glycemic control group had an average serum glucose level of 103 mg deciliter, and the average glucose level in the control group was 153 mg deciliter.",the tight glycemic control group had an average serum glucose level of 103 mgdl and the average glucose level in the control group was 153 mgdl,the 3rd glycemic control group had an average serum glucose level of 103 mg deciliter and the average glucose level in the control group was 153 mg deciliter
yoruba,clinical,"Treatment Treatment begins with education and demystication for the child and family about chronic constipation and soiling, emphasizing the chronic nature of this condition and the good prognosis with optimal management.","TREATMENT Treatment begins with education and desistication for the child and family about chronic constipation and soiling, emphasising the chronic nature of this condition and a group diagnosis with optimal management.",treatment treatment begins with education and demystication for the child and family about chronic constipation and soiling emphasizing the chronic nature of this condition and the good prognosis with optimal management,treatment treatment begins with education and desistication for the child and family about chronic constipation and soiling emphasizing the chronic nature of this condition and a group diagnosis with optimal management
yoruba,general,"On Friday, James Colter, a founding member of Mr. Harriss PureMovement company known as Cricket, leads a bantaba hip-hop class.
","On Friday, James Coulter, a founding member of Mr. Hires Pure Movement Company known as Cricket, leads a Bantaba hip-hop class.
",on friday james colter a founding member of mister harriss puremovement company known as cricket leads a bantaba hip hop class,on friday james coulter a founding member of mister hires pure movement company known as cricket leads a bantaba hip hop class
yoruba,clinical,"Occasionally ,  aphthae start when smoking is given up.
",Occasionally at tear start when smoking is given up.,occasionally aphthae start when smoking is given up,occasionally at tear start when smoking is given up
yoruba,clinical,Three to four circumferential interrupted sutures anchor the anterior layer of the mesh to the inguinal canal floor.,Dreat for circumfusion interact with sutures and call the anterior layer of the mesh to the ignaic canal floor.,3 to 4 circumferential interrupted sutures anchor the anterior layer of the mesh to the inguinal canal floor,dreat for circumfusion interact with sutures and call the anterior layer of the mesh to the ignaic canal floor
yoruba,general,"You were admitted to Hospital Nzubechukwu in Port Harcourt city on Tuesday 18 November, 1986 with episodes of somnolence.
","You were admitted to Hospital Nzubechukwu in Porta Kot city on Tuesday, Nov. 1986 with episodes of somnolence.
",you were admitted to hospital nzubechukwu in port harcourt city on tuesday 18 november 1986 with episodes of somnolence,you were admitted to hospital nzubechukwu in porta kot city on tuesday nov 1986 with episodes of somnolence
yoruba,clinical,"Displaced fracture of left tibial spine, subsequent encounter for open. TABLET, ORAL OLANZAPINE, OLANZAPINE, 5MG. Blister (nonthermal), right knee, subsequent encounter","Displaced fracture of left tibial spine, subsequent encounter for open. TABLET, ORAL OLANZAPINE, OLANZAPINE, 5MG. Blister, nonthermal, right knee, subsequent encounter",displaced fracture of left tibial spine subsequent encounter for open tablet oral olanzapine olanzapine 5 mg blister right knee subsequent encounter,displaced fracture of left tibial spine subsequent encounter for open tablet oral olanzapine olanzapine 5 mg blister nonthermal right knee subsequent encounter
yoruba,general,"NGO celebrates 10th anniversary, launches childrens library in Ibadan
","NGO celebrates 10th anniversary, launches childrens library in Ibadon
",ngo celebrates 10th anniversary launches childrens library in ibadan,ngo celebrates 10th anniversary launches childrens library in ibadon
yoruba,general,"She was in love with a young man .
","She was in love with a young man.
",she was in love with a young man,she was in love with a young man
yoruba,clinical,qxd  22309  5:24 PM  Page 18 Obstetrician gynecologists should review their patients risk factors annually and assess the need for retesting.,Post-heterocyanin gynecologists should review their patient's risk factors annually and assess the need for retesting.,qxd 22309 5 24 pm page 18 obstetrician gynecologists should review their patients risk factors annually and assess the need for retesting,post heterocyanin gynecologists should review their patient is risk factors annually and assess the need for retesting
yoruba,general,"The UK governments Culture Recovery Fun announced 10 days ago specified that Secret Cinema was to receive an allocation of 977,000.
","The UK government's Cultural Recovery Fund announced 10 days ago specified that secret cinema was to receive an education of 977,000.
",the uk governments culture recovery fun announced 10 days ago specified that secret cinema was to receive an allocation of 977000,the uk government is cultural recovery fund announced 10 days ago specified that secret cinema was to receive an education of 977000
yoruba,general,"Planner: lajetfete
","planar-lagefate
",planner lajetfete,planar lagefate
yoruba,clinical,"Because of its ability to slow cardiac conduction,disopyramide is not indicated for the treatment of digitalis-induced ventricular arrhythmias.","Because of its ability to slow cardiac conduction, the subparamide is not indicated for the treatment of digitalists in Jills ventricular arrhythmias.",because of its ability to slow cardiac conduction disopyramide is not indicated for the treatment of digitalis induced ventricular arrhythmias,because of its ability to slow cardiac conduction the subparamide is not indicated for the treatment of digitalists in jills ventricular arrhythmias
yoruba,general,"Massie 1967, p. 135 The younger sisters, Maria and Anastasia, were known as The Little Pair.","Marcy 1967, p.3135 The younger sister, Maria and Anastasia, were known as the little pair.",massie 1967 p 135 the younger sisters maria and anastasia were known as the little pair,marcy 1967 p.3135 the younger sister maria and anastasia were known as the little pair
yoruba,general,"It acquires, develops, produces, and distributes movies and produces television programming.","It acquires, develops, produces, and distributes movies and produces television and programming.",it acquires develops produces and distributes movies and produces television programming,it acquires develops produces and distributes movies and produces television and programming
yoruba,general,"During a news conference on Tuesday, Dr. Mandy Cohen said the states four key COVID-19 metrics are stabilizing, and some are even beginning to decline.
","During a news conference on Tuesday, Dr. Mandikohen said the stakes for key COVID-19 metrics are stabilizing, and so are even beginning to decline.
",during a news conference on tuesday doctor mandy cohen said the states 4 key covid 19 metrics are stabilizing and some are even beginning to decline,during a news conference on tuesday doctor mandikohen said the stakes for key covid 19 metrics are stabilizing and so are even beginning to decline
yoruba,clinical,1. Prematurity triplet number two .,1. Prematurate chocolate number 2.,one prematurity triplet number 2,one prematurate chocolate number 2
yoruba,clinical,Disp: 168 gms Refills: 06.,Disp 168 gms reface 06.,disp 168 gms refills 6,disp 168 gms reface 6
yoruba,clinical,ENG is the gold standard for detecting unilateral peripheral vestibular disorders.,ENG is the gold standard for detecting unilateral peripheral vestibular disorders.,eng is the gold standard for detecting unilateral peripheral vestibular disorders,eng is the gold standard for detecting unilateral peripheral vestibular disorders
yoruba,clinical,From the trabeculae arise small branches called central arterioles.,From the trabeculae arise small branches called central arterioles.,from the trabeculae arise small branches called central arterioles,from the trabeculae arise small branches called central arterioles
yoruba,clinical,P: Cont to encourage parental calls and visits cont with dc instruction.,P. Contents encourage parental calls and visits cont. with DC Instruction.,p cont to encourage parental calls and visits cont with dc instruction,p contents encourage parental calls and visits cont with dc instruction
yoruba,general,"Some fan accounts have even become registered nonprofits, with dozens of administrators spread around the world putting in nearly full-time work on top of their day jobs.
","Some fan accounts have even become registered non-profits, with dozens of administrators spread around the world putting in nearly full-time work on top of their day jobs.
",some fan accounts have even become registered nonprofits with dozens of administrators spread around the world putting in nearly full time work on top of their day jobs,some fan accounts have even become registered non profits with dozens of administrators spread around the world putting in nearly full time work on top of their day jobs
yoruba,clinical,qxd  22309  5:24 PM  Page 16The findings elicited from the history and physical examinationand results of laboratory tests help guide interventions and counseling and may reveal additional risks that require targeted screening or evaluation.,FM Ph 16  The engine is edited from the HP and typical evaluation and results of laboratory tests help guide interventions of companies and may reveal a general risk that requires targeted screening or evaluation.,qxd 22309 5 24 pm page 16 the findings elicited from the history and physical examinationand results of laboratory tests help guide interventions and counseling and may reveal additional risks that require targeted screening or evaluation,fm ph 16 the engine is edited from the hp and typical evaluation and results of laboratory tests help guide interventions of companies and may reveal a general risk that requires targeted screening or evaluation
yoruba,general,"The event might not be taking place physically, but you can still Join The Fun online at Virtual Windsor.","The events might not be taking place physically, but you can still join the fun online at virtualwinstool.com.",the event might not be taking place physically but you can still join the fun online at virtual windsor,the events might not be taking place physically but you can still join the fun online at virtualwinstool com
yoruba,clinical,Reason: post-op cranioplasty please check for bleeding please do wi Admitting Diagnosis: SUBDURAL HEMORRAGE/SDA,Reason Post-op Post-op chronic plastic please check for bleeding please do we Admitting Diagnosis of DRAEMORHAGE STD,reason post op cranioplasty please check for bleeding please do wi admitting diagnosis subdural hemorrage sda,reason post op post op chronic plastic please check for bleeding please do we admitting diagnosis of draemorhage std
yoruba,clinical,"Defects in the IL-7 receptor, ZAP-70, and subunits of the CD3 molecule result in a deciency of T cells with normal B-cell and NK-cell numbers.","Defects in the inter-looking 7 receptor, zeta-chain associated protein kinase 70, and the subunit of the cluster differentiation 3-molecule result in a desciency of T cells with normal B and natural killer cell numbers.",defects in the il 7 receptor zap 70 and subunits of the cd 3 molecule result in a deciency of t cells with normal b cell and nk cell numbers,defects in the inter looking 7 receptor zeta chain associated protein kinase 70 and the subunit of the cluster differentiation 3 molecule result in a desciency of t cells with normal b and natural killer cell numbers
yoruba,general,"It was bought in July 2017 by Peter  Minsu Lu, according to documents obtained by SaharaReporters.
","It was bought in July 2017 by Peter Ninsulu, according to the document obtained by Sahara reporters.
",it was bought in july 2017 by peter minsu lu according to documents obtained by saharareporters,it was bought in july 2017 by peter ninsulu according to the document obtained by sahara reporters
yoruba,general,"Dr Tambara Ikpeama speaking. Next line. patient Iyeala is here to discuss other interventions including surgery
",Dr. Tambaraikema speaking. Next line. Patient Iyala is here to discuss other interventions including surgery.,doctor tambara ikpeama speaking next line patient iyeala is here to discuss other interventions including surgery,doctor tambaraikema speaking next line patient iyala is here to discuss other interventions including surgery
yoruba,general,"Oppo may soon launch two new truly wireless earbuds, a rumour fuelled by the discovery of a patent application that features new designs.","Opah may soon launch two new truly wireless airboats, a rumour foiled by the discovery of a patent application that features new designs.
",oppo may soon launch 2 new truly wireless earbuds a rumor fuelled by the discovery of a patent application that features new designs,opah may soon launch 2 new truly wireless airboats a rumor foiled by the discovery of a patent application that features new designs
yoruba,clinical,NOSPITS MAX ASPIRATE3.6CC.,No spits mass asp.cc.,nospits max aspirate 3.6 cc,no spits mass asp cc
yoruba,general,Critical and scholarly response,"critical and scholarly response
",critical and scholarly response,critical and scholarly response
yoruba,general,"It was gathered that Samad, who is an internet fraudster, opened the academy in a three-bedroom flat and was training young men in the art of defrauding people in the apartment which he was said to have rented for the sum of N3 million per annum.
","It was gathered that Samad, who is an internet fraudster, opened the academy in a tree-bedroom flat and was training young men in the art of defrauding people in the apartment which he was said to have rented for the sum of N3 million per annum.
",it was gathered that samad who is an internet fraudster opened the academy in a 3 bedroom flat and was training young men in the art of defrauding people in the apartment which he was said to have rented for the sum of n 3000000 per annum,it was gathered that samad who is an internet fraudster opened the academy in a tree bedroom flat and was training young men in the art of defrauding people in the apartment which he was said to have rented for the sum of n 3000000 per annum
yoruba,general,"The church on the state of the nation
","The church on the state of the nation
",the church on the state of the nation,the church on the state of the nation
yoruba,clinical,"These results indicate that the vagal sparing esophagectomy procedure does indeed preserve the vagal nerves, and may be considered in the treatment of benign and early malignant lesions requiring esophagectomy.","These results indicate that the vagal sparing esophageal tome procedure does indeed preserve vagal naps, and may be considered in the trisement of benign and early malignant lesions requiring esophageal tome.",these results indicate that the vagal sparing esophagectomy procedure does indeed preserve the vagal nerves and may be considered in the treatment of benign and early malignant lesions requiring esophagectomy,these results indicate that the vagal sparing esophageal tome procedure does indeed preserve vagal naps and may be considered in the trisement of benign and early malignant lesions requiring esophageal tome
yoruba,general,"Meanwhile, stay away from social media.
","Meanwhile, stay away from social media.
",meanwhile stay away from social media,meanwhile stay away from social media
yoruba,clinical,"Such reactions maybe avoided by dietary restrictions, see Specimen.","Such reactions may be avoided by dietary restrictions, sea specimen,",such reactions maybe avoided by dietary restrictions see specimen,such reactions may be avoided by dietary restrictions sea specimen
yoruba,general,"I love working out, going to the beach, watching movies and spending time with my wife and dogs.
","I love walking out, going to beach, watching movies and spending time with my wife and dogs.
",i love working out going to the beach watching movies and spending time with my wife and dogs,i love walking out going to beach watching movies and spending time with my wife and dogs
yoruba,general,"Angel BBNaijaReunion BBNaija BBNaijaShineYaEye pic.twitter.comw6lugdnNsa
","Inje Big Brother Niger you know Big Brother Niger Big Brother Niger Shanya High PIC.TWI TTAO.COMW6 LUG GN CAPTALETA NSA
",angel bbnaijareunion bbnaija bbnaijashineyaeye pic twitter comw 6 lugdnnsa,inje big brother niger you know big brother niger big brother niger shanya high pic twi ttao comw 6 lug gn captaleta nsa
yoruba,clinical,It has been suggested that these drugs may act by stimulating afferent nerves to initiate a reex increase in gut motility.,It has been suggested that these drugs may act by stimulating afferent neves to initiate a risk increase in gut utility.,it has been suggested that these drugs may act by stimulating afferent nerves to initiate a reex increase in gut motility,it has been suggested that these drugs may act by stimulating afferent neves to initiate a risk increase in gut utility
yoruba,general,"This guy goes around in the 70s or whenever, hes this big time football player, but he does needlepoint and gives zero fucks about what anyone thinks about him doing needlepoint.
","This guy goes around in the 70s or whenever, is this big time football player, but he does need a point and gives 0 focus about what anyone thinks about him during need a point.
",this guy goes around in the 70s or whenever hes this big time football player but he does needlepoint and gives 0 fucks about what anyone thinks about him doing needlepoint,this guy goes around in the 70s or whenever is this big time football player but he does need a and gives 0 focus about what anyone thinks about him during need a point
yoruba,general,Nigerians’ anger and the coming darkness,Nenjurens-anger and the common darkness.,nigerians anger and the coming darkness,nenjurens anger and the common darkness
yoruba,general,CH sounds like the KH in Ayatollah Khoumeini.,C.S sounds like the K.H.N.O.Y.O.TOLO Komeini.,ch sounds like the kh in ayatollah khoumeini,c s sounds like the k h n 0 y 0 tolo komeini
yoruba,clinical,Received hydralazine x1 for sbp > 180.,Received hydroxane 1 times for systolic blood pressureed greater than 180.,received hydralazine x one for sbp 180,received hydroxane one times for systolic blood pressureed greater than 180
yoruba,general,"A very common disease was discovered in Akpawfu by Ekiye and Motinola scientists at Katsina university from 1998 to 2006.
","A very common disease was discovered in Aqafu by Ekiyye and Moti Nola scientists at Katsina university from 1998 to 2006.
",a very common disease was discovered in akpawfu by ekiye and motinola scientists at katsina university from 1998 to 2006,a very common disease was discovered in aqafu by ekiyye and moti nola scientists at katsina university from 1998 to 2006
yoruba,general,"We are a very reliably Republican state especially in a presidential election year.
","We are very reliably Republican states especially in a presidential election year.
",we are a very reliably republican state especially in a presidential election year,we are very reliably republican states especially in a presidential election year
yoruba,general,"The artiste faced 11 charges bordering on alleged credit card fraud contrary to Money Laundering Prohibition Act and the Cyber Crimes Act.
","The artist faced 11 charges bothering on alleged credit card fraud contrary to Money Laundry prohibition Act and the Cyber Crimes Act.
",the artiste faced 11 charges bordering on alleged credit card fraud contrary to money laundering prohibition act and the cyber crimes act,the artist faced 11 charges bothering on alleged credit card fraud contrary to money laundry prohibition act and the cyber crimes act
yoruba,clinical,"The condition usually results from a longstanding preceding causes, e.",The condition usually results from a long standing preceding course e.,the condition usually results from a longstanding preceding causes e,the condition usually results from a long standing preceding course e
yoruba,clinical,acidosis with compensation good oxygenation.,Acidosis with compensation good oxygenation.,acidosis with compensation good oxygenation,acidosis with compensation good oxygenation
yoruba,general,"He has got the vigour to accomplish what is required and everybody wants to be part of the show.
","He has got the vigor to accomplish what is required and everybody wants to be part of the show.
",he has got the vigor to accomplish what is required and everybody wants to be part of the show,he has got the vigor to accomplish what is required and everybody wants to be part of the show
yoruba,clinical,"Laboratory examination reveals leucocytosis, elevated serum alkaline phosphatase, hypoalbuminaemia and a positive blood culture.","Laboratory examination reveals leukocytosis, elevated serum alkaline phosphatase, hypohalbuminemia and a positive blood culture.",laboratory examination reveals leucocytosis elevated serum alkaline phosphatase hypoalbuminaemia and a positive blood culture,laboratory examination reveals leukocytosis elevated serum alkaline phosphatase hypohalbuminemia and a positive blood culture
yoruba,general,"He threw some really good pitches, Roenicke said, per the team.
","It threw some really good pitches, Ronick said, per the team.
",he threw some really good pitches roenicke said per the team,it threw some really good pitches ronick said per the team
yoruba,clinical,Skull base foramen should be closely examined for enlargement that may be suggestive of perineural invasion.,Scol base foramen should be closely examined for enlargement that may be suggestive of perineural invasion.,skull base foramen should be closely examined for enlargement that may be suggestive of perineural invasion,scol base foramen should be closely examined for enlargement that may be suggestive of perineural invasion
yoruba,clinical,"Use mechanical devices, such as lifts, slides, transfer chairs, or gait belts, for moving patients.","Use technical devices, such as leads, slides, transfer chairs, or gatebells, for moving machines.",use mechanical devices such as lifts slides transfer chairs or gait belts for moving patients,use technical devices such as leads slides transfer chairs or gatebells for moving machines
yoruba,clinical,"ese marker chromosomes sometimes are associated with mental retardation and other abnormalities, and other times they have no apparent phenotypic eects.
","These macarcomasones sometimes are associated with mental retardation and other abnormalities, and other times they have no apparent phenotypic X.",ese marker chromosomes sometimes are associated with mental retardation and other abnormalities and other times they have no apparent phenotypic eects,these macarcomasones sometimes are associated with mental retardation and other abnormalities and other times they have no apparent phenotypic x
yoruba,clinical,Most causes of conductive hearing loss can be medically or surgically corrected they can be improved or resolved with treatment and without use of a hearing aid.,"Most causes of conductive hearing loss can be medically or surgically corrected, they can be improved or resolved to treatment and without use of a hearing aid.",most causes of conductive hearing loss can be medically or surgically corrected they can be improved or resolved with treatment and without use of a hearing aid,most causes of conductive hearing loss can be medically or surgically corrected they can be improved or resolved to treatment and without use of a hearing aid
yoruba,general,"Meanwhile, Johnson said on April 15, 2022, the police unit was alerted to the risk and possible hack of the server of a non-interest financial institution located in Lagos State.
","Meanwhile, Johnson said on April 15, 2022, the police unit was alerted to the recent possible attack of the server of a non-interest financial institution located in Lagos State.
",meanwhile johnson said on april 15 2022 the police unit was alerted to the risk and possible hack of the server of a non interest financial institution located in lagos state,meanwhile johnson said on april 15 2022 the police unit was alerted to the recent possible attack of the server of a non interest financial institution located in lagos state
yoruba,general,"To people, playing on the cultist image is simply rough play.
","Two people, playing on the courtes image is simply real play.
",to people playing on the cultist image is simply rough play,2 people playing on the courtes image is simply real play
yoruba,general,"Again, freedom of expression is one of the fundamental rights of the citizen which an Islamic State must respect.
","Again, freedom of expression is one of the fundamental rights of the citizens which an Islamic State must respect.
",again freedom of expression is one of the fundamental rights of the citizen which an islamic state must respect,again freedom of expression is one of the fundamental rights of the citizens which an islamic state must respect
yoruba,clinical,Similarly women with large cancers that occupy the subareolar and central portions of the breast and women with multicentric primary cancers also undergo mastectomy.,"Similarly, women with large cancers that occupy the subareolar and central portions of the breast and women with multicentric primary cancers also undergo mastectomy.",similarly women with large cancers that occupy the subareolar and central portions of the breast and women with multicentric primary cancers also undergo mastectomy,similarly women with large cancers that occupy the subareolar and central portions of the breast and women with multicentric primary cancers also undergo mastectomy
yoruba,general,Laughter is different as it leaves you feeling better and hopeful.,"Plafta is different as it leaves you feeling better and hopeful.
",laughter is different as it leaves you feeling better and hopeful,plafta is different as it leaves you feeling better and hopeful
yoruba,general,"Obviously, it is no longer a priority for the Federal Government.
","Obviously, it is not one of her priority for the federal government
",obviously it is no longer a priority for the federal government,obviously it is not one of her priority for the federal government
yoruba,general,"Jeenbekovs previous decree declaring a state of emergency in Bishkek was signed Friday, when a protest in the city turned violent and gunshots were fired at several political leaders.
","Gene Bekovs previous decree declaring a state of emergency in Pishkek was signed Friday, when a protest in the city turned violent and constructs were fired at several political leaders.
",jeenbekovs previous decree declaring a state of emergency in bishkek was signed friday when a protest in the city turned violent and gunshots were fired at several political leaders,gene bekovs previous decree declaring a state of emergency in pishkek was signed friday when a protest in the city turned violent and constructs were fired at several political leaders
yoruba,general,"Dr Kenechukwu neonatal Intensive care unit (ICU) aware and Dr Ndukari Surgery notified. 07/07/2026
",Dr. Kenechukwu Nyonatan Intensive Care Unit                            ICU close bracket aware and Dr. Ndukari Surgery notified. 7-07-2026,doctor kenechukwu neonatal intensive care unit aware and doctor ndukari surgery notified 7 7 2026,doctor kenechukwu nyonatan intensive care unit icu close bracket aware and doctor ndukari surgery notified 7 7 2026
yoruba,general,"We are working on elevating the condition of our secondary healthcare facilities.
",We are working on elevating the condition of our secondary healthcare facilities.,we are working on elevating the condition of our secondary healthcare facilities,we are working on elevating the condition of our secondary healthcare facilities
yoruba,clinical,2019-02-01 ( 4 of 4 bottles ) E.coli,2019-02-01 4 of 4 bottles equally.,2019 2 one e coli,2019 2 one 4 of 4 bottles equally
yoruba,general,"My father christened me Oluwaremilekun because my elder brother was 17 years older than me and 14 years older than my elder sister.
","My father christened me Oluware Meleku because my elder brother was 17 years older than me and 14 years older than my elder sister.
",my father christened me oluwaremilekun because my elder brother was 17 years older than me and 14 years older than my elder sister,my father christened me oluware meleku because my elder brother was 17 years older than me and 14 years older than my elder sister
yoruba,general,"Answer me when I call to you, my righteous God.
","Handsome when I call to you, my righteous God.
",answer me when i call to you my righteous god,handsome when i call to you my righteous god
yoruba,clinical,Will re-attempt LP unsuccessfal last night.,"Will reattempt LB on success for our last night.
",will re attempt lp unsuccessfal last night,will reattempt lb on success for our last night
yoruba,clinical,CV: Murmur audible.,CV            ,cv murmur audible,cv
yoruba,clinical,"In the past, these patients have received prophylactic antibiotics prior to dental extraction.","In the past, these patients have received prophylactic antibiotics period to dental extraction.",in the past these patients have received prophylactic antibiotics prior to dental extraction,in the past these patients have received prophylactic antibiotics period to dental extraction
yoruba,general,"School zones are marked with lights or traffic signs, so drivers need to be alert, obey speed limits and avoid distractions.
","School zones are marked with light or traffic signs, so drivers need to be alert, obey speed limits and avoid distractions.",school zones are marked with lights or traffic signs so drivers need to be alert obey speed limits and avoid distractions,school zones are marked with light or traffic signs so drivers need to be alert obey speed limits and avoid distractions
yoruba,general,"XMax can be traded on the following cryptocurrency exchanges: Graviex, OTCBTC, ABCC, Coinrail, CryptoBridge, Hotbit, DDEX, HADAX and FCoin.","Expnals can be traded on the following cryptocurrency exchange days column  graphic, OTC BTC, ABCC, Cornwall, CryptoBridge, Hotbit, PDEF, HADEX and Scoin
",xmax can be traded on the following cryptocurrency exchanges graviex otcbtc abcc coinrail cryptobridge hotbit ddex hadax and fcoin,expnals can be traded on the following cryptocurrency exchange days column graphic otc btc abcc cornwall cryptobridge hotbit pdef hadex and scoin
yoruba,clinical,Between 10 and 40 of women with untreated chlamydial or gonorrheal infections of the cervix will develop acute PID.,Between 10 and 40 of women with untreated chlamydia or gonorrhoeal infections of the cervix will develop acute PID.,between 10 and 40 of women with untreated chlamydial or gonorrheal infections of the cervix will develop acute pid,between 10 and 40 of women with untreated chlamydia or gonorrhoeal infections of the cervix will develop acute pid
yoruba,general,"Since then, theyve been battered by Aston Villa, held to a goalless draw by Leeds United and punished for failing to take their chances by Wolves in a 2-1 home loss.","Since then, they have been battered by Aston Villa, held to a goalless draw by Leeds United and punished for failing to take their chances by wolves in a 2-1 home loss.
",since then theyve been battered by aston villa held to a goalless draw by leeds united and punished for failing to take their chances by wolves in a 2 one home loss,since then they have been battered by aston villa held to a goalless draw by leeds united and punished for failing to take their chances by wolves in a 2 one home loss
yoruba,clinical,02/25/2001 12:00:00 AM,On 25 February 2001 by 12 am.,2 25 2001 12 0 0 am,on 25 february 2001 by 12 am
yoruba,general,Her fiance Mr. Olawatuyi Durojaye was called to the first aid room at 2: 33 pm on 08/06/1999,Afianse Mr. Olawatuyi Duhojaye was called to the first aid room at 2.33pm on 08.06.1999.,her fiance mister olawatuyi durojaye was called to the 1st aid room at 2 33 pm on 8 6 1999,afianse mister olawatuyi duhojaye was called to the 1st aid room at 2.33 pm on 08.06.1999
yoruba,clinical,Basophilia is unusual and is found in the following conditions: 1.,Basophilia is unusual and is found in the following conditions 1.,basophilia is unusual and is found in the following conditions one,basophilia is unusual and is found in the following conditions one
yoruba,general,"If observed, it will only be one of these states but when not being watched, it could be every possibility available to it.
","If observed, it will only be one of these states but when not being watched, it could be very possibly available to it.
",if observed it will only be one of these states but when not being watched it could be every possibility available to it,if observed it will only be one of these states but when not being watched it could be very possibly available to it
yoruba,clinical,Will evaluate electrolytes and bili this evening.,"Will evaluate electrolyte and billy this evening
",will evaluate electrolytes and bili this evening,will evaluate electrolyte and billy this evening
yoruba,general,"Mrs Duruaku Chukwualuka is a 40yr old who resides at 33, Zaria street, Okene state. She is Ibo or Hausa, Christian or Muslim with 2 previous cesarean sections. Last mestrual period was 22/11/2022
","Mrs. Juhu Akutukwa Lucas a 40yr old who resides at 33 Zaria street Okina State shes Ibo Ausa Ustien on Muslim with 2 previous Zarian sections. Last measure period was 22-11-2022
",missus duruaku chukwualuka is a 40 yr old who resides at 33 zaria street okene state she is ibo or hausa christian or muslim with 2 previous cesarean sections last mestrual period was 22 11 2022,missus juhu akutukwa lucas a 40 yr old who resides at 33 zaria street okina state shes ibo ausa ustien on muslim with 2 previous zarian sections last measure period was 22 11 2022
yoruba,general,"Local employees of the North Dakota Department of Human Services Division of Vocational Rehabilitation, Tami Froelich and Jerry Severson, have received awards for their work.
","Local employees of the North Dakota Department of Human Services division of vocational rehabilitation, Tammy Froelik and Jerry Severson, have received awards for their work.
",local employees of the north dakota department of human services division of vocational rehabilitation tami froelich and jerry severson have received awards for their work,local employees of the north dakota department of human services division of vocational rehabilitation tammy froelik and jerry severson have received awards for their work
yoruba,general,"As the sub-theme is sustainability, there will also be locally sourced produce that promotes wellness and sustainably.
","As the sub-theme is sustainability, there will also be locally sourced produce that promotes wellness and sustainability.",as the sub theme is sustainability there will also be locally sourced produce that promotes wellness and sustainably,as the sub theme is sustainability there will also be locally sourced produce that promotes wellness and sustainability
yoruba,general,"Nzubechukwu Dahunsi is a 52 yo male admitted yesterday to Ikot-Abasi TSICU after falling down the stairs in the setting of alcohol intoxication.
","Unsubetrichukwu Taon says the 53-year-old Neil admitted yesterday to Ikotai-Abasi to CSU after falling down the stairs in the setting of alcohol intoxication.
",nzubechukwu dahunsi is a 52 yo male admitted yesterday to ikot abasi tsicu after falling down the stairs in the setting of alcohol intoxication,unsubetrichukwu taon says the 53 year old neil admitted yesterday to ikotai abasi to csu after falling down the stairs in the setting of alcohol intoxication
yoruba,general,"The United Arab Emirates President Sheikh Khalifa bin Zayed Al-Nahyan died aged 73 on Friday, state media said, after battling illness for several years.
","The United Arab Emirates President Sheikh Khalifa bin Zayed al-Nayan died aged 73 on Friday, state media said, after batting illness for several years.
",the united arab emirates president sheik khalifa bin zayed al nahyan died aged 73 on friday state media said after battling illness for several years,the united arab emirates president sheik khalifa bin zayed al nayan died aged 73 on friday state media said after batting illness for several years
yoruba,general,"The survey hopes to understand the type of creative works people use, how and when they access it, what they look for, and how much creative work has been generated over the last five years.
","The survey hopes to understand the type of creative works people use, how and when they assess it, what they look for, and how much creative work has been generated over the last five years.
",the survey hopes to understand the type of creative works people use how and when they access it what they look for and how much creative work has been generated over the last 5 years,the survey hopes to understand the type of creative works people use how and when they assess it what they look for and how much creative work has been generated over the last 5 years
yoruba,general,"DiamondXtra Season 14 promo: Access Bank sets aside  N270m rewards for loyal customers
","Diamond Extracted in 14th Promo, As the bank set aside 270 million Naira Rewards for loyal customers
",diamondxtra season 14 promo access bank sets aside n 270 m rewards for loyal customers,diamond extracted in 14th promo as the bank set aside 270000000 naira rewards for loyal customers
yoruba,clinical,Sickle cell/hemoglobin H disease.,Cycocel   HG Hd,sickle cell hemoglobin h disease,cycocel hg hd
yoruba,general,"The chairman said the PTF was escalating its surveillance and testing drive to ensure containment of the virus ahead of Christmas season for the safety and health of the citizens.
","The chairman said the BTF was escalating its surveillance and testing drive to ensure containment of the virus ahead of Christmas season for the safety and health of the citizens.
",the chairman said the ptf was escalating its surveillance and testing drive to ensure containment of the virus ahead of christmas season for the safety and health of the citizens,the chairman said the btf was escalating its surveillance and testing drive to ensure containment of the virus ahead of christmas season for the safety and health of the citizens
yoruba,general,"INEC Lists Five Challenges Ahead Of 2023 Elections
","Eineck list 5 challenges ahead of 2023 elections
",inec lists 5 challenges ahead of 2023 elections,eineck list 5 challenges ahead of 2023 elections
yoruba,clinical,There may be limitation of condylar movement.,There may be limitation of condylar movement.,there may be limitation of condylar movement,there may be limitation of condylar movement
yoruba,general,Much like you feel about theirs.,"Much like you feel about this.
",much like you feel about theirs,much like you feel about this
yoruba,clinical,More conspicious uptake in the left tibia which may be related to venous stasis disease.,More conspicuous uptake in the left tibia which may be related to venous tasis disease.,more conspicious uptake in the left tibia which may be related to venous stasis disease,more conspicuous uptake in the left tibia which may be related to venous tasis disease
yoruba,general,"She was transferred to Hospital Elmina for further care, as Dr Ahwoojah Appan suggested
","She was transferred to Hospital Elmina for further care, as Dr Awuja Apan suggested
",she was transferred to hospital elmina for further care as doctor ahwoojah appan suggested,she was transferred to hospital elmina for further care as doctor awuja apan suggested
yoruba,general,"The insecurity in this country has shown us how fragile we all are. Gods sanctuary was desecrated as Owo cried blood yesterday.
","The insecurity in this country has shown us how fragile we all are. God's sanctuary was persecuted as whole tribes were destroyed today.
",the insecurity in this country has shown us how fragile we all are gods sanctuary was desecrated as owo cried blood yesterday,the insecurity in this country has shown us how fragile we all are god is sanctuary was persecuted as whole tribes were destroyed today
yoruba,general,"Its time to stop settling for the status quo.
","It is time to stop settling for status quo.
",its time to stop settling for the status quo,it is time to stop settling for status quo
yoruba,clinical,s / p ventral hernia repair,S-P Vent HR,s p ventral hernia repair,s p vent hr
yoruba,clinical,"Etiology: Possibly autoimmune association. Extrahepatic biliary Possibly autoimmune association with other autoimmune diseases obstruction, biliary atresia with inflammatory  bowel disease 2.",Iteology possibly autoimmune association extraepatic biliary possibly autoimmune association with other autoimmune diseases obstruction biliary atresia with inflammatory bowel disease.,etiology possibly autoimmune association extrahepatic biliary possibly autoimmune association with other autoimmune diseases obstruction biliary atresia with inflammatory bowel disease 2,iteology possibly autoimmune association extraepatic biliary possibly autoimmune association with other autoimmune diseases obstruction biliary atresia with inflammatory bowel disease
yoruba,clinical,During a PICC line placement the patient received4 micrograms of Fentanyl after which he became apneic; 0.4 mg of Narcan were administered with the resolution of the apnea.,"During a PICC line placement, the patient received 4 micrograms of fentanyl after which he became apnic. 0.4 mg of narkin were administered with the resolution of the apnea.",during a picc line placement the patient received 4 micrograms of fentanyl after which he became apneic 0.4 mg of narcan were administered with the resolution of the apnea,during a picc line placement the patient received 4 micrograms of fentanyl after which he became apnic 0.4 mg of narkin were administered with the resolution of the apnea
yoruba,clinical,CON'T TO SUCTION THICK TAN SECRETIONS.,Continue to suction thick tan secretions.,co not to suction thick tan secretions,continue to suction thick tan secretions
yoruba,clinical,"cruziin Giemsa stained thin blood lm.
",Cruising ginsah staining thin blood IM.,cruziin giemsa stained thin blood lm,cruising ginsah staining thin blood im
yoruba,general,"She is currently working with her team to use the human-centred design approaches to co-design and co-disseminate targeted messages to improve the COVID-19 vaccine uptake among hesitant healthcare workers and eligible adults in Nigeria.
",She is currently working with her team to use the human-centred design approaches to co-design and co-disseminate targeted messages to improve the COVID-19 vaccine uptake among hesitant healthcare workers and eligible adults in Nigeria.,she is currently working with her team to use the human centered design approaches to co design and co disseminate targeted messages to improve the covid 19 vaccine uptake among hesitant healthcare workers and eligible adults in nigeria,she is currently working with her team to use the human centered design approaches to co design and co disseminate targeted messages to improve the covid 19 vaccine uptake among hesitant healthcare workers and eligible adults in nigeria
yoruba,general,Galvani invented batteries which is probably the most important thing which he has made.,Gaffani Invented batteries which is probably the most important thing which he has made.,galvani invented batteries which is probably the most important thing which he has made,gaffani invented batteries which is probably the most important thing which he has made
yoruba,clinical,"Now, Ewings sarcoma includes 3variants: (i)classic skeletal Ewings sarcomai (ii) soft tissue Ewings sarcoma and (iii) primitive neuroectodermal tumour PNET.","Now, eryngsa includes three variants, i. Classicskeletal eryngta, i. i. Softtissue eryngsa, and i. i. i. Primitive norectodermal tumor PNET.",now ewings sarcoma includes 3 variants classic skeletal ewings sarcomai soft tissue ewings sarcoma and primitive neuroectodermal tumor pnet,now eryngsa includes 3 variants i classicskeletal eryngta i i softtissue eryngsa and i i i primitive norectodermal tumor pnet
yoruba,general,On the 24hrs operations of airports,On the 24 hours operations of EPPOATS.,on the 24 hrs operations of airports,on the 24 hours operations of eppoats
yoruba,general,"His commitment to progress and advancement would be greatly missed, he said.
","His commitment to progress and advancement would be greatly mixed, he said.
",his commitment to progress and advancement would be greatly missed he said,his commitment to progress and advancement would be greatly mixed he said
yoruba,general,"Dr Nwigwe Chiege speaking. Next line. Patient has tried activity modification, physiotherapy, and analgesics with no improvment. Next line
","Dr Nwee Gwee Kyege speaking. Next line. Patient has tried activity modification, physiotherapy, and analgesics with no improvement. Next line
",doctor nwigwe chiege speaking next line patient has tried activity modification physiotherapy and analgesics with no improvment next line,doctor nwee gwee kyege speaking next line patient has tried activity modification physiotherapy and analgesics with no improvement next line
yoruba,general,"The parties further agreed to work together to successfully execute the project to international standards.
","The parties further agreed to work together to successfully execute the project on international standards.
",the parties further agreed to work together to successfully execute the project to international standards,the parties further agreed to work together to successfully execute the project on international standards
yoruba,general,Bellanaija is a media partner for The Pride Women Conference,"Bernandja is a media partner for the Bride Women Conference
",bellanaija is a media partner for the pride women conference,bernandja is a media partner for the bride women conference
yoruba,clinical,"Journal of ClinicalPsychiatry 64:1048-1056, 2003Popper CW: Antidepressants in the treatment of attention-decithyperactivity disorder.
","Journal of Clinical Psychiatry 64-1048-1056, 2003 POPUL CW, antidepressants in a treatment of attention deseed hyperactivity disorder.",journal of clinicalpsychiatry 64 1048 1056 2003 popper cw antidepressants in the treatment of attention decithyperactivity disorder,journal of clinical psychiatry 64 1048 1056 2003 popul cw antidepressants in a treatment of attention deseed hyperactivity disorder
yoruba,general,"This can restrict how the tongue moves.
",This can restrict how the tongues move.,this can restrict how the tongue moves,this can restrict how the tongues move
yoruba,clinical,This often requires sacrifice of the parent nerve.,This often requires sacrifice of the parents nerve.,this often requires sacrifice of the parent nerve,this often requires sacrifice of the parents nerve
yoruba,clinical,The family's wishes were honored and extensive efforts were made to arrange for the patient to be placed in a rehabilitation facility.,The families wishes were honoured and extensive efforts were made to arrange for the patient to be placed in a rehabilitation facility.,the family is wishes were honored and extensive efforts were made to arrange for the patient to be placed in a rehabilitation facility,the families wishes were honored and extensive efforts were made to arrange for the patient to be placed in a rehabilitation facility
yoruba,general,"The Sector Commander who described the accident as unfortunate warned motorists particularly tanker drivers to always exercise caution and obey traffic regulations while plying the roads .
","The sector commander who described the accident as unfortunate warned motorists   particularly tanker drivers  to always exercise caution and obey traffic regulations while flying the roads.
",the sector commander who described the accident as unfortunate warned motorists particularly tanker drivers to always exercise caution and obey traffic regulations while plying the roads,the sector commander who described the accident as unfortunate warned motorists particularly tanker drivers to always exercise caution and obey traffic regulations while flying the roads
yoruba,clinical,Tolerating feeds at TF of 130 and of 30 cal.,Tolerating feeds are TF of 130ccg of 30 calories.,tolerating feeds at tf of 130 and of 30 cal,tolerating feeds are tf of 130 ccg of 30 calories
yoruba,general,"Dami: No I was on my phone, chill both laughing
","Darmy colon no howers on my phone, chill both waffing
",dami no i was on my phone chill both laughing,darmy colon no howers on my phone chill both waffing
yoruba,clinical,"Total respiratory obstruction with the tracheal foreign body may occur however, respiratory distress is usually mild if present at all.","Total respiratory obstruction will trigger foreign body male core, however, respiratory distress is usually mild if present at all.",total respiratory obstruction with the tracheal foreign body may occur however respiratory distress is usually mild if present at all,total respiratory obstruction will trigger foreign body male core however respiratory distress is usually mild if present at all
yoruba,clinical,Given 2mg PO Dilaudid 2mg IV Ativan w/ good effect.,"Given 2 mg PO, dilaudid 2 mg IV at 1 with good effect.",given 2 mg po dilaudid 2 mg iv ativan w good effect,given 2 mg po dilaudid 2 mg iv at one with good effect
yoruba,clinical,The adult thyroid gland is brown in color and firm in consistency and is located posterior to the strapmuscles.,The outer thyroid gland is brown in color and firm in consistency and is located posterior to the strapped muscles.,the adult thyroid gland is brown in color and firm in consistency and is located posterior to the strapmuscles,the outer thyroid gland is brown in color and firm in consistency and is located posterior to the strapped muscles
yoruba,general,"Bilateral ear discharge of 3 days duration and fever of 3 days duration. Bilateral ear discharge was first noticed 3 days ago. Agonjobey Assooahchah has had ear syringing in the past
","PIC.twitter.com C4POE6H9BDACTOR, Content Creator and Fashion Designer, Kiki was one of many Nigerian entrepreneurs who was looking for a reliable way to grow her business when she found Prosper
",bilateral ear discharge of 3 days duration and fever of 3 days duration bilateral ear discharge was 1st noticed 3 days ago agonjobey assooahchah has had ear syringing in the past,pic twitter com c 4 poe 6 h 9 bdactor content creator and fashion designer kiki was one of many nigerian entrepreneurs who was looking for a reliable way to grow her business when she found prosper
yoruba,general,"But not all his party faithful are optimistic about how the party the governor leads is managing its affairs.
","But not all his party faithful are optimistic about how the party the Governor leads is managing its affairs.
",but not all his party faithful are optimistic about how the party the governor leads is managing its affairs,but not all his party faithful are optimistic about how the party the governor leads is managing its affairs
yoruba,clinical,24 hour urine collected and sent.,24hr urine collected and sent.,24 hour urine collected and sent,24 hr urine collected and sent
yoruba,general,"After that he preached outdoors.
","After that he preached out doors.
",after that he preached outdoors,after that he preached out doors
yoruba,clinical,TREATMENT. Pyogenic: Ultrasound or CT-guided percutaneous drainage with IV antibiotics. Operative drainage indicated if percutaneous attempts fail or cysts are multiple or loculated.,Treatments Biogenic colon ultrasound or CT-guided percutaneous drainage with IV antibiotics operative drainage indicated if percutaneous attempt fails or sits are multiple or located.,treatment pyogenic ultrasound or ct guided percutaneous drainage with iv antibiotics operative drainage indicated if percutaneous attempts fail or cysts are multiple or loculated,treatments biogenic colon ultrasound or ct guided percutaneous drainage with iv antibiotics operative drainage indicated if percutaneous attempt fails or sits are multiple or located
yoruba,clinical,Skin loss may require skin grafts.,Skin loss may require skin grafts.,skin loss may require skin grafts,skin loss may require skin grafts
yoruba,general,California has a cap of 25 percent.,California has a cap of 25%.,california has a cap of 25%,california has a cap of 25%
yoruba,general,"He ordered that the terms run concurrently.
","He ordered that the terms run concurrently.
",he ordered that the terms run concurrently,he ordered that the terms run concurrently
yoruba,clinical,Encouraging to cough and deep breath.,Encouraging to cough and deep breath.,encouraging to cough and deep breath,encouraging to cough and deep breath
yoruba,general,"There were never any official words to this song.
","There were never any official words to this song.
",there were never any official words to this song,there were never any official words to this song
yoruba,clinical,Discharge Diagnosis: PrimaryMRSA sepsis with cervical abcsess and cervica osteomyelitis as well drained paraspinal abscess in lumbar spineGram negative sepsis not fermenter not pseudomonas,"Discharge diagnosis, PRAMI MRSC, set-up, subseps, subseps, and cervical osteomyelitis, as well drained paraspinal abscess in lumbar spine, groin. Negative spices, not fermentor, not eudomonas",discharge diagnosis primarymrsa sepsis with cervical abcsess and cervica osteomyelitis as well drained paraspinal abscess in lumbar spinegram negative sepsis not fermenter not pseudomonas,discharge diagnosis prami mrsc set up subseps subseps and cervical osteomyelitis as well drained paraspinal abscess in lumbar spine groin negative spices not fermentor not eudomonas
yoruba,clinical,"However, it increases the drugs toxicity to a wide range of organs throughout the body.","However, it increases the drugstoxicity through a wide range of organs throughout the body.",however it increases the drugs toxicity to a wide range of organs throughout the body,however it increases the drugstoxicity through a wide range of organs throughout the body
yoruba,general,"If we open up the state for public-private partnership and foreign direct investment, government can generate a minimum of N10billion as IGR monthly.
","If we open up the state for public-private partnership and foreign direct investment, governments can generate a minimum of 10 billion Naira as IGR monthly.
",if we open up the state for public private partnership and foreign direct investment government can generate a minimum of n 10000000000 as igr monthly,if we open up the state for public private partnership and foreign direct investment governments can generate a minimum of 10000000000 naira as igr monthly
yoruba,clinical,There is dense retrocardiac opacity compatible with volume loss effusion infiltrate.,There is dense retrocardiac capacity compatible with volumulus effusion infiltrate.,there is dense retrocardiac opacity compatible with volume loss effusion infiltrate,there is dense retrocardiac capacity compatible with volumulus effusion infiltrate
yoruba,general,"Its also a good opportunity for us fans to let our imaginations run wild.
","Its also a good opportunity for us fans to let our imaginations run wild.
",its also a good opportunity for us fans to let our imaginations run wild,its also a good opportunity for us fans to let our imaginations run wild
yoruba,general,"The family moved to different places in Illinois when Reagan was a child.
","The family moved to different places in Helenoise when Regan was a child.
",the family moved to different places in illinois when reagan was a child,the family moved to different places in helenoise when regan was a child
yoruba,general,"There was some talk of digitalisation, migration, and economic growth, but all that was sketchy and overshadowed by the boycott.
","There was some talk of digitalization, migration, and economic growth, but all that was captured in overshadowed by the boycotts.
",there was some talk of digitalisation migration and economic growth but all that was sketchy and overshadowed by the boycott,there was some talk of digitalization migration and economic growth but all that was captured in overshadowed by the boycotts
yoruba,clinical,"e newly formed antibodiesbind with the foreignproteintoformantigen-antibodyorimmunecomplexes, which may enter the circulation and be deposited in blood vessels and in ltering organs.
",e newly formed antibodies bind with the foreign protein to form antigen antibody or immune complexes which may enter the circulation and be deposited in blood vessels and in uterine organs.,e newly formed antibodiesbind with the foreignproteintoformantigen antibodyorimmunecomplexes which may enter the circulation and be deposited in blood vessels and in ltering organs,e newly formed antibodies bind with the foreign protein to form antigen antibody or immune complexes which may enter the circulation and be deposited in blood vessels and in uterine organs
yoruba,clinical,Chronic granulomatous disease in adults.,Chronic granulomatous disease in adults.,chronic granulomatous disease in adults,chronic granulomatous disease in adults
yoruba,clinical,Menopause marks the end of a womans natural reproductive life.,"Menopause marks the end of a woman s natural reproductive life.
",menopause marks the end of a womans natural reproductive life,menopause marks the end of a woman s natural reproductive life
yoruba,general,"It reaches a total length of convert.
","It reaches a total length of comat.
",it reaches a total length of convert,it reaches a total length of comat
yoruba,general,"Meanwhile, the governors are in hot pursuit of higher personal goals to feather their political nests.
","Meanwhile, the Governors are in hot pursuit of higher personal goals to further their politicalness.
",meanwhile the governors are in hot pursuit of higher personal goals to feather their political nests,meanwhile the governors are in hot pursuit of higher personal goals to further their politicalness
yoruba,general,"More worrying, especially for proponents of the presidential system, is that this might mark the first step towards the USA moving away from democracy.
","More worrying, especially for proponents of the presidential system, is that this might mark the first step towards the USA moving away from democracy.
",more worrying especially for proponents of the presidential system is that this might mark the 1st step towards the usa moving away from democracy,more worrying especially for proponents of the presidential system is that this might mark the 1st step towards the usa moving away from democracy
yoruba,general,"Does they include people like the governor of Bauchi State and one of his predecessors, Alhaji Isa Yuguda among others who held that Fulani herdsmen could carry arms?
","Does they include people like the Governor of Bauchi State and one of his predecessors, Alhaji Isayeguda among others who held that Fulani heads men could carry arms?
",does they include people like the governor of bauchi state and one of his predecessors alhaji isa yuguda among others who held that fulani herdsmen could carry arms,does they include people like the governor of bauchi state and one of his predecessors alhaji isayeguda among others who held that fulani heads men could carry arms
yoruba,clinical,GI: ABD SOFT NT/ND W/+HYPOACTIVE BS.,Gastrointestinal abdomen soft non-tender non-distended with positive hypoactive bowel sound.,gi abd soft nt nd w hypoactive bs,gastrointestinal abdomen soft non tender non distended with positive hypoactive bowel sound
yoruba,general,"During the brunch, AMVCA organisers also announced that Kenyan Jacktone Alufwani had won the first AMVCA Digital Creators Competition.
","During the brunch, AMVCA organizers also announced that Kenya Jactoni Alufwane had won the first AMVCA digital creators competition.
",during the brunch amvca organizers also announced that kenyan jacktone alufwani had won the 1st amvca digital creators competition,during the brunch amvca organizers also announced that kenya jactoni alufwane had won the 1st amvca digital creators competition
yoruba,clinical,Ninquay pt still requires both mask and prongs to amintain sats of 95-99 % drop to 88-93 when face thent is off.,Ninque patients too requires both mask and prong to maintain sat of 95-99% drop to 88-93 when face thent is off.,ninquay pt still requires both mask and prongs to amintain sats of 95 99 drop to 88 93 when face thent is off,ninque patients too requires both mask and prong to maintain sat of 95 99% drop to 88 93 when face thent is off
yoruba,general,"He is not on any medication, he is a student, does not smoke cigarette not takes alcohol. next line. Assessment: Malaria. Next line. Signed: Dr Bankolay Marcoo
","He is not on any medication, he is a student, does not smoke cigarette not takes alcohol. next line. Assessment colon Malaria. Next line. Signed colon Dr. Vancolay Maku",he is not on any medication he is a student does not smoke cigarette not takes alcohol next line assessment malaria next line signed doctor bankolay marcoo,he is not on any medication he is a student does not smoke cigarette not takes alcohol next line assessment colon malaria next line signed colon doctor vancolay maku
yoruba,clinical,ventral respiratory group 19.,Venture respiratory group NITIN.,ventral respiratory group 19,venture respiratory group nitin
yoruba,general,I shot one of my friend’s killers to avenge his death  —Attempted murder suspect,I shoot one of my friend's killers to avenge his death  having attempted murder suspect.,i shot one of my friend s killers to avenge his death attempted murder suspect,i shoot one of my friend is killers to avenge his death having attempted murder suspect
yoruba,general,"Tony Skole , head baseball coach at East Tennessee State University
","Tony School, Head Baseball Coach at East Tennis State University
",tony skole head baseball coach at east tennessee state university,tony school head baseball coach at east tennis state university
yoruba,general,"Granted were getting used to it, but there are no divas on this set, he explained.
","Granted we are getting used to it, but there are no divas and this set, he explained.
",granted were getting used to it but there are no divas on this set he explained,granted we are getting used to it but there are no divas and this set he explained
yoruba,general,"Dr Ubochioma Ireti speaking. Next line. Chief complaint: next line. Low back Pain started 22 weeks ago radiating to his left foot. Next line
","Dr Nbonchioma Iretis speaking. Next line. Chief complaint, Lens Nye. Low back pain 2222 weeks ago radiating to his left foot. Next line
",doctor ubochioma ireti speaking next line chief complaint next line low back pain started 22 weeks ago radiating to his left foot next line,doctor nbonchioma iretis speaking next line chief complaint lens nye low back pain 2222 weeks ago radiating to his left foot next line
yoruba,clinical,"""Chinazo: 30 Capsule, Sust. Release 24HRs""",Chinazole 30 CAPSULE Sustained Release 24Hrs.,chinazo 30 capsule sust release 24 hrs,chinazole 30 capsule sustained release 24 hrs
yoruba,general,"Dr. Izundu Oluchi thinks pt Eluma is stable enough to go home.
",Dr. Tott Izuemdu Oluuchi thinks Pt Elumma is stable enough to go home.,doctor izundu oluchi thinks pt eluma is stable enough to go home,doctor tott izuemdu oluuchi thinks pt elumma is stable enough to go home
yoruba,clinical,"Oncemalignancy, drug-induced, and infectious etiologies are ruled out, treatment of the retroperitoneal fibrotic process is instituted.
",Most malignancy drug adduce artifactus ethylgias are ruled out that the treatment of the uteropilatory fibroidus process is instituted.,oncemalignancy drug induced and infectious etiologies are ruled out treatment of the retroperitoneal fibrotic process is instituted,most malignancy drug adduce artifactus ethylgias are ruled out that the treatment of the uteropilatory fibroidus process is instituted
yoruba,clinical,Keppra 20 Hospital Chubunna.,"Kepra-20 Hospital Chubunna
",keppra 20 hospital chubunna,kepra 20 hospital chubunna
yoruba,general,"Youll step into the octagon against digital renditions of all your favorite mixed martial artists, whether one of those dangerous men and women or in your own asskicking skin.
","Youll step into the octagon against digital renditions of all your favourite mixed martial artists, whether one of those dangerous men and women or in your own ass kicking skin.
",youll step into the octagon against digital renditions of all your favorite mixed martial artists whether one of those dangerous men and women or in your own asskicking skin,youll step into the octagon against digital renditions of all your favorite mixed martial artists whether one of those dangerous men and women or in your own ass kicking skin
yoruba,general,"Since oil demand is so low now, the price has plummeted and we had a near two rand drop per litre last night.
","Since oil demand is so low now, the price has plummeted and we had a near-to-run drop per litre last night.
",since oil demand is so low now the price has plummeted and we had a near 2 rand drop per liter last night,since oil demand is so low now the price has plummeted and we had a near to run drop per liter last night
yoruba,clinical,Uterine palpation through the abdominal wall is repeated at frequent intervals during the immediate postpartum period to prevent and or identify uterine atony.,Uterine palpation through the abdominal wall is repeated at frequent intervals during the immediate postpartum period to prevent and or identify uterine atony.,uterine palpation through the abdominal wall is repeated at frequent intervals during the immediate postpartum period to prevent and or identify uterine atony,uterine palpation through the abdominal wall is repeated at frequent intervals during the immediate postpartum period to prevent and or identify uterine atony
yoruba,general,Emefiele the tortoise wants to marry  the Kings daughter,"MFA the third highest ones to marry the king's daughter
",emefiele the tortoise wants to marry the kings daughter,mfa the 3rd highest ones to marry the king is daughter
yoruba,clinical,"Extremities revealed 2+ femoral pulses bilaterally, 1+ dorsalis pedis pulses bilaterally .","Extremities revealed normal femoral pulses bilaterally, decreased dorsal spedis pulses bilaterally.",extremities revealed 2 femoral pulses bilaterally one dorsalis pedis pulses bilaterally,extremities revealed normal femoral pulses bilaterally decreased dorsal spedis pulses bilaterally
yoruba,general,"Here is a 22 yr old food poisoning patient Chukwuemeka Babangida who presented to clinic at 11am this morning
",Here is a 22 year old food poisoning patient Shukwemeka Babangida who presented her clinic at 11 am this morning.,here is a 22 yr old food poisoning patient chukwuemeka babangida who presented to clinic at 11 am this morning,here is a 22 year old food poisoning patient shukwemeka babangida who presented her clinic at 11 am this morning
yoruba,general,"Nanjing does not own the Rover name, so the Austin name is the most recent it has to use for its mainstream mass market cars.
","Nangin does not own the Rover name, so the Austin name is the most recent it has to use for its mainstream mass market cars.
",nanjing does not own the rover name so the austin name is the most recent it has to use for its mainstream mass market cars,nangin does not own the rover name so the austin name is the most recent it has to use for its mainstream mass market cars
yoruba,general,"If the body is still not well take one per day for a few more weeks if needed, but not for a longer period.","If the body is not well take one per day for a few more weeks if needed, but not for a longer period.",if the body is still not well take one per day for a few more weeks if needed but not for a longer period,if the body is not well take one per day for a few more weeks if needed but not for a longer period
yoruba,general,"Knowing all these languages gives him the advantage of singing in different languages and a wide range of audiences.18.
",Knowing all these languages gives him the advantage of singing in different languages a wide range of audiences in tune.,knowing all these languages gives him the advantage of singing in different languages and a wide range of audiences.18,knowing all these languages gives him the advantage of singing in different languages a wide range of audiences in tune
yoruba,general,"This is a hard time to be positive about the future but we see very good things ahead, Ceze said.","This is a hard time to be positive about the future but we see very good things ahead, said Fostor.",this is a hard time to be positive about the future but we see very good things ahead ceze said,this is a hard time to be positive about the future but we see very good things ahead said fostor
yoruba,clinical,"SOLUTION, INTRAMUSCULAR HYDROXYPROGESTERONE CAPROATE, HYDROXYPROGESTERONE CAPROATE, 1250MG/5ML (250MG/ML)","SOLUTION, INTRAMUSCULAR HYDROXYPROGESTERONE CAPRO8, HYDROXYPROGESTERONE CAPRO8, 1250MGP5ML. Open bracket, 250MGPML. Close bracket",solution intramuscular hydroxyprogesterone caproate hydroxyprogesterone caproate 1250 mg 5 ml,solution intramuscular hydroxyprogesterone capro 8 hydroxyprogesterone capro 8 1250 mgp 5 ml open bracket 250 mgpml close bracket
yoruba,clinical,"Monitor electrolytes for signs of hypokalemia, base metabolic acidosis signs of ischemia.","Monitor electrolytes for signs of hypokalemia, based on sit metabolic acidosis signs of ischemia.",monitor electrolytes for signs of hypokalemia base metabolic acidosis signs of ischemia,monitor electrolytes for signs of hypokalemia based on sit metabolic acidosis signs of ischemia
yoruba,general,"The new project is aptly named ARTFORM, and located south of Square One in Mississauga.","The new project is aptly named  Artform, and located south of Square One in Misih Sauga.",the new project is aptly named artform and located south of square one in mississauga,the new project is aptly named artform and located south of square one in misih sauga
yoruba,general,"Football enthusiast, Kelechi Anyikude, tells us about his love for Arsenal Football Club and how he supports the team while showcasing his Nigerian culture.
","Football enthusiast, Kilechi Ali Kude, tells us about his love for Arsenal football club and how he supports the team while showcasing his Nigerian culture.
",football enthusiast kelechi anyikude tells us about his love for arsenal football club and how he supports the team while showcasing his nigerian culture,football enthusiast kilechi ali kude tells us about his love for arsenal football club and how he supports the team while showcasing his nigerian culture
yoruba,general,"Primary and secondary schools
",Primary and secondary schools.,primary and secondary schools,primary and secondary schools
yoruba,general,"The successes a company records are the ones encouraged by its leaders, while the failures it experiences are the ones permitted by the leaders.
","The success is accompanied by records that they once encouraged by its leaders, while the failures are the experiences that they once presented by the leaders.
",the successes a company records are the ones encouraged by its leaders while the failures it experiences are the ones permitted by the leaders,the success is accompanied by records that they once encouraged by its leaders while the failures are the experiences that they once presented by the leaders
yoruba,general,Nollywood actress Emilia Dike is dead,Nolwood address Emilia Dike is dead.,nollywood actress emilia dike is dead,nolwood address emilia dike is dead
yoruba,general,"Sanders, a self-described democratic socialist, still faces questions from some Democrats about whether he would damage the party in the general election.","Sanders, a self-described democratic socialist, still faces questions from some Democrats about whether he would damage the party in the general election.
",sanders a self described democratic socialist still faces questions from some democrats about whether he would damage the party in the general election,sanders a self described democratic socialist still faces questions from some democrats about whether he would damage the party in the general election
yoruba,general,"The remaining public programs and events in March and April have also either been canceled or postponed.
","The remaining public programs and events in March and April have also either been cancelled or postponed.
",the remaining public programs and events in march and april have also either been canceled or postponed,the remaining public programs and events in march and april have also either been canceled or postponed
yoruba,general,"Therell be live music from 10am to noon by the Non Prophets, a group of singers and pickers whose repertoire ranges from folk and rock to bluegrass and Americana.","There will be live music from 10am to noon by the non-prophets, a group of singers and pickers who portrait ranges from folks and rockstool, bluegrass and americana.",therell be live music from 10 am to noon by the non prophets a group of singers and pickers whose repertoire ranges from folk and rock to bluegrass and americana,there will be live music from 10 am to noon by the non prophets a group of singers and pickers who portrait ranges from folks and rockstool bluegrass and americana
yoruba,clinical,COMMUNICATING WELL BY MOUTHING WORDS TO COMMUNICATE NEEDS.,Communicated well by mouthing words to communicate needs.,communicating well by mouthing words to communicate needs,communicated well by mouthing words to communicate needs
yoruba,general,"Dr Boluwatife Chimsinafogoziem speaking. Next line. Pain is worse with sitting, standing, and walking. Patient Kamsiyochukwu has tried analgesic medication. Next line
","Dr Boluatife Chimsidevo Gozin speaking next line pain is worse with sitting, standing, and walking. Patient Kamsoyojuku has tried analgesic medication next line
",doctor boluwatife chimsinafogoziem speaking next line pain is worse with sitting standing and walking patient kamsiyochukwu has tried analgesic medication next line,doctor boluatife chimsidevo gozin speaking next line pain is worse with sitting standing and walking patient kamsoyojuku has tried analgesic medication next line
yoruba,general,Makeup: glowwithlilian,"Makeup colon glow with Lidia
",makeup glowwithlilian,makeup colon glow with lidia
yoruba,general,"Compensation is monetary and non-monetary, and while some companies pay in the form of money, others pay in the form of products, tickets and access to events.","Compensation is monetary and non-monetary, and while some companies pay in the form of money, other pay in the form of product, ticket and access to events.",compensation is monetary and non monetary and while some companies pay in the form of money others pay in the form of products tickets and access to events,compensation is monetary and non monetary and while some companies pay in the form of money other pay in the form of product ticket and access to events
yoruba,general,"Chunky Straight Back Braids on the 2021 cover of  SELF MagazineThe Vice President said, Im announcing that Ill be running for Presidency under the All Progressives Congress, APC.
","Chunky straight back braids on the 2021 cover of self-maxing device President said, Im announcing that Ill be running for presidency under the All Progressives Congress, APC.
",chunky straight back braids on the 2021 cover of self magazinethe vice president said im announcing that ill be running for presidency under the all progressives congress apc,chunky straight back braids on the 2021 cover of self maxing device president said im announcing that ill be running for presidency under the all progressives congress apc
yoruba,clinical,Pt taken to CT for head scan this without incident.,Patient taken to the CT for head scan this morning without incident.,pt taken to ct for head scan this without incident,patient taken to the ct for head scan this morning without incident
yoruba,clinical,Wean from radiant warmer--maintain swaddled.,Wing from radiant warmer Maintain swaddled.,wean from radiant warmer maintain swaddled,wing from radiant warmer maintain swaddled
yoruba,general,"Glucose can also be converted into other compounds for growth and reproduction e.g. cellulose, nectar, fructose, amino acids and fats.
","Glucose can also be converted into other compounds for growth and reproduction, e.g. cellulose, nectar, fructose, amino acids and fats.",glucose can also be converted into other compounds for growth and reproduction e g cellulose nectar fructose amino acids and fats,glucose can also be converted into other compounds for growth and reproduction e g cellulose nectar fructose amino acids and fats
yoruba,clinical,An intraoperative cholangiogram at the time of cholecystectomy will also document the presence or absence of bile duct stones43 Fig.,An intraoperative cholangiogram at the time of course at Stettiaeumi will also document the presence or absence of biodod stones 43 Fig.,an intraoperative cholangiogram at the time of cholecystectomy will also document the presence or absence of bile duct stones 43 fig,an intraoperative cholangiogram at the time of course at stettiaeumi will also document the presence or absence of biodod stones 43 fig
yoruba,clinical,"Poisoning by other primarily systemic and hematological agents, accide. TABLET, ORAL-28 ZOVIA 1/35E-28, ETHINYL ESTRADIOL; ETHYNODIOL DIACETATE, 0.035MG;1MG. Other injury of intrinsic muscle, fascia and tendon of other finger at","Poisoning by other family systemic hematological agents, acides. TABLET, ORAL 28 ZOVIA, 1-35E-28. Etinil extra-dol Etinol draw, di-citrate 0.035MG, 1MG. Other injury of insteutic muscle, fascia and tendon",poisoning by other primarily systemic and hematological agents accide tablet oral 28 zovia one 35 e 28 ethinyl estradiol ethynodiol diacetate 0.035 mg one mg other injury of intrinsic muscle fascia and tendon of other finger at,poisoning by other family systemic hematological agents acides tablet oral 28 zovia one 35 e 28 etinil extra dol etinol draw di citrate 0.035 mg one mg other injury of insteutic muscle fascia and tendon
yoruba,general,"Leeches suck blood from the foot of a patient during a leech therapy session on a roadside in Srinagar, the summer capital of Indian Kashmir, 21 March 2017.
","Lichies suck blood from the foot of a patient during a lute therapy session on a roadside in Srinagar, the Somer capital of Indian Kashmir, 21 March 2017.
",leeches suck blood from the foot of a patient during a leech therapy session on a roadside in srinagar the summer capital of indian kashmir 21 march 2017,lichies suck blood from the foot of a patient during a lute therapy session on a roadside in srinagar the somer capital of indian kashmir 21 march 2017
yoruba,general,"When they dont work, either a government intervention or some other institutional solution has to be put in place.
","When they dont work, either a government intervention or some other institutional solution has to be put in place.
",when they dont work either a government intervention or some other institutional solution has to be put in place,when they dont work either a government intervention or some other institutional solution has to be put in place
yoruba,general,"Mr and Mrs Dabira strive to provide their family in Dutse a balanced diet.
","Mr and Mrs. Dabiras strive to provide their family in Duce a balanced diet.
",mister and missus dabira strive to provide their family in dutse a balanced diet,mister and missus dabiras strive to provide their family in duce a balanced diet
yoruba,general,"The patient Barrah owns business in Hospital Lookarday a clothing store and a limousine business in Salaga
","The patient Bara owns business in Hospital Lukade a clothing store and a limousine business in Salaga
",the patient barrah owns business in hospital lookarday a clothing store and a limousine business in salaga,the patient bara owns business in hospital lukade a clothing store and a limousine business in salaga
yoruba,general,"But they sort of go as far as they can, and they really stretch and grow.","Bet the sort of goal as far as they can, and they really stretch and grow.
",but they sort of go as far as they can and they really stretch and grow,bet the sort of goal as far as they can and they really stretch and grow
yoruba,general,"Times change what worked at a time will not work at all times.
",Such things what worked at the time will not work at all times.,times change what worked at a time will not work at all times,such things what worked at the time will not work at all times
yoruba,clinical,Patient denies night sweats in the past month .,Pt denies night sweats in the past month.,patient denies night sweats in the past month,pt denies night sweats in the past month
yoruba,clinical,episode of indigestion last nite NSICU resident called and pt given maalox w/ relief.,Episode of indigestion last night NSICU resident called and pt given malox with relief.,episode of indigestion last nite nsicu resident called and pt given maalox w relief,episode of indigestion last night nsicu resident called and pt given malox with relief
yoruba,general,"It used to be too precious and was only to be worn on special occasions, but now its about stacking, layering, mixing heritage brands with young designers and expressing your unique style, she said.
","It is to be too precious and was only to be worn on special occasions, but now its about stacking, layering, mixing heritage brands with young designers and expressing your unique style, she said.
",it used to be too precious and was only to be worn on special occasions but now its about stacking layering mixing heritage brands with young designers and expressing your unique style she said,it is to be too precious and was only to be worn on special occasions but now its about stacking layering mixing heritage brands with young designers and expressing your unique style she said
yoruba,general,"The city has until 2021 to adopt a plan so that it can receive state funding to implement it.
","The city asked until 2021 to adopt the plan so that it can receive state funding to implement it.
",the city has until 2021 to adopt a plan so that it can receive state funding to implement it,the city asked until 2021 to adopt the plan so that it can receive state funding to implement it
yoruba,general,"The roadrunner is an opportunistic omnivore.
","The Royal Drawner is an opportunistic hominivul.
",the roadrunner is an opportunistic omnivore,the royal drawner is an opportunistic hominivul
yoruba,general,"CLAIM and counter claim continues to be levelled by farmers concerning a controversial annual general meeting of Clare Beef Plan, which was held in the Auburn Lodge Hotel last January.
","Claim and counterclaim continues to be levied by farmers concerning a controversial annual general meeting of clear beef plan, which was held in the urban Lodge Hotel last January.
",claim and counter claim continues to be leveled by farmers concerning a controversial annual general meeting of clare beef plan which was held in the auburn lodge hotel last january,claim and counterclaim continues to be levied by farmers concerning a controversial annual general meeting of clear beef plan which was held in the urban lodge hotel last january
yoruba,clinical,261-280 mg / dL 17 Units,261-280 mg per dL 17 units.,261 280 mg dl 17 units,261 280 mg per dl 17 units
yoruba,general,"Some of them thought Twitter was fine the way it was being run, and did not need some billionaire-saviour to come salvage it from destruction.
","Some of them thought Twitter was fine the way it was being run, and did not need some bilinear-savvy to come survey it from destruction.
",some of them thought twitter was fine the way it was being run and did not need some billionaire savior to come salvage it from destruction,some of them thought twitter was fine the way it was being run and did not need some bilinear savvy to come survey it from destruction
yoruba,general,"When His Lordship, the Bishop, spoke about some of my travails, he didnt remember to say that I was kidnapped in the year 2000 at Onu Asata in Enugu metropolis and was taken to Anambra State.
","When his lordship, the bishop, spoke about some of my travels, he didnt remember to say that I was kidnapped in the year 2000 at Ono Asata in Enugu Metropolis and was taken to Anambra State.
",when his lordship the bishop spoke about some of my travails he didnt remember to say that i was kidnapped in the year 2000 at onu asata in enugu metropolis and was taken to anambra state,when his lordship the bishop spoke about some of my travels he didnt remember to say that i was kidnapped in the year 2000 at ono asata in enugu metropolis and was taken to anambra state
yoruba,clinical,"Even if there is no airway obstruction on presentation, it may develop after you operate and drain the pus.","Even if there is no airway obstruction on presentation, it may develop air you operate and drain that pus.",even if there is no airway obstruction on presentation it may develop after you operate and drain the pus,even if there is no airway obstruction on presentation it may develop air you operate and drain that pus
yoruba,general,"Well, we will get the full gist tomorrow.
","Well, we will get the food just tomorrow.
",well we will get the full gist tomorrow,well we will get the food just tomorrow
yoruba,clinical,Arthroscopic treatment of cam-type femoroacetabular impingement: preliminary report at 2 years minimum follow-up.,"Athroscopic treatment of CAM-type femoral acetabular impingement, preliminary report at 2 years minimum. Follow-up.",arthroscopic treatment of cam type femoroacetabular impingement preliminary report at 2 years minimum follow up,athroscopic treatment of cam type femoral acetabular impingement preliminary report at 2 years minimum follow up
yoruba,clinical,No fracture and normal alignment of the cervical spine.,No fracture and normal alignment of the cervical spine.,no fracture and normal alignment of the cervical spine,no fracture and normal alignment of the cervical spine
yoruba,clinical,"TABLET, ORAL BACLOFEN, BACLOFEN, 10MG","TABLET, ORAL BACLOPHEN, BACLOPHEN, 10MG",tablet oral baclofen baclofen 10 mg,tablet oral baclophen baclophen 10 mg
yoruba,clinical,Cone beam CT CBCT can restrict the radiation dose and give very clear local information as regards integrity of surrounding bone.,"Conbeam CT, CBCT can restrict the radiation dose and give very clear local information as regards integrity of surrounding bone.",cone beam ct cbct can restrict the radiation dose and give very clear local information as regards integrity of surrounding bone,conbeam ct cbct can restrict the radiation dose and give very clear local information as regards integrity of surrounding bone
yoruba,general,"The football teams have played against each other almost every year since 1878.
","The football teams have played against each other almost every year since 1878.
",the football teams have played against each other almost every year since 1878,the football teams have played against each other almost every year since 1878
yoruba,general,"Esther laughed while promising to do so.
","Ester left while promising to do so.
",esther laughed while promising to do so,ester left while promising to do so
yoruba,general,"Margif, in his acceptance speech after being declared winner, said he is convinced that he will be the next Governor of Plateau State after Lalong, saying the party will work together to ensure the success of the election come 2023.","Magif, in his acceptance speech after being declared winner, said he is convinced that he will be the next Governor of Plainto State after Lalong, saying the party will work together to ensure the success of the election come 2023.
",margif in his acceptance speech after being declared winner said he is convinced that he will be the next governor of plateau state after lalong saying the party will work together to ensure the success of the election come 2023,magif in his acceptance speech after being declared winner said he is convinced that he will be the next governor of plainto state after lalong saying the party will work together to ensure the success of the election come 2023
yoruba,general,Patient Ebiaga Bamiro chief complaint started 5 days ago and lasted for five hours,Pt Ibiaba Bamiror Chief complaint started 5 days ago and lasted for 5 hours.,patient ebiaga bamiro chief complaint started 5 days ago and lasted for 5 hours,pt ibiaba bamiror chief complaint started 5 days ago and lasted for 5 hours
yoruba,general,"Lassa fever, syphilis, gonorrhea, diarrhoea and COVID-19 are endemic diseases - Dr. Jabeka Phillip in his Makindu interview
","Larsophipha, syphilis, gonorrhoea, diarrhea and covenanting are endemic to ceases Dr. Jabeca Villepin's Macindoe interview
",lassa fever syphilis gonorrhea diarrhea and covid 19 are endemic diseases doctor jabeka phillip in his makindu interview,larsophipha syphilis gonorrhea diarrhea and covenanting are endemic to ceases doctor jabeca villepin is macindoe interview
yoruba,general,"While performing Yope song, the newly crowned 2019 African Player of the Year Sadio Mane could not help but joined Diamond on the dance floor a situation which highly sparked the entire occasion.
","While performing Yoppsong, the newly crowned 2019 Africa Player of the Year Saidiomane could not help but join Diamond on the Stance floor a situation which highly sparked the internal occasion.
",while performing yope song the newly crowned 2019 african player of the year sadio mane could not help but joined diamond on the dance floor a situation which highly sparked the entire occasion,while performing yoppsong the newly crowned 2019 africa player of the year saidiomane could not help but join diamond on the stance floor a situation which highly sparked the internal occasion
yoruba,clinical,"24,  The implementation of the Comprehensive Unit-Based Safety Program CUSP,  involves measurement of a units safety culture prior, to starting the program, and inclusion of hospital management from the start.","2014 The implementation of the Comprehensive Unit Based Safety Programms to the USP involves measurement of the unit safety culture prior to starting the program and inclusion of a safety management staff.
",24 the implementation of the comprehensive unit based safety program cusp involves measurement of a units safety culture prior to starting the program and inclusion of hospital management from the start,2014 the implementation of the comprehensive unit based safety programms to the usp involves measurement of the unit safety culture prior to starting the program and inclusion of a safety management staff
yoruba,general,"In a short span of his acting career, he became a most popular actor worldwide.
","In a short span of his acting career, he became the most popular actor worldwide.
",in a short span of his acting career he became a most popular actor worldwide,in a short span of his acting career he became the most popular actor worldwide
yoruba,general,19th - century accounts,"19th-century accounts
",19th century accounts,19th century accounts
yoruba,general,"Mr Macaroni tweeted, Just reading that St Francis Church in Ondo State has been attacked Multiple people have been killed Im not even sure of the numbers.
","Mr. MacLaurine tweeted, I just read it and said Francis Church in Yondosate has been attacked multiple people have been killed not even sure of the numbers
",mister macaroni tweeted just reading that saint francis church in ondo state has been attacked multiple people have been killed im not even sure of the numbers,mister maclaurine tweeted i just read it and said francis church in yondosate has been attacked multiple people have been killed not even sure of the numbers
yoruba,clinical,C.diff contact precautions now in place.,C- Different contact precautions now in place.,c diff contact precautions now in place,c different contact precautions now in place
yoruba,general,"K12 had a net margin of 4.06 and a return on equity of 6.92.
",NATOGENOUS 4.06 AND A RETURN ON EQUITY OF 6.92 F.,k 12 had a net margin of 4.06 and a return on equity of 6.92,natogenous 4.06 and a return on equity of 6.92 f
yoruba,clinical,Font sl full but soft.,Frontanel SL full but soft.,font sl full but soft,frontanel sl full but soft
yoruba,clinical,"Stiffness of right wrist, not elsewhere classified. CAPSULE, ORAL CLOXACILLIN SODIUM, CLOXACILLIN SODIUM, EQ 250MG BASE. Other osteoporosis with current pathological fracture, left lower leg,","Stiffness of right wrist, not elsewhere classified. CAPSULE, ORAL CLOXASILINE SODIUM, CLOXASILINE SODIUM, EQ 250MG BASE. Other osteoporosis with current pathological fracture, left lower leg",stiffness of right wrist not elsewhere classified capsule oral cloxacillin sodium cloxacillin sodium eq 250 mg base other osteoporosis with current pathological fracture left lower leg,stiffness of right wrist not elsewhere classified capsule oral cloxasiline sodium cloxasiline sodium eq 250 mg base other osteoporosis with current pathological fracture left lower leg
yoruba,clinical,NEUROLOGICAL: Slightly hypotonic with decreased spontaneous movements.,Neurological  Slightly hypotonic with decreased spontaneous movements.,neurological slightly hypotonic with decreased spontaneous movements,neurological slightly hypotonic with decreased spontaneous movements
yoruba,clinical,"Parastomal hernia with obstruction, without gangrene. INJECTABLE, INJECTION TOBRAMYCIN SULFATE IN SODIUM CHLORIDE 0.9% IN PLASTIC CONTAINER, TOBRAMYCIN SULFATE, EQ 80MG BASE/100ML. Other fractures of lower end of right radius, subsequent encounter for","Parastomal hernia with obstruction without gangrene. INJECTABLE, INJECTION TORBRAMICIN SULFATE IN SODIUM CHLORIDEA, 0.9% IN PLASTIC CONTAINER. TORBRAMICIN SULFATE, EQ 80MG BASE per 100ML. Other fractures of lower end of right radius, subsequent encount for",parastomal hernia with obstruction without gangrene injectable injection tobramycin sulfate in sodium chloride 0.9% in plastic container tobramycin sulfate eq 80 mg base 100 ml other fractures of lower end of right radius subsequent encounter for,parastomal hernia with obstruction without gangrene injectable injection torbramicin sulfate in sodium chloridea 0.9% in plastic container torbramicin sulfate eq 80 mg base per 100 ml other fractures of lower end of right radius subsequent encount for
yoruba,general,"Harrison paid a high financial, emotional and professional cost after going public but says she has since managed to rebuild her life, both personally and professionally.","Arising PD i Financial, Emotional and Professional Costs After Going Public but Since She Assist Managed To Rebuild Her Life, but Personally and Professionally.
",harrison paid a high financial emotional and professional cost after going public but says she has since managed to rebuild her life both personally and professionally,arising pd i financial emotional and professional costs after going public but since she assist managed to rebuild her life but personally and professionally
yoruba,general,Summer training courses  2012,"Somertrainings consists 2012
",summer training courses 2012,somertrainings consists 2012
yoruba,clinical,"This definition allows for a diagnosis of abnormal labor and, thus, for appropriate management, as discussed in the next chapter.","This denition allows for a diagnosis of abnormal labor and, thus, for appropriate management, as discussed in the next chapter.",this definition allows for a diagnosis of abnormal labor and thus for appropriate management as discussed in the next chapter,this denition allows for a diagnosis of abnormal labor and thus for appropriate management as discussed in the next chapter
yoruba,clinical,"Custom-designed medications such as Alvogyl, which contains a topical anaesthetic, and iodoform and eugenol may also be used to treat dry socket.","Custom-designed medications such as evo-geo, which contains a topical anaesthetic, aniodoform, and euloginol may also be used to treat dry sockets.",custom designed medications such as alvogyl which contains a topical anesthetic and iodoform and eugenol may also be used to treat dry socket,custom designed medications such as evo geo which contains a topical anesthetic aniodoform and euloginol may also be used to treat dry sockets
yoruba,general,"The Ledge will sit roughly 5,000 people, with a few VIP seating areas, and draw about 15-20 national acts every year.
","The ledge will sit roughly 5,000 people, with a few VIP sitting areas, and draw about 15-20 National Arts every year.
",the ledge will sit roughly 5000 people with a few vip seating areas and draw about 15 20 national acts every year,the ledge will sit roughly 5000 people with a few vip sitting areas and draw about 15 20 national arts every year
yoruba,clinical,"However, failure to obtain adequate control of these vessels may result in their retraction into the abdomen and result in uncontrollable hemorrhage.","However, failure to obtain adequate control of these vessels may result in their retraction into the abdomen and resulting in controllable hemorrhage.",however failure to obtain adequate control of these vessels may result in their retraction into the abdomen and result in uncontrollable hemorrhage,however failure to obtain adequate control of these vessels may result in their retraction into the abdomen and resulting in controllable hemorrhage
yoruba,general,"When bandits strike and hold people hostage, their pockets get fatter.
",When bands did strike and hold people on stage their pockets get further.,when bandits strike and hold people hostage their pockets get fatter,when bands did strike and hold people on stage their pockets get further
yoruba,general,"Many developing countries were experiencing significant trade finance gaps even before the COVID-19 crisis they face even tighter access to trade credit.
","Many developing countries are experiencing significant trade finance gaps even before the COVID-19 crisis. They face even tighter access to trade credit.
",many developing countries were experiencing significant trade finance gaps even before the covid 19 crisis they face even tighter access to trade credit,many developing countries are experiencing significant trade finance gaps even before the covid 19 crisis they face even tighter access to trade credit
yoruba,general,"Check out the highlights below:
",Check out the highlight below.,check out the highlights below,check out the highlight below
yoruba,general,"In older times, songwriters were the newscasters of their village, relaying the important events of the times in melodic phrases and moral tones.
","In older times, songwriters were the new casters of their village, relaying the important events of the times in melodic phrases and moral tones.
",in older times songwriters were the newscasters of their village relaying the important events of the times in melodic phrases and moral tones,in older times songwriters were the new casters of their village relaying the important events of the times in melodic phrases and moral tones
yoruba,general,"All lyrics written by Residente , all music composed by Visitante . Adapted from Allmusic .
","All lyrics written by residentip, all music composed by his tentip adapted from all music.
",all lyrics written by residente all music composed by visitante adapted from allmusic,all lyrics written by residentip all music composed by his tentip adapted from all music
yoruba,general,"Patient Landah Doyeh chief complaint started 5 days ago and lasted for five hours
",Patient Ladadoyan chief complaint started 5 days ago and lasted for 5 hours.,patient landah doyeh chief complaint started 5 days ago and lasted for 5 hours,patient ladadoyan chief complaint started 5 days ago and lasted for 5 hours
yoruba,general,"Chappell is the leading advocate for greater formal recognition of the first Australian sporting team to travel overseas , the Australian Aboriginal cricket team in England in 1868 .
","Chapel is the leading advocate for greater formal recognition of the first Australian sporting team to travel overseas, the Australian Aboriginal Cricket Team in England in 1868.",chappell is the leading advocate for greater formal recognition of the 1st australian sporting team to travel overseas the australian aboriginal cricket team in england in 1868,chapel is the leading advocate for greater formal recognition of the 1st australian sporting team to travel overseas the australian aboriginal cricket team in england in 1868
yoruba,clinical,0-cm margins.,0-cm margins.,0 cm margins,0 cm margins
yoruba,general,"Spacesuits have their own heating and cooling systems and a radio communication system.
","Spacesuits have their own heating and cooling systems and a radio communication system.
",spacesuits have their own heating and cooling systems and a radio communication system,spacesuits have their own heating and cooling systems and a radio communication system
yoruba,general,"And we had seen examples overseas, where the virus appeared to have been conquered, only to return.
","And we had seen examples over 6, where the virus appeared to have been conquered, only to return.
",and we had seen examples overseas where the virus appeared to have been conquered only to return,and we had seen examples over 6 where the virus appeared to have been conquered only to return
yoruba,general,Track listing adapted from AllMusic .,Track listing adapted from all music.,track listing adapted from allmusic,track listing adapted from all music
yoruba,clinical,"At Erich Lindemann Mental Health Center she was discovered to have ARF, a large pericardial effusion, and bilateral pleural effusions .","At EriKlindeman Mental Health Center she was discovered to have acute renal failure, a large pericardial effusion and bilateral pleural effusions.",at erich lindemann mental health center she was discovered to have arf a large pericardial effusion and bilateral pleural effusions,at eriklindeman mental health center she was discovered to have acute renal failure a large pericardial effusion and bilateral pleural effusions
yoruba,clinical,Stitches should be removed on the seventh to the tenth day.,"Situations should be removed on the 7th to the 30th day
",stitches should be removed on the 7th to the 10th day,situations should be removed on the 7th to the 30th day
yoruba,clinical,It also seems that multiple-family groups are more efficacious than single-family sessions.,It also seems that multiple family groups are more efficacious than single family sessions.,it also seems that multiple family groups are more efficacious than single family sessions,it also seems that multiple family groups are more efficacious than single family sessions
yoruba,clinical,Treatment with certain chemotherapy agents and radiation therapy increases the rate of second malignancies.,Treatment with certain chemotherapy agents and radiation therapy increases the rate of second malignancies.,treatment with certain chemotherapy agents and radiation therapy increases the rate of 2nd malignancies,treatment with certain chemotherapy agents and radiation therapy increases the rate of 2nd malignancies
yoruba,clinical,"3 with EBRT, a 2 increased recurrence risk.","3. With EB-RT, a to increase recurrence risk.",3 with ebrt a 2 increased recurrence risk,3 with eb rt a to increase recurrence risk
yoruba,general,"What is important is that Nigerians should know that the police management is up and doing and it has done what it is supposed to do.
","What is important is that Nigerians should know that the police management is up and doing and it has done what it is supposed to do.
",what is important is that nigerians should know that the police management is up and doing and it has done what it is supposed to do,what is important is that nigerians should know that the police management is up and doing and it has done what it is supposed to do
yoruba,general,"In response, Grandefex told him, You will simply not receive your money.
","In response, Grandefex told him, You will simply not receive your money.
",in response grandefex told him you will simply not receive your money,in response grandefex told him you will simply not receive your money
yoruba,general,"Rant to the same retirement home that doesnt let workers aka heroes in the front door, instead making them trek to the loading dock so no one sees them.
","Round to the same vitamins home that doesnt let workers aka heroes in the front door, instead making them trek to the loading door Sonomaan System.
",rant to the same retirement home that doesnt let workers aka heroes in the front door instead making them trek to the loading dock so no one sees them,round to the same vitamins home that doesnt let workers aka heroes in the front door instead making them trek to the loading door sonomaan system
yoruba,clinical,PT CONT TO REQUIRE NEO UNABLE TO WEAN OFF.,Pt cont to require neo unable to wean off.,pt cont to require neo unable to wean off,pt cont to require neo unable to wean off
yoruba,general,"Delta Correctional centres free 34 inmates
",Delta correctional centers free 34 inmates.,delta correctional centers free 34 inmates,delta correctional centers free 34 inmates
yoruba,clinical,"In younger women, the breast consists predominantly of glandular tissue.",In younger women the birth consists definitely of glandular disease.,in younger women the breast consists predominantly of glandular tissue,in younger women the birth consists definitely of glandular disease
yoruba,clinical,The walls of the endocervical canal contain numerous folds and plicae.,The walls of the endosubal canal contain sunerous holes and placates.,the walls of the endocervical canal contain numerous folds and plicae,the walls of the endosubal canal contain sunerous holes and placates
yoruba,clinical,IMPRESSION: No left ventricular thrombus.,Impression- no left ventricular trombus.,impression no left ventricular thrombus,impression no left ventricular trombus
yoruba,general,"The study did focus on a very, very, very specific group: male firefighters in their 30s and 40s and from Indiana who went to a particular clinic.
","The study did focus on a very, very, very specific group, male firefighters in their 30s and 40s and from Indiana who went to a particular chemo.
",the study did focus on a very very very specific group male firefighters in their 30s and 40s and from indiana who went to a particular clinic,the study did focus on a very very very specific group male firefighters in their 30s and 40s and from indiana who went to a particular chemo
yoruba,general,"For some tenants, she said, Marshall House represented the longest period of stable housing they had ever had.
","For some tenants, she said, Marshall House represented the longest period of stable housing they have ever had.
",for some tenants she said marshall house represented the longest period of stable housing they had ever had,for some tenants she said marshall house represented the longest period of stable housing they have ever had
yoruba,general,"The eight names that have so far emerged included a leading critic of the APC federal administration.
","The eight names that have so far emerged included a leading critic of the APC Federal Administration.
",the 8 names that have so far emerged included a leading critic of the apc federal administration,the 8 names that have so far emerged included a leading critic of the apc federal administration
yoruba,general,"Youve got to go back and get a great Wednesday practice in, youve got to get a great Thursday practice in if you can get it or whatever the case may be, come out and practice Friday and try to re-duplicate what we just did.
","Youve got to go back and get a great 1st day practice in, youve got to go get a great 3rd day practice in if you can get it or whatever the case may be, come out and practice Friday and try to re-dubricate what we just did.
",youve got to go back and get a great wednesday practice in youve got to get a great thursday practice in if you can get it or whatever the case may be come out and practice friday and try to re duplicate what we just did,youve got to go back and get a great 1st day practice in youve got to go get a great 3rd day practice in if you can get it or whatever the case may be come out and practice friday and try to re dubricate what we just did
yoruba,clinical,12/07/2025 7: 28 AM,12-07-2025 7-28 AM,12 7 2025 7 28 am,12 7 2025 7 28 am
yoruba,general,"Sanchez and Angle were like brothers sharing countless memories together.
","Sunkers and hangu were like brothers sharing countless memories together.
",sanchez and angle were like brothers sharing countless memories together,sunkers and hangu were like brothers sharing countless memories together
yoruba,general,"Angel says why not? Adding that Sammie likes her.
",The strangest is when the heart is red and the stomach is black.,angel says why not adding that sammie likes her,the strangest is when the heart is red and the stomach is black
yoruba,general,"In 2022, the use of artemisinin, dihydroartemisinin, artemether, artesunate Antimalarials were prohibited in Lagos and Abuja by Ugelo Ifalade the current NAFDAC DG
","In 2022, the use of artemisinin, dehydroartemisinin, artemether, artesunate and malaria were prohibited in Lagos and Abuja by Udelo if all day the current NAVDAC DG
",in 2022 the use of artemisinin dihydroartemisinin artemether artesunate antimalarials were prohibited in lagos and abuja by ugelo ifalade the current nafdac dg,in 2022 the use of artemisinin dehydroartemisinin artemether artesunate and malaria were prohibited in lagos and abuja by udelo if all day the current navdac dg
yoruba,general,"While child infection rates have increased, the data show that most children do not get critically ill with the disease.
","High child infection rates have increased, the data showed that most children do not get critically ill with the disease.
",while child infection rates have increased the data show that most children do not get critically ill with the disease,high child infection rates have increased the data showed that most children do not get critically ill with the disease
yoruba,general,"The family history of Nwadiogwa disease was important for Udodi who is a doctor at Birnin Kebbi university but lives in Jalingo with his wife Nwabugo
","The family history of Guadiogua disease was important for Udoji who is a doctor at Beninkebi university but lives in Jalingo with his wife Nwabugo
",the family history of nwadiogwa disease was important for udodi who is a doctor at birnin kebbi university but lives in jalingo with his wife nwabugo,the family history of guadiogua disease was important for udoji who is a doctor at beninkebi university but lives in jalingo with his wife nwabugo
yoruba,clinical,Pt Matarah 10 out of arm and infiltrated.,Pt. Matara turned out of arm and infiltrated.,pt matarah 10 out of arm and infiltrated,pt matara turned out of arm and infiltrated
yoruba,clinical,Noted 1 small spit aspirates 1-3.2 girth 25.5-25.,Noted 1 small speed aspirate 1-3.2 gets 25.5-25.,noted one small spit aspirates one 3.2 girth 25.5 25,noted one small speed aspirate one 3.2 gets 25.5 25
yoruba,clinical,"Plasmapheresis is frequently used, but it is not clear what etiologic factor is being removed by the pheresis.
","Plasmaferesis is frequently used, but it is not clear what etiologic factor is being removed by the feresis.",plasmapheresis is frequently used but it is not clear what etiologic factor is being removed by the pheresis,plasmaferesis is frequently used but it is not clear what etiologic factor is being removed by the feresis
yoruba,general,"So, a person should not be tempted beyond what he or she can bear.
","So, a person should not be tempted beyond what he or she can be.
",so a person should not be tempted beyond what he or she can bear,so a person should not be tempted beyond what he or she can be
yoruba,clinical,RECULTURING IF SPIKES >101.,Reculturing if spikes greater 101.,reculturing if spikes 101,reculturing if spikes greater 101
yoruba,clinical,Compared to the prior study of estimated pulmonary artery systolic pressure is now higher and the left atrium is now larger.,Compared to the prior study of estimated pulmonary atrace systolic prior is now higher and the left atrium is now larger.,compared to the prior study of estimated pulmonary artery systolic pressure is now higher and the left atrium is now larger,compared to the prior study of estimated pulmonary atrace systolic prior is now higher and the left atrium is now larger
yoruba,clinical,"heent - anicteric sclera, op clear with mmm",Paint and mix garbage sclera up clear with MIMIM.,heent anicteric sclera op clear with,paint and mix garbage sclera up clear with mimim
yoruba,clinical,Preoperative assessment may be assisted by the use of pelvic imaging techniques such as ultrasound.,Priorative assessment may be assisted by the use of pelvic imaging techniques such as ultrasound.,preoperative assessment may be assisted by the use of pelvic imaging techniques such as ultrasound,priorative assessment may be assisted by the use of pelvic imaging techniques such as ultrasound
yoruba,general,"With so many out of work during the pandemic stay-at-home directive, food pantry operators say demand for food is up by 140 percent.
","With so many out of work during the pandemic stay at home directive, food pantry operators say demand for food is up by 140 per cent.
",with so many out of work during the pandemic stay at home directive food pantry operators say demand for food is up by 140%,with so many out of work during the pandemic stay at home directive food pantry operators say demand for food is up by 140%
yoruba,general,"The backbone of the sport, its economic engine, is the passion fans have for it.
","The backbone of the sport, its economic engine, is the passion fans have for it.
",the backbone of the sport its economic engine is the passion fans have for it,the backbone of the sport its economic engine is the passion fans have for it
yoruba,clinical,On contact precautions for gent-res Tobela.,On contact precautions for gents-areas tubular.,on contact precautions for gent res tobela,on contact precautions for gents areas tubular
yoruba,general,"But this year, 63 percent were black and 37 percent were white.
","But this year, 63 per cent were black and 37 per cent were white.
",but this year 63% were black and 37% were white,but this year 63% were black and 37% were white
yoruba,clinical,"Unfortunately, the 5-year survival of patients with uterine sarcoma is only 50.","Unfortunately, the 5-year survival of patients with uterine sarcoma is only 50.",unfortunately the 5 year survival of patients with uterine sarcoma is only 50,unfortunately the 5 year survival of patients with uterine sarcoma is only 50
yoruba,clinical,This is a simple and less radical procedure with less risk of damage to blood vessels and nerves of the teeth.,This is a simple and less radical procedure with less risk of damage to blood vessels and nerves of the teeth.,this is a simple and less radical procedure with less risk of damage to blood vessels and nerves of the teeth,this is a simple and less radical procedure with less risk of damage to blood vessels and nerves of the teeth
yoruba,clinical,"These lesions occur more frequently in women, are often multiple and small, and have low malignant potential 5 metastasize.","These lesions occur more frequently in women, have more pool and small, and have low malignant potential 5m size.",these lesions occur more frequently in women are often multiple and small and have low malignant potential 5 metastasize,these lesions occur more frequently in women have more pool and small and have low malignant potential 5 m size
yoruba,clinical,at for head tract Admitting Diagnosis: SUBDURAL HEMATOMA,Art for Attract Admitting Diagnosis Subdueral Hematoma,at for head tract admitting diagnosis subdural hematoma,art for attract admitting diagnosis subdueral hematoma
yoruba,general,"They compound all this by unbridled corruption.
",They compound all this by unbridled corruption.,they compound all this by unbridled corruption,they compound all this by unbridled corruption
yoruba,clinical,Passavants Ridge or Bar This is a rounded ridge which appears on the posterior pharyngeal wall during closure of the nasopharyngeal isthmus.,Patskavan reach or bar this surrounded week with attacks on the Kostero-Kaniju wall during closure of Nnathophagia month.,passavants ridge or bar this is a rounded ridge which appears on the posterior pharyngeal wall during closure of the nasopharyngeal isthmus,patskavan reach or bar this surrounded week with attacks on the kostero kaniju wall during closure of nnathophagia month
yoruba,general,"A former Central Bank of Nigerias Deputy Governor, Kingsley Moghalu, has expressed disappointment over the outcome of the African Democratic Congress presidential election.
","In former Central Bank of Nigeria's deputy governor, Kinsley Magalu, has explored the sad point about the outcome of the Africa Democratic Congress presidential election.
",a former central bank of nigerias deputy governor kingsley moghalu has expressed disappointment over the outcome of the african democratic congress presidential election,in former central bank of nigeria is deputy governor kinsley magalu has explored the sad point about the outcome of the africa democratic congress presidential election
yoruba,clinical,His mother called prior to his father arrival.,His mother called prior to his father arrival.,his mother called prior to his father arrival,his mother called prior to his father arrival
yoruba,general,"Among the executive branch authorities is the International Emergency Economic Powers Act IEEPA, which some of the Presidents more hawkish advisers hope he will use not only to ban TikTok, but also WeChat and other China-based apps.
","Among the Executive Branch Authorities is the International Emergency Economic Power Act's IEPA, which some of the President's more orcish advisers hope he will use not only to ban TikTok, but also WeChat and other China-based apps.
",among the executive branch authorities is the international emergency economic powers act ieepa which some of the presidents more hawkish advisers hope he will use not only to ban tiktok but also wechat and other china based apps,among the executive branch authorities is the international emergency economic power act is iepa which some of the president is more orcish advisers hope he will use not only to ban tiktok but also wechat and other china based apps
yoruba,general,"I have a 67 yr old man, Omolara Fundudiyegha who presented with dizziness and chest pain
","I have a 67-year-old man, Omalora Fundodiyeg but who presented with dizziness and chest pain?
",i have a 67 yr old man omolara fundudiyegha who presented with dizziness and chest pain,i have a 67 year old man omalora fundodiyeg but who presented with dizziness and chest pain
yoruba,general,"If the hints APC chairman Adamu Abdullahi dropped on May 26 that the field of contest will be open to all contestants, you can expect the ticket to go to the highest bidder.
","If the heat all progressive Congress Chairman Adam Al-Dilar dropped on May 26 that the field of contest will be open to all contestants, you are  you can explain the ticket to Kota ISB that.
",if the hints apc chairman adamu abdullahi dropped on may 26 that the field of contest will be open to all contestants you can expect the ticket to go to the highest bidder,if the heat all progressive congress chairman adam al dilar dropped on may 26 that the field of contest will be open to all contestants you are you can explain the ticket to kota isb that
yoruba,general,Lessons of hajj,Lessons of hodge,lessons of hajj,lessons of hodge
yoruba,clinical,MORPHINE IV IF PT'S CONDITION DETERIORATES.,Morphine IV if pt's condition deteriorates.,morphine iv if pt is condition deteriorates,morphine iv if pt is condition deteriorates
yoruba,clinical,Ileorectal anastomoses commonly make use of this configuration.,Illurectal anastomosis commonly make use of this configuration.,ileorectal anastomoses commonly make use of this configuration,illurectal anastomosis commonly make use of this configuration
yoruba,clinical,Patients with poor medical control or significant drug side effects may benefit significantly from placement of bilateral deep brain stimulators in the subthalamic nuclei.,Patients with poor medical control or significant drug side effect may benefit significantly from placement of bilateral deep-brinced simulators in the subtalamic nuclei.,patients with poor medical control or significant drug side effects may benefit significantly from placement of bilateral deep brain stimulators in the subthalamic nuclei,patients with poor medical control or significant drug side effect may benefit significantly from placement of bilateral deep brinced simulators in the subtalamic nuclei
yoruba,general,"But the Nigerian government is confused and careless.
","But the Nigerian government is confused and careless.
",but the nigerian government is confused and careless,but the nigerian government is confused and careless
yoruba,general,"Jigawa PDP governorship candidate picks party chair as running mate
",Jigawa PDP governorship candidate piques pateche as running mate.,jigawa pdp governorship candidate picks party chair as running mate,jigawa pdp governorship candidate piques pateche as running mate
yoruba,general,"Less cash flow means less jobs and investment.
","Less cash flow means less jobs and investment.
",less cash flow means less jobs and investment,less cash flow means less jobs and investment
yoruba,clinical,"Source: Adapted from Martin515T HE BREAST  17cell-cycle control, and DNA damage repair pathways.",But adapted from MATIMI 5.5t he breathed 17 self-control and DNA damage repair passes.,source adapted from martin 515 t he breast 17 cell cycle control and dna damage repair pathways,but adapted from matimi 5.5 t he breathed 17 self control and dna damage repair passes
yoruba,general,"Powering up Redmi 10A is a MediaTek Helio G25 processor, with an octa-core CPU up to 2.0GHz.
","Parring of red meaten A is a mediatechelial G-tune 5 processor, with a octa-core CPO up to 2.0 GHz.",powering up redmi 10 a is a mediatek helio g 25 processor with an octa core cpu up to 2 ghz,parring of red meaten a is a mediatechelial g tune 5 processor with a octa core cpo up to 2 ghz
yoruba,general,"This average of poll numbers created by Real Clear Politics includes Fox News, showing Biden with a 10 point advantage.
","This average of poor numbers created by real clear politics include Fox News, shown bidding with a 10 point advantage.
",this average of poll numbers created by real clear politics includes fox news showing biden with a 10 point advantage,this average of poor numbers created by real clear politics include fox news shown bidding with a 10 point advantage
yoruba,clinical,SEE CAREVUE FOR SPECIFIC AMOUNTS.,See carevo for specific amounts.,see carevue for specific amounts,see carevo for specific amounts
yoruba,clinical,"Nutrition is provided, usually through the parenteral route initially.","Nutrition is provided, usually through the parenteral route initially.",nutrition is provided usually through the parenteral route initially,nutrition is provided usually through the parenteral route initially
yoruba,clinical,lt arm-redness and edema persist no drug.,Its arm redness and edema persist no diagnosis related group.,lieutenant arm redness and edema persist no drug,its arm redness and edema persist no diagnosis related group
yoruba,clinical,5. Prednisone,Prednisone.,5 prednisone,prednisone
yoruba,general,"In the same Vision From God where He told the owners to fire a bunch of their staff, He also said they should keep stores open.
","In the same vision from God where he told the owners to fire a bunch of their staff, he also said they should keep stores open.
",in the same vision from god where he told the owners to fire a bunch of their staff he also said they should keep stores open,in the same vision from god where he told the owners to fire a bunch of their staff he also said they should keep stores open
yoruba,general,"Abiri Ekeoma Other Antimalarial drugs include pyrimethamine, proguanil, chlorproguanil, and trimethoprim
","Abirrechuma Other antimalarial drugs include pyrimethanin, proguanil, chloroproguanil, and trimethyloprin",abiri ekeoma other antimalarial drugs include pyrimethamine proguanil chlorproguanil and trimethoprim,abirrechuma other antimalarial drugs include pyrimethanin proguanil chloroproguanil and trimethyloprin
yoruba,general,"Thats something thats proven true at Loggers Trail.
","That is something thats proven true at Lagos Trail.
",thats something thats proven true at loggers trail,that is something thats proven true at lagos trail
yoruba,general,"Nearly 44 percent respondents said Labour does not take Islamophobia seriously, while 55 percent did not trust the party to tackle anti-Muslim sentiment.","Nearly 44 percent respondent said Labour does not take Islamophobia seriously, while 55 percent did not trust the party to tackle anti-Muslim statement.
",nearly 44% respondents said labor does not take islamophobia seriously while 55% did not trust the party to tackle anti muslim sentiment,nearly 44% respondent said labor does not take islamophobia seriously while 55% did not trust the party to tackle anti muslim statement
yoruba,clinical,RR decreased from 30's to 20's with treatment and patient looked more comfortable.,Resp  decreased from 30s to 20s with treatment and pt looked more comfortable.,rr decreased from 30 is to 20 is with treatment and patient looked more comfortable,resp decreased from 30s to 20s with treatment and pt looked more comfortable
igbo,clinical,To grant such a patent license to a party means to make such an agreement or commitment not to enforce a patent against the party.,"To grant such a patent license to a party means to make such an agreement or commitment not to enforce a patent against the party.
",to grant such a patent license to a party means to make such an agreement or commitment not to enforce a patent against the party,to grant such a patent license to a party means to make such an agreement or commitment not to enforce a patent against the party
igbo,general,"He stated, Some were discriminated against while others were completely disenfranchised and their teeming supporters, who were amongst the delegates, could not cast their votes while the exercise lasted.
","He stated, Some were discriminated against while others were completely disenfranchised and their teaming supporters, who were amongst the delegates, could not cast their votes while the exercise lasted.
",he stated some were discriminated against while others were completely disenfranchised and their teeming supporters who were amongst the delegates could not cast their votes while the exercise lasted,he stated some were discriminated against while others were completely disenfranchised and their teaming supporters who were amongst the delegates could not cast their votes while the exercise lasted
igbo,general,"Tuesday 28 April, 1998 next line. Neuro: Pt Daramola Achike 08 February, 2003
","Tuesday 28 April, 1998 next line. Neuro, Pt Daramola Achike 08 February, 2003
",tuesday 28 april 1998 next line neuro pt daramola achike 8 february 2003,tuesday 28 april 1998 next line neuro pt daramola achike 8 february 2003
igbo,clinical,"Nursing care provided for the patient before, during, and after surgery is called perioperative nursing.","Nursing care provided for the patient before, during, and after surgery is called perioperative nursing.",nursing care provided for the patient before during and after surgery is called perioperative nursing,nursing care provided for the patient before during and after surgery is called perioperative nursing
igbo,general,"This morning Chimereya came to Chinoye hospital in Ibadan to see Dr Hussaina
","This morning Imeria came to Inuhia Hospital in Ibalan to see Dr. Utena
",this morning chimereya came to chinoye hospital in ibadan to see doctor hussaina,this morning imeria came to inuhia hospital in ibalan to see doctor utena
igbo,general,"In the next five years, Nigeria can attain self-sufficiency in milk production.
","In the next five years, Nigeria can attend self sufficiency in milk production.
",in the next 5 years nigeria can attain self sufficiency in milk production,in the next 5 years nigeria can attend self sufficiency in milk production
igbo,clinical,Action: Pt had HD yesterday with Response: Plan: Pt has been called out and is waiting for a bed on the Nwabuisi.,Action- Patient had HD yesterday with response. Plan- Patient has been called out and is waiting for a bed on the Wabisi.,action pt had hd yesterday with response plan pt has been called out and is waiting for a bed on the nwabuisi,action patient had hd yesterday with response plan patient has been called out and is waiting for a bed on the wabisi
igbo,clinical,Propanolol 20 mg tid,Propanolol 20 mg TID.,propanolol 20 mg tid,propanolol 20 mg tid
igbo,clinical,"If the child survives, he or she should be monitored for the later appearance of colonic polyps",If the child survives he or she should be monitored for the later appearance of colonic poly.,if the child survives he or she should be monitored for the later appearance of colonic polyps,if the child survives he or she should be monitored for the later appearance of colonic poly
igbo,clinical,GI: ABDOMEN SOFT NON-TENDER APPETITE FAIR BUT IMPROVING NO STOOL,GI- ABDOMIN SOFT- NON TENDER- APetite fair but improving- NOS TOOL.,gi abdomen soft non tender appetite fair but improving no stool,gi abdomin soft non tender apetite fair but improving nos tool
igbo,clinical,I agree with the above assessment written by Egboe Nomer.,"I agree with the above assessment written by Ebonoma
",i agree with the above assessment written by egboe nomer,i agree with the above assessment written by ebonoma
igbo,clinical,"Traumatic rupture of other ligament of other finger at metacarpophalan. TABLET, ORAL AMITRIPTYLINE HYDROCHLORIDE, AMITRIPTYLINE HYDROCHLORIDE, 50MG. Spastic entropion of left lower eyelid","Traumatic rupture of other ligament of other finger at metocarpofolangio. TABLET, ORAL AMITRIPTYLINE HYDROCHLORIDE, AMITRIPTYLINE HYDROCHLORIDE, 50MG. Spastic entropion of left lower eyelid",traumatic rupture of other ligament of other finger at metacarpophalan tablet oral amitriptyline hydrochloride amitriptyline hydrochloride 50 mg spastic entropion of left lower eyelid,traumatic rupture of other ligament of other finger at metocarpofolangio tablet oral amitriptyline hydrochloride amitriptyline hydrochloride 50 mg spastic entropion of left lower eyelid
igbo,clinical,Weigh yourself every morning call your primary care doctor or your cardiologist if your weight goes up more than 3 lbs.,Weigh yourself every morning. Call your primary care doctor or your cardiologist if your weight goes up more than 3 lbs.,weigh yourself every morning call your primary care doctor or your cardiologist if your weight goes up more than 3 lbs,weigh yourself every morning call your primary care doctor or your cardiologist if your weight goes up more than 3 lbs
igbo,clinical,CTA was performed and was negative for PE but revealed bilateral upper lobe consolidations.,CTA was performed and was negative for PE but revealed bilateral upper lobe consolidations.,cta was performed and was negative for pe but revealed bilateral upper lobe consolidations,cta was performed and was negative for pe but revealed bilateral upper lobe consolidations
igbo,general,"She sees the little girl again as well as two Silence.
",She sees the little girl again as well as two silence.,she sees the little girl again as well as 2 silence,she sees the little girl again as well as 2 silence
igbo,general,"The game changer is to transform the economy into a vibrant, technology-led productive one with the private sector taking the lead.
","The game changer is to transform the economy into a vibrant, technology-led productive one with the private sector taking the lead.
",the game changer is to transform the economy into a vibrant technology led productive one with the private sector taking the lead,the game changer is to transform the economy into a vibrant technology led productive one with the private sector taking the lead
igbo,general,The mystery around the childs eczema patches was solved on a hot Sunday afternoon when some of the neighbors and I indulged in small compound gossip. The mother of the child openly admitted to being on a mission to lighten her childs skin tone.,"The mystery around the childs exhumaparchase was solved on a hot Sunday afternoon when some of the nervous and high-indulging small compartment gossips. The mother of the child openly admitted to bring on a mission to lighten her childs skin tone.
",the mystery around the childs eczema patches was solved on a hot sunday afternoon when some of the neighbors and i indulged in small compound gossip the mother of the child openly admitted to being on a mission to lighten her childs skin tone,the mystery around the childs exhumaparchase was solved on a hot sunday afternoon when some of the nervous and high indulging small compartment gossips the mother of the child openly admitted to bring on a mission to lighten her childs skin tone
igbo,general,"Online learning is here to stay for the foreseeable future.
","Olan learning is here to stay for the foreseeable future
",online learning is here to stay for the foreseeable future,olan learning is here to stay for the foreseeable future
igbo,clinical,LUNGS WERE CLEAR BUT VERY DIM THROUGHOUT.,Lungs were clear but very dim throughout.,lungs were clear but very dim throughout,lungs were clear but very dim throughout
igbo,clinical,PRN morphine tylenol and toradol administered with good effect.,When necessary Morphine Tylenol and Torazole are administered with good effect.,prn morphine tylenol and toradol administered with good effect,when necessary morphine tylenol and torazole are administered with good effect
igbo,general,"Those sort of gangbusters numbers have not only made Singh a household name with the younger generations, theyve carried her to professional success beyond the mere reach of YouTube.
","Those sorts of gang posters numbers have not only maintained a household name with the younger generations, theyve carried her to professional success beyond the mere reach of YouTube.
",those sort of gangbusters numbers have not only made singh a household name with the younger generations theyve carried her to professional success beyond the mere reach of youtube,those sorts of gang posters numbers have not only maintained a household name with the younger generations theyve carried her to professional success beyond the mere reach of youtube
igbo,clinical,"Her mother reports that the patient stated her right hand felt """"funny"""" perhaps numb or tingling the day after completing the taper.","A mother reports that the patient stated her right hand felt funny, perhaps numb or tingling the day after completing the taper.",her mother reports that the patient stated her right hand felt funny perhaps numb or tingling the day after completing the taper,a mother reports that the patient stated her right hand felt funny perhaps numb or tingling the day after completing the taper
igbo,general,"Thus far, Nigeria remains the largest contributor of Fellows each year.
","Thus far, Nigeria remains the largest contributor of fellows each year.
",thus far nigeria remains the largest contributor of fellows each year,thus far nigeria remains the largest contributor of fellows each year
igbo,clinical,GI/GU: Abdomen soft two BMs this shift with trace OB positive.,GI-GU-Abd soft 2BMs this shift with trace OB positive.,gi gu abdomen soft 2 bms this shift with trace ob positive,gi gu abd soft 2 bms this shift with trace ob positive
igbo,clinical,"Neurologically, grossly nonfocal .",Neurologically cross-leaf non-focal.,neurologically grossly nonfocal,neurologically cross leaf non focal
igbo,clinical,The mucosal app is now excised so that cyst lining and mucosa can be sewn together round the edges of the window Figure 13.,The mucosal anterior posterior is now excised so that cis lining and mucosa can be sewn together around the edges of the window Figure 13.,the mucosal app is now excised so that cyst lining and mucosa can be sewn together round the edges of the window figure 13,the mucosal anterior posterior is now excised so that cis lining and mucosa can be sewn together around the edges of the window figure 13
igbo,general,"The singers sixth album is expected for release in 2012.
","The Singas sixth album is expected for release in 2012.
",the singers 6th album is expected for release in 2012,the singas 6th album is expected for release in 2012
igbo,general,"Azumini was seen at Bahworekay Hospital Kisumu Dakar on 02/04/2023 5 days ago
","Azumeni was seen at Bawurike Hospital Kisimu Dakar on 02 Apr 2023 5 days ago
",azumini was seen at bahworekay hospital kisumu dakar on 2 4 2023 5 days ago,azumeni was seen at bawurike hospital kisimu dakar on 2 apr 2023 5 days ago
igbo,general,A major slogan of the demonstrators in the Arab world was Ash-shab yurid isqat an-nizam the people want to bring down the regime.,The major slogan of the demonstrators in the Arab world was                                                                                                                                                                                                                     ,a major slogan of the demonstrators in the arab world was ash shab yurid isqat an nizam the people want to bring down the regime,the major slogan of the demonstrators in the arab world was
igbo,general,"A statement by the forecaster said: Snow arriving from the north later tomorrow, moving south through Thursday morning may lead to some travel disruption.","A statement by the forecaster said,  snorariving from the north later tomorrow, moving south through Thursday morning may lead to some travel disruption.
",a statement by the forecaster said snow arriving from the north later tomorrow moving south through thursday morning may lead to some travel disruption,a statement by the forecaster said snorariving from the north later tomorrow moving south through thursday morning may lead to some travel disruption
igbo,general,"After that, Quantrills men went into smaller groups that spread throughout Lawrence.
","After that, Qwantris men went into smaller groups that spread through art lures.
",after that quantrills men went into smaller groups that spread throughout lawrence,after that qwantris men went into smaller groups that spread through art lures
igbo,clinical,"Neck hematoma secondary to pulmonary artery line placement requiring transfusion, catheter tip infection .",Nechema toma secondary to pulmonary artery line placement requiring transfusion catheter tipped infection.,neck hematoma secondary to pulmonary artery line placement requiring transfusion catheter tip infection,nechema toma secondary to pulmonary artery line placement requiring transfusion catheter tipped infection
igbo,clinical,"Treatment with systemic corticosteroids is indicated for pulmonary fibrosis,  cerebral lesions,  or hypercalcemia.","Treatment with systemic corticosteroids is indicated for pulmonary fibrosis, cerebral lesions, or hypercalcemia.",treatment with systemic corticosteroids is indicated for pulmonary fibrosis cerebral lesions or hypercalcemia,treatment with systemic corticosteroids is indicated for pulmonary fibrosis cerebral lesions or hypercalcemia
igbo,clinical,MAE but is weak left side slightly weaker than right.,MAE but is weak left side slightly weaker than right.,mae but is weak left side slightly weaker than right,mae but is weak left side slightly weaker than right
igbo,clinical,"However, no currently available marker is sufficiently accurate for clinical use.","However, no currently available marker is sufficiently accurate for clinical use.",however no currently available marker is sufficiently accurate for clinical use,however no currently available marker is sufficiently accurate for clinical use
igbo,general,"These extraordinary activists keep the worlds poor at the forefront of their lifes work, take exceptional actions to end extreme poverty in their own communities, and foster social change across the globe, Global Citizen said on its website.
","These extraordinary activists keep the words for at their forefront of their life work, take exceptional actions to end extreme poverty in their communities, and foster social change across the globe, global citizen said on a website.
",these extraordinary activists keep the worlds poor at the forefront of their lifes work take exceptional actions to end extreme poverty in their own communities and foster social change across the globe global citizen said on its website,these extraordinary activists keep the words for at their forefront of their life work take exceptional actions to end extreme poverty in their communities and foster social change across the globe global citizen said on a website
igbo,general,"Her grandfather appeared on the show as well.
","Her grandfather appeared on the show as well.
",her grandfather appeared on the show as well,her grandfather appeared on the show as well
igbo,clinical,cap with rubber liner.,Cap with rubber liner.,cap with rubber liner,cap with rubber liner
igbo,clinical,Turn the safety cap on the suction button of the catheter so that button is depressed easily.,Term safety cap on suction button of carditah so that button is depressed easily.,turn the safety cap on the suction button of the catheter so that button is depressed easily,term safety cap on suction button of carditah so that button is depressed easily
igbo,general,"MINSK, 6 August BelTA  There are plans to promote innovation centers in Belarus, Deputy Prime Minister Yuri Nazarov told reporters as he visited the Horizont Innovation Center, BelTA has learned.
","Means, 6 August. There are plans to promote innovation centers in Belarus, Deputy Prime Minister Yuri Nazarov told reporters as he visited the Horizon Innovation Center, Belta has learned.
",minsk 6 august belta there are plans to promote innovation centers in belarus deputy prime minister yuri nazarov told reporters as he visited the horizont innovation center belta has learned,means 6 august there are plans to promote innovation centers in belarus deputy prime minister yuri nazarov told reporters as he visited the horizon innovation center belta has learned
igbo,clinical,Duloxetine 20 mg PO QHS,JULOX-13 20MG PO QHS.,duloxetine 20 mg po qhs,julox 13 20 mg po qhs
igbo,general,Note the YGBSM means Youve got to be shitting me,Note the YGBS eminents youve got to patient.,note the ygbsm means youve got to be shitting me,note the ygbs eminents youve got to patient
igbo,general,"Party primaries: As dollars elected, created mannequins
","Party primary's colon as dollars elected, created many queens
",party primaries as dollars elected created mannequins,party primary is colon as dollars elected created many queens
igbo,clinical,Hold Digoxin and lostartan for now if we determine this is his new baseline can restart.,"All the Gagsin and Losatan for now if we determine this is his new baseline can restart.
",hold digoxin and lostartan for now if we determine this is his new baseline can restart,all the gagsin and losatan for now if we determine this is his new baseline can restart
igbo,clinical,I have examined the baby. Agree with above note by Inda Ugwueze Addanae PCA.,"Ive examined the baby and agreed with it above netbuoy in that I will see her then a PCA.
",i have examined the baby agree with above note by inda ugwueze addanae pca,ive examined the baby and agreed with it above netbuoy in that i will see her then a pca
igbo,clinical,Tube feeds advanced to goal 85cc/hr.,2feeds advanced to goal 85cc per hour.,tube feeds advanced to goal 85 cc hr,2 feeds advanced to goal 85 cc per hour
igbo,clinical,Paranasal sinus inflammatory disease.,Pronaisal sinus inc.,paranasal sinus inflammatory disease,pronaisal sinus inc
igbo,general,"Dr. Mrs. Oluwafunbi Chukwukelu in her Ogbomoso interview said Malaria, Typhoid fever, Yellow fever, Tuberculosis, COVID-19 are endemic diseases
","Dr. Mrs. Oluwafumbi Chikukelu in her Ogumosha interview said Malaria, Typhoid fever, Yellow fever, Tuberculosis, COVID-19 are endemic diseases
",doctor missus oluwafunbi chukwukelu in her ogbomoso interview said malaria typhoid fever yellow fever tuberculosis covid 19 are endemic diseases,doctor missus oluwafumbi chikukelu in her ogumosha interview said malaria typhoid fever yellow fever tuberculosis covid 19 are endemic diseases
igbo,general,"At dinner, she tells him that she really likes simple things.","At dinner, she tells him that she really likes him proteins.",at dinner she tells him that she really likes simple things,at dinner she tells him that she really likes him proteins
igbo,clinical,not candidate for bedside PICC.,NOTE CANDIDATE FOR BEDSIDE PICC.,not candidate for bedside picc,note candidate for bedside picc
igbo,general,"This protects the building from damage by heavy rain.
",This protects the building from damage by heavy rain.,this protects the building from damage by heavy rain,this protects the building from damage by heavy rain
igbo,clinical,She currently is out of work and living with family members.,She is currently out of work and living with family members.,she currently is out of work and living with family members,she is currently out of work and living with family members
igbo,general,"Mokolodi Nature Reserve, Gaborone Game Reserve and Manyelanong Game Reserve are the major tourist places in the district.
","Mokolodi Natural Reserve, Gaboroni Game Reserve and Maniolan Game Reserva are the major tourist places in the district.
",mokolodi nature reserve gaborone game reserve and manyelanong game reserve are the major tourist places in the district,mokolodi natural reserve gaboroni game reserve and maniolan game reserva are the major tourist places in the district
igbo,general,"Leaf  Also known as looseleaf , cutting or bunching lettuce , this type has loosely bunched leaves and is the most widely planted . It is used mainly for salads .","LIFT, ALSO KNOWN AS LOSE LIF, COATING OR BUNCHING LITWS, THIS STYPHAS LOSE LIFES AND IS THE MOST WIDELY PLANTED FUTURE. It is used mainly for cellars.",leaf also known as looseleaf cutting or bunching lettuce this type has loosely bunched leaves and is the most widely planted it is used mainly for salads,lift also known as lose lif coating or bunching litws this styphas lose lifes and is the most widely planted future it is used mainly for cellars
igbo,clinical,-continue labetalol drip for goal SBP 180.,CONT LAPET AND ORK TRIP FOR GOAL SISTOLY PROPRESSURE 0.8.,continue labetalol drip for goal sbp 180,cont lapet and ork trip for goal sistoly propressure 0.8
igbo,clinical,Bells palsy is the term used to describe an idiopathic acute lower motor may be associated with impairment of taste and hyperacusis high-pitched sounds appearing unpleasantly louder than normal.,Belt's palsy is the term used to describe an idiopathic acute lower motor may be associated with impairment of test and hyperacusis high pitched sounds appearing unpleasantly louder than normal.,bells palsy is the term used to describe an idiopathic acute lower motor may be associated with impairment of taste and hyperacusis high pitched sounds appearing unpleasantly louder than normal,belt is palsy is the term used to describe an idiopathic acute lower motor may be associated with impairment of test and hyperacusis high pitched sounds appearing unpleasantly louder than normal
igbo,clinical,"Doxycycline is the drug of choice, even for young children, despite the theoretical risk of dental staining in children younger than 9 years of age.","Doxycycline is the drug of choice, even for young children, despite the theoretical risk of dental staining in children younger than 9 years of age.",doxycycline is the drug of choice even for young children despite the theoretical risk of dental staining in children younger than 9 years of age,doxycycline is the drug of choice even for young children despite the theoretical risk of dental staining in children younger than 9 years of age
igbo,clinical,CONTINUE TO MEDICATE PRN FOR PAIN.,Continue to mediate prn for pain.,continue to medicate prn for pain,continue to mediate prn for pain
igbo,general,"Since 1990, BHAP1 has been providing environmental liability insurance to insurance agents and brokers nationwide.","Since 1990, BHAP1 has been providing environmental liability insurance to insurance agents and brokers nationwide.
",since 1990 bhap one has been providing environmental liability insurance to insurance agents and brokers nationwide,since 1990 bhap one has been providing environmental liability insurance to insurance agents and brokers nationwide
igbo,general,And Dreamer tweeted afterwards that he knew of the secret entrance  as well as the best time to get food from the canteen.,"Andreumar tweeted afterwards that he knew of the secret entrance as well as the best time to get food on the canteen.
",and dreamer tweeted afterwards that he knew of the secret entrance as well as the best time to get food from the canteen,andreumar tweeted afterwards that he knew of the secret entrance as well as the best time to get food on the canteen
igbo,clinical,Hypotheses Dynamic Dynamic theories facilitate the attempt to understand patients and their difficulties.,Hypothesis dynamic dynamic theories facilitated the attempt to understand patients and their deep cultures.,hypotheses dynamic dynamic theories facilitate the attempt to understand patients and their difficulties,hypothesis dynamic dynamic theories facilitated the attempt to understand patients and their deep cultures
igbo,general,"But what does it mean for the nations democracy? Todays podcast breaks it down.
","But what does it mean for the nation's democracy todays broadcast breaks it down.
",but what does it mean for the nations democracy todays podcast breaks it down,but what does it mean for the nation is democracy todays broadcast breaks it down
igbo,general,"But when a virus is spreading undetected, that sort of containment strategy alone is insufficient, epidemiologists say.","But when a virus is spreading undetected, that sort of containment strategy alone is insufficient, epidemiologists say.",but when a virus is spreading undetected that sort of containment strategy alone is insufficient epidemiologists say,but when a virus is spreading undetected that sort of containment strategy alone is insufficient epidemiologists say
igbo,general,Mike Priefer is having trouble with kickers?,"Mike Prefer is having trouble with Kickers?
",mike priefer is having trouble with kickers,mike prefer is having trouble with kickers
igbo,general,"The inferno destroyed scores of vehicles and killed more than 70 persons.
","The inferno destroyed scores of vehicles killed more than 70 persons.
",the inferno destroyed scores of vehicles and killed more than 70 persons,the inferno destroyed scores of vehicles killed more than 70 persons
igbo,general,"Dr. Osooah is w/ the Pt Wyohocah at this time and has also spoken to Pt's neice Garcaro
","Dr. Osuwa is with pt Leoka at this time and has also spoken to pt's niece Kakaro
",doctor osooah is w the pt wyohocah at this time and has also spoken to pt is neice garcaro,doctor osuwa is with pt leoka at this time and has also spoken to pt is niece kakaro
igbo,clinical,IVPN D17/IL infusing via central PICC.,IVPN D17-IL Infusing Vap. Central PICC,ivpn d 17 il infusing via central picc,ivpn d 17 il infusing vap central picc
igbo,general,"Google to invest 10bn in India
","Google to invest 10 billion in India
",google to invest 10 bn in india,google to invest 10000000000 in india
igbo,general,"The elderly clergy man, Revd Ozichi Chisimdi developed a heart attack
","The elderly clergyman, Rev. Ozichi Chizumdi developed a heart attack.
",the elderly clergy man revd ozichi chisimdi developed a heart attack,the elderly clergyman reverend ozichi chizumdi developed a heart attack
igbo,clinical,PT AWAITING PERMANENT PACER.,Pt are waiting permanent pacer.,pt awaiting permanent pacer,pt are waiting permanent pacer
igbo,general,"Public and private sector analysts look at changes in the money supply.
",Public and private sector analysts look at changes in the money supply.,public and private sector analysts look at changes in the money supply,public and private sector analysts look at changes in the money supply
igbo,general,"As of 2019, a total of 15 states had not repealed their sodomy laws, even though they cannot be used any more because of Lawrence v. Texas.","As of 2019, a total of 15 states had no lipid pre-pre-diastodomy laws, even though they cannot be used any more because of Lawrence V. Tester's question
",as of 2019 a total of 15 states had not repealed their sodomy laws even though they cannot be used any more because of lawrence v texas,as of 2019 a total of 15 states had no lipid pre pre diastodomy laws even though they cannot be used any more because of lawrence v tester is question
igbo,general,"About 1,700 Delta pilots still face furloughs, which were pushed back to Nov. 1 last week while the airline and the union representing its pilots continue negotiating.","About 1,700 Delta pilots still faced fallouts, which were pushed back to Nov. 1 last week while the airline and the union representing its pilots continued negotiating.
",about 1700 delta pilots still face furloughs which were pushed back to nov one last week while the airline and the union representing its pilots continue negotiating,about 1700 delta pilots still faced fallouts which were pushed back to nov one last week while the airline and the union representing its pilots continued negotiating
igbo,clinical,Pt had one episode of hypoglycemia to 38 after TPN d/c'd.,Patients had one episode of hypoglycemia so 38 after the TPN is continued.,pt had one episode of hypoglycemia to 38 after tpn d c would,patients had one episode of hypoglycemia so 38 after the tpn is continued
igbo,clinical,"215. Aneurysm formation is believed to be associated with a loss of the nutrient flow and elastic component of the vessels, leading to progressive dilatation.","215 A new raising formation is believed to be associated with a loss of the nutrient flow or elastic component of the vessels, leading to progressive dilatation.",215 aneurysm formation is believed to be associated with a loss of the nutrient flow and elastic component of the vessels leading to progressive dilatation,215 a new raising formation is believed to be associated with a loss of the nutrient flow or elastic component of the vessels leading to progressive dilatation
igbo,general,"Our correspondent, who was on the bus, observed that Bolarinwa entered the seat beside the driver and dragged the wheel while trying to force the vehicle to a halt.","Our correspondent, who was on the bus, observed that Bolarinwa entered the seat beside the driver and dragged the wheel while trying to force the vehicle to a halt.
",our correspondent who was on the bus observed that bolarinwa entered the seat beside the driver and dragged the wheel while trying to force the vehicle to a halt,our correspondent who was on the bus observed that bolarinwa entered the seat beside the driver and dragged the wheel while trying to force the vehicle to a halt
igbo,clinical,uo 45-60cc/hr.,UO 45-60cch.,uo 45 60 cc hr,uo 45 60 cch
igbo,clinical,It is commonly used in the maintenance of general anesthetic in concentrations of 5070 in oxygen in combination with other inhalational or intravenous agents.,It is commonly used in the maintenance of general anesthetic in concentrations of 5070 in oxygen in combination with other inhalational or intravenous agents.,it is commonly used in the maintenance of general anesthetic in concentrations of 5070 in oxygen in combination with other inhalational or intravenous agents,it is commonly used in the maintenance of general anesthetic in concentrations of 5070 in oxygen in combination with other inhalational or intravenous agents
igbo,clinical,"Using the largest curette available or suction curettage is a safer choice than a small curette, which tends to cause perforation with less pressure.","Useing the largest curate available on suction curatage is a separate choice than a small curate, which tends to cause perforation with an expression.",using the largest curette available or suction curettage is a safer choice than a small curette which tends to cause perforation with less pressure,useing the largest curate available on suction curatage is a separate choice than a small curate which tends to cause perforation with an expression
igbo,general,"Bilateral ear discharge of 3 days duration and fever of 3 days duration. Bilateral ear discharge was first noticed 3 days ago. Mansurah Chinomso has had ear syringing in the past
",Bilateral ear discharge of 3 days duration and fever of 3 days duration. Bilateral ear discharge was first noticed 3 days ago. Mansura Chinmonsu has had ear syringing in the past.,bilateral ear discharge of 3 days duration and fever of 3 days duration bilateral ear discharge was 1st noticed 3 days ago mansurah chinomso has had ear syringing in the past,bilateral ear discharge of 3 days duration and fever of 3 days duration bilateral ear discharge was 1st noticed 3 days ago mansura chinmonsu has had ear syringing in the past
igbo,clinical,He is not obviously in CHF.,He is not obviously in CHF.,he is not obviously in chf,he is not obviously in chf
igbo,general,"His 1.4 blocked shots per game ranked second in the conference.
","His 1.4 blocked shots per game ranked second in the conference.
",his one.4 blocked shots per game ranked 2nd in the conference,his one.4 blocked shots per game ranked 2nd in the conference
igbo,clinical,Facial grimaces to turning and suctioning overbreathing vent.,Facial grimaces to turning and suctioning over beating vents.,facial grimaces to turning and suctioning overbreathing vent,facial grimaces to turning and suctioning over beating vents
igbo,clinical,"Despite the ubiquity of religious and spiritual experience, it is frequently neglected during routine psychiatric evaluation.","Despite the ubiquity of religious and spiritual experience, it is frequently neglected during routine psychiatric evaluation.",despite the ubiquity of religious and spiritual experience it is frequently neglected during routine psychiatric evaluation,despite the ubiquity of religious and spiritual experience it is frequently neglected during routine psychiatric evaluation
igbo,clinical,No acute distress  Eyes / Conjunctiva: PERRL,No acute distress eyes sslaaas conductiva semicolon PERRL.,no acute distress eyes conjunctiva perrl,no acute distress eyes sslaaas conductiva semicolon perrl
igbo,clinical,Endoscopic and pathologic findings usually include features common to both diseases.,Endoscopic and pathologic findings usually include features common to both diseases.,endoscopic and pathologic findings usually include features common to both diseases,endoscopic and pathologic findings usually include features common to both diseases
igbo,general,"The patient was in a hurry to get thier Labs and Radiology result from Arzika Chilaka Diagnostic center, Enugu","The patient was in a hurry to get their labs and radiology resolved for Azika-Chilacal DxC center, Enogo
",the patient was in a hurry to get thier labs and radiology result from arzika chilaka diagnostic center enugu,the patient was in a hurry to get their labs and radiology resolved for azika chilacal dxc center enogo
igbo,clinical,A: PO feeding with minimal  waking early for feeds improved suck/swallow coordination.,A. poor feeding with minimal waking early for feeds improved sox slash swallow coordination.,a po feeding with minimal waking early for feeds improved suck swallow coordination,a poor feeding with minimal waking early for feeds improved sox slash swallow coordination
igbo,general,"Her 15-year-old daughter was recently talking to me and said: You broke up Mums marriage, didnt you?
","Ah 15 year old daughter was recently talking to me and said you broke up mums marriage, didn't you?",her 15 year old daughter was recently talking to me and said you broke up mums marriage didnt you,ah 15 year old daughter was recently talking to me and said you broke up mums marriage did not you
igbo,general,"The company has a current ratio of 1.59, a quick ratio of 1.59 and a debt-to-equity ratio of 0.56.","The company has a current ratio of 1.59, a peak ratio of 1.59 and a depth to a peak ratio of 0.56.
",the company has a current ratio of one.59 a quick ratio of one.59 and a debt to equity ratio of 0.56,the company has a current ratio of one.59 a peak ratio of one.59 and a depth to a peak ratio of 0.56
igbo,clinical,BILI: Single phototherapy shut off at 0500 this morning.,BILI single phototherapy shot off at 0500 this morning.,bili single phototherapy shut off at 500 this morning,bili single phototherapy shot off at 500 this morning
igbo,general,Jordan Clarkson is staying at Utah after sealing a four-year 52 million deal while Derrick Favors is returning to the Jazz on a deal that will pay him nearly 30 million for three seasons.,"Jedan Clarkson is staying at Utah after selling a 4-year 52 million deal while Derrick Favors is returning to the Jazz on a deal that will pay him nearly 30 million for three seasons.
",jordan clarkson is staying at utah after sealing a 4 year 52000000 deal while derrick favors is returning to the jazz on a deal that will pay him nearly 30000000 for 3 seasons,jedan clarkson is staying at utah after selling a 4 year 52000000 deal while derrick favors is returning to the jazz on a deal that will pay him nearly 30000000 for 3 seasons
igbo,clinical,X 1 BM-pt incontinent of liquid brown stool.,X1BM PT IN CONTINUED OF LIQUID BRONZTOO.,x one bm pt incontinent of liquid brown stool,x one bm pt in continued of liquid bronztoo
igbo,general,"Willis Towers Watson tracked excessumbrella and directors and officers liability insurance as generating the largest price increases.
",Willis Towers vaccine   tract excess umbrella and directors and officers liability   insurance as generating the largest price increases.,willis towers watson tracked excessumbrella and directors and officers liability insurance as generating the largest price increases,willis towers vaccine tract excess umbrella and directors and officers liability insurance as generating the largest price increases
igbo,general,"Allen finally scored his first points on a pair of free throws with 6:23 left as the Nets chewed away at that lead, but Toronto led 84-68 at the end of the third.
","Allan finally scored his first point on a pair of free throws with sixth column 23 left as the net chewed away at that lead, but Toronto led 84-68 at the end of the third.
",allen finally scored his 1st points on a pair of free throws with 6 23 left as the nets chewed away at that lead but toronto led 84 68 at the end of the 3rd,allan finally scored his 1st point on a pair of free throws with 6th column 23 left as the net chewed away at that lead but toronto led 84 68 at the end of the 3rd
igbo,general,"We are also reforming education, we are going to reform education in the command and secondary schools.
","We are also reforming education, we are going to reform education in the command and secondary schools.
",we are also reforming education we are going to reform education in the command and secondary schools,we are also reforming education we are going to reform education in the command and secondary schools
igbo,clinical,ENDO: Finger sticks remain elevated.,Endometriosis column. Fingertips remain elevated.,endo finger sticks remain elevated,endometriosis column fingertips remain elevated
igbo,general,"Shortly after this, Boris rapidly became stronger.
","Shortly after this, bowel is rapidly became stronger.",shortly after this boris rapidly became stronger,shortly after this bowel is rapidly became stronger
igbo,general,"After coming to power, Crown Prince Mohammed has been behind several anti-corruption campaigns, including turning Riyadhs Ritz-Carlton hotel into a luxury prison in late 2017 as part of a mass arrest of businessmen, royals and others.
","After coming to power, Prime Prince Mohammed has been behind several anti-corruption campaigns, including turning Riyaz Rijs-Caldeson Hotel into a luxury prison in late 2017 as part of a mass arrest of businessmen, royals and others.
",after coming to power crown prince mohammed has been behind several anti corruption campaigns including turning riyadhs ritz carlton hotel into a luxury prison in late 2017 as part of a mass arrest of businessmen royals and others,after coming to power prime prince mohammed has been behind several anti corruption campaigns including turning riyaz rijs caldeson hotel into a luxury prison in late 2017 as part of a mass arrest of businessmen royals and others
igbo,general,As advertisers shift media.,As advertisers shift media.,as advertisers shift media,as advertisers shift media
igbo,clinical,"They believe that recurrent acute middle ear infection in childhood, acts as a stimulus for the process of cholesteatoma formation.",They believe that recurrent acute middle ear infection in childhood acts as a stimulus for the process of cholesteroid atomal formation.,they believe that recurrent acute middle ear infection in childhood acts as a stimulus for the process of cholesteatoma formation,they believe that recurrent acute middle ear infection in childhood acts as a stimulus for the process of cholesteroid atomal formation
igbo,general,Shift in global networks,"Shift in Global Networks
",shift in global networks,shift in global networks
igbo,clinical,Or no animal studies have been conducted and there are no adequate and well-controlled studies in pregnant women.,"Unknown animal studies have been conducted and there are no adequate and well-controlled studies in pregnant women.
",or no animal studies have been conducted and there are no adequate and well controlled studies in pregnant women,unknown animal studies have been conducted and there are no adequate and well controlled studies in pregnant women
igbo,clinical,CHEST PORTABLE AP            Reason: ptx Admitting Diagnosis: STATUS POST CARDIAC ARREST; UNABLE TO WEAN,CHEST PORTABLE AP                 Reason- PTX Admitting Diagnosis- Status post cardiac arrest unable to wean.,chest portable ap reason ptx admitting diagnosis status post cardiac arrest unable to wean,chest portable ap reason ptx admitting diagnosis status post cardiac arrest unable to wean
igbo,clinical,infection cont low-grade temp on abx.,Infection Cont Low Grade temp on ABX.,infection cont low grade temp on abx,infection cont low grade temp on abx
igbo,clinical,"Carcinogenesis 13:783-786 Pillai R,  Balaram P,  Reddiar K S 1992 Pathogenesis of oral submucous fibrosis.","Casinogenesis 13,783-786 Pilar R, Balarang P, Radial KS 1992 Pathogenesis of oral submucous fibrosis.",carcinogenesis 13 783 786 pillai r balaram p reddiar k s 1992 pathogenesis of oral submucous fibrosis,casinogenesis 13783 786 pilar r balarang p radial ks 1992 pathogenesis of oral submucous fibrosis
igbo,general,"What we see in this cabinet is a riot of will.
","What we see in this cabinet is a riot of will.
",what we see in this cabinet is a riot of will,what we see in this cabinet is a riot of will
igbo,clinical,Dexedrine 5 mg per day and Motrin 600 mg tid .,Exadreem 5mg per day and Murtrain 600mg TIG.,dexedrine 5 mg per day and motrin 600 mg tid,exadreem 5 mg per day and murtrain 600 mg tig
igbo,clinical,Fio2 wean from 80% down to 50% overnight with good result.,Fraction of inspired oxygine flowing from 80% down to 50% overweight with good results.,fio 2 wean from 80% down to 50% overnight with good result,fraction of inspired oxygine flowing from 80% down to 50% overweight with good results
igbo,clinical,CT HEAD W/O CONTRAST Study Date of Wed 28 Mar 2007 4: 23 PM,CT head without contrast studied date of Wednesday 28 March 2097 4 23 PM,ct head w 0 contrast study date of wed 28 mar 2007 4 23 pm,ct head without contrast studied date of wednesday 28 march 2097 4 23 pm
igbo,clinical,Remains on low flow nasal cannula with occasional saturation drifts.,Remains on low flow nasal cannula with occasional saturation drift.,remains on low flow nasal cannula with occasional saturation drifts,remains on low flow nasal cannula with occasional saturation drift
igbo,general,"The players were really keen to get Ben but put simply there was a split view really between the president, myself, CEO and football manager.
","The players were really keen to get to Ben but put simply there was a split view really between the president, myself, CEO and football manager.
",the players were really keen to get ben but put simply there was a split view really between the president myself ceo and football manager,the players were really keen to get to ben but put simply there was a split view really between the president myself ceo and football manager
igbo,general,"As far back as 2010, Abuja was home to Chibudom Ebide and Jideofor who were close friends.
","Farbrass 2010, Abuja was home to Chibudon Ebide and Jiddu for who were close friends.
",as far back as 2010 abuja was home to chibudom ebide and jideofor who were close friends,farbrass 2010 abuja was home to chibudon ebide and jiddu for who were close friends
igbo,clinical,No cyanosis clubbing or edemaSkin: No rash Warm and dryNeuro: Moving all 4 extremities,"No cyanosis, clubbing or edema, skin no rash, warm and dry, neuro moving all for extremities.",no cyanosis clubbing or edemaskin no rash warm and dryneuro moving all 4 extremities,no cyanosis clubbing or edema skin no rash warm and dry neuro moving all for extremities
igbo,general,"Thanks to the hard work and dedication of NHS staff, hospitals have not been overwhelmed and intensive care capacity continues to meet the needs of patients.
","Danks to the hard work and dedication of Asunain Health NHS staff, hospitals that have not been overwhelmed and intensive care capacity continues to make the needs of patients.",thanks to the hard work and dedication of nhs staff hospitals have not been overwhelmed and intensive care capacity continues to meet the needs of patients,danks to the hard work and dedication of asunain health nhs staff hospitals that have not been overwhelmed and intensive care capacity continues to make the needs of patients
igbo,clinical,The absolute reported incidence varies across trials from approximately 8 to 25 at the highest dose of ChI compared with 3 to 10 in comparable placebo patients. ,"In this case, the incidence varies across trials from approximately 8 to 25 at the highest dose of Classical Hyborphine Lactatatate 3 to 10 incompatible placebo patients.",the absolute reported incidence varies across trials from approximately 8 to 25 at the highest dose of chi compared with 3 to 10 in comparable placebo patients,in this case the incidence varies across trials from approximately 8 to 25 at the highest dose of classical hyborphine lactatatate 3 to 10 incompatible placebo patients
igbo,clinical,Denies chest pain dizziness or lightheadedness; no palpitations.,"Denies chest pain, dizziness or light-headedness no palpitations.",denies chest pain dizziness or lightheadedness no palpitations,denies chest pain dizziness or light headedness no palpitations
igbo,clinical,"118. Although left ventricular systolic dysfunction related to excessive afterload is reversible early in the course, irreversible damage occurs once chamber enlargement predominates as the primary cause of diminished myocardial contractility.","118 Although left ventricular systolic dysfunction related to excessive afterload is reversibly early in the course, irreversible damage occurs once chamber enlargement predominates as a primary cause of diminished myocardial contractility.",118 although left ventricular systolic dysfunction related to excessive afterload is reversible early in the course irreversible damage occurs once chamber enlargement predominates as the primary cause of diminished myocardial contractility,118 although left ventricular systolic dysfunction related to excessive afterload is reversibly early in the course irreversible damage occurs once chamber enlargement predominates as a primary cause of diminished myocardial contractility
igbo,clinical,Weight bearing status was increased to weight bearing as tolerated .,Weight bearing status was increased to weight bearing as tolerated.,weight bearing status was increased to weight bearing as tolerated,weight bearing status was increased to weight bearing as tolerated
igbo,general,Uno said its an iced tea brand he thinks.,"Uunu said its an iced tea brand it takes.
",uno said its an iced tea brand he thinks,uunu said its an iced tea brand it takes
igbo,clinical,BP LABILE 90-160/SYS ELEVATED WITH LIGHTENING OF SEDATION.,BP             LabI 90-160   Cystolic   Elevated with light nano-sedation.,bp labile 90 160 sys elevated with lightening of sedation,bp labi 90 160 cystolic elevated with light nano sedation
igbo,clinical,Continues Amiodarone.,"Continues Amiyu Darun
",continues amiodarone,continues amiyu darun
igbo,clinical,"There is evidence of over expression of hexose transporters, specifically SGLT1, in disease states suchas diabetes.","There is evidence of overexpression of hexos transporters, specifically SGLT1, in disease states such as diabetes.",there is evidence of over expression of hexose transporters specifically sglt one in disease states suchas diabetes,there is evidence of overexpression of hexos transporters specifically sglt one in disease states such as diabetes
igbo,clinical,"Unlike parenteral gold compounds, auranon does not accumulate appreciably in the skin.","Unlike parenteral gold compounds, Oranus does not accumulate appreciate play in the skin.",unlike parenteral gold compounds auranon does not accumulate appreciably in the skin,unlike parenteral gold compounds oranus does not accumulate appreciate play in the skin
igbo,general,Not all visitors thought that the mill was in good condition.,"Norah visitors thought that the meal was in good condition.
",not all visitors thought that the mill was in good condition,norah visitors thought that the meal was in good condition
igbo,clinical,SBP TOL >80 PER TEAM.,SBPTOL greater than 80%,sbp tol 80 per team,sbptol greater than 80%
igbo,clinical,Otherwise not moving.,otherwise not moving.,otherwise not moving,otherwise not moving
igbo,clinical,"SUSPENSION, ORAL CLOBAZAM, CLOBAZAM, 2.5MG/ML","SUSPENTION, ORAL CLOBASAN, CLOBASAN, 2.5MGP.",suspension oral clobazam clobazam 2.5 mg ml,suspention oral clobasan clobasan 2.5 mgp
igbo,general,"It is not about access to all those things that is the problem, it is their use.
","It is not about access to all those things that is the problem, it is their use.
",it is not about access to all those things that is the problem it is their use,it is not about access to all those things that is the problem it is their use
igbo,clinical,Twenty to fifty percent of the population normally have a positive Phalens and Tinels test.,20-50% of the population normally have a positive phalanx and thin nose test.,20 to 50% of the population normally have a positive phalens and tinels test,20 50% of the population normally have a positive phalanx and thin nose test
igbo,clinical,Line - Prophylaxis: DVT: Stress ulcer: VAP: Comments: Communication: Comments: Code status: Disposition :,Line-prophylaxis deep vein thrombosis stress ulcer ventilator associated pneumonia. Comments Communication Comments Code status Disposition,line prophylaxis dvt stress ulcer vap comments communication comments code status disposition,line prophylaxis deep vein thrombosis stress ulcer ventilator associated pneumonia comments communication comments code status disposition
igbo,clinical,Consideration will be given in that case to intubation and surfactant administration.,Conc would be given in that case to intubation and surfactant administration.,consideration will be given in that case to intubation and surfactant administration,conc would be given in that case to intubation and surfactant administration
igbo,general,"Members donate or pledge 10,000 or more to the endowment fund.
","Members donate or pledge 10,000 or more to the Endowment Fund.
",members donate or pledge 10000 or more to the endowment fund,members donate or pledge 10000 or more to the endowment fund
igbo,clinical,"Severely ill infantsmaybebornwithhydropsandhaveprofoundanemia.
",Severely ill infants may be born with hydrops and half-profound anemia.,severely ill infantsmaybebornwithhydropsandhaveprofoundanemia,severely ill infants may be born with hydrops and half profound anemia
igbo,clinical,Important: Always read carefully the manufacturer’s instructions regarding the storage and handling of explosive chemicals.,Impotence   Always read carefully the manufacturer's instructions regarding the storage and handling of explosive chemicals.,important always read carefully the manufacturer s instructions regarding the storage and handling of explosive chemicals,impotence always read carefully the manufacturer is instructions regarding the storage and handling of explosive chemicals
igbo,clinical,Tue 24 Aug 2021 4: 54 A.M ABDOMEN SUPINE and ERECT Reason: Please assess for bowel dilatation or other signs of obstruction,Tuesday 24 August 2021 4  54 AM ABDOMEN SUPINE AN ERECT REASON        Please accept for bowel dilatation or other signs of obstruct,tue 24 aug 2021 4 54 a m abdomen supine and erect reason please assess for bowel dilatation or other signs of obstruction,tuesday 24 august 2021 4 54 am abdomen supine an erect reason please accept for bowel dilatation or other signs of obstruct
igbo,clinical,"Parotid involvement, trismus, fever, and sepsis common with an infection here.","Parotide involvement, thrice month, fever, and sepsis common with an infection year.",parotid involvement trismus fever and sepsis common with an infection here,parotide involvement thrice month fever and sepsis common with an infection year
igbo,clinical,"TABLET, ORAL ILOPERIDONE, ILOPERIDONE, 10MG","TABLET, ORAL YLLOPEIDONE, YLLOPEIDONE, 30MG",tablet oral iloperidone iloperidone 10 mg,tablet oral yllopeidone yllopeidone 30 mg
igbo,general,"Serbia-based Ben Nabouhane took advantage of two defensive mix-ups to fire the visitors into a 13th-minute lead at a packed National Heroes Stadium.
","Serber-based Ben Nabon took advantage of two defence mix-ups to fire the visitors into a 13th-minute lead at a Parked National Hero Stadium.
",serbia based ben nabouhane took advantage of 2 defensive mix ups to fire the visitors into a 13th minute lead at a packed national heroes stadium,serber based ben nabon took advantage of 2 defense mix ups to fire the visitors into a 13th minute lead at a parked national hero stadium
igbo,clinical,Heart disease will frequently have extracardiac manifestations and examination of the other organ systems should not be neglected.,Heart disease will frequently have extracardiac manifestations and examination of the other organ systems should not be neglected.,heart disease will frequently have extracardiac manifestations and examination of the other organ systems should not be neglected,heart disease will frequently have extracardiac manifestations and examination of the other organ systems should not be neglected
igbo,general,"Do these words sound like the ravings of a bigot?
","Do this word sounds like the living of a bigfoot?
",do these words sound like the ravings of a bigot,do this word sounds like the living of a bigfoot
igbo,general,"SOCIAL WORK NOTE: Spoke with one of pt Ojaoroo Afoyay sons and one of his today at bedside to offer support.
","Social Work Note:"" Spoke with one of Pt Oja Oro Afoye sons and one of his today at bedside to offer support.
",social work note spoke with one of pt ojaoroo afoyay sons and one of his today at bedside to offer support,social work note spoke with one of pt oja oro afoye sons and one of his today at bedside to offer support
igbo,general,"A week later, the countrys government authorized a medical flight evacuation, starting with the ships passengers from Australian and New Zealand.","A week later, the countries government authorized a medical flight evacuation, starting with the ships passengers from Australia and New Zealand.
",a week later the countrys government authorized a medical flight evacuation starting with the ships passengers from australian and new zealand,a week later the countries government authorized a medical flight evacuation starting with the ships passengers from australia and new zealand
igbo,general,Box Braids on ESSENCEs April 2019 Cover,Box breeds on Essence April 2019 cover.,box braids on essences april 2019 cover,box breeds on essence april 2019 cover
igbo,general,"Ogunsusi began playing the piano when he was a young child at Kabba elementary school
","Yogun Susi began playing the piano when he was a young child at Kabba Elementary School
",ogunsusi began playing the piano when he was a young child at kabba elementary school,yogun susi began playing the piano when he was a young child at kabba elementary school
igbo,clinical,14-06-1992 3: 17 AM CHEST PORTABLE AP            Reason: ?PNA,14-06-1992 3. 17 AM CHEST PORTABLE AP               Reason? PNA,14 6 1992 3 17 am chest portable ap reason pna,14 6 1992 3 17 am chest portable ap reason pna
igbo,clinical,"If the level of the electrolyte is below that recommended, top it up using deionized or distilled water from a non-metallic container or special battery water available from most garages.","If the level of the electrolyte is below that recommended, top it up using deionized or distilled water from a non-metallic container or special battery water available from most garages.",if the level of the electrolyte is below that recommended top it up using deionized or distilled water from a non metallic container or special battery water available from most garages,if the level of the electrolyte is below that recommended top it up using deionized or distilled water from a non metallic container or special battery water available from most garages
igbo,general,Each level has a particular theme.,H level has a particular team.,each level has a particular theme,h level has a particular team
igbo,general,"Empty weight : approximately 9 , 800 lb  4 , 445 kg","Empty weight column accused Medline 9, 800 IB 4, 445 kg.",empty weight approximately 9 800 lb 4 445 kg,empty weight column accused medline 9 800 ib 4 445 kg
igbo,clinical,EP consult felt this could have been seizure related.,EP consult felt this could have been seizure-related.,ep consult felt this could have been seizure related,ep consult felt this could have been seizure related
igbo,clinical,Breathing through the mouth helps prevent aspiration of solution.,BREEDING THROUGH THE MOUSE HELPS PREVENT ASPIRATION OF SOLUTION.,breathing through the mouth helps prevent aspiration of solution,breeding through the mouse helps prevent aspiration of solution
igbo,general,"This February 24, 2020 photo taken in New York, shows some of the many brands and types of honey available today.
","This February 24, 2020 photo taken in New York, shows some of the many brands and types of honey available today.
",this february 24 2020 photo taken in new york shows some of the many brands and types of honey available today,this february 24 2020 photo taken in new york shows some of the many brands and types of honey available today
igbo,clinical,Cells of different tissues essentially require oxygen to generate energy and perform metabolic functions.,Cells of different tissues essentially require oxygen to generate energy and perform metabolic functions.,cells of different tissues essentially require oxygen to generate energy and perform metabolic functions,cells of different tissues essentially require oxygen to generate energy and perform metabolic functions
igbo,general,"The Lawan kite is flown already.
","The Lawan kite is flown already.
",the lawan kite is flown already,the lawan kite is flown already
igbo,general,Agent Cody Banks is an American film set in 2002.,Agent Cody Banks is an American film set in 2002.,agent cody banks is an american film set in 2002,agent cody banks is an american film set in 2002
igbo,clinical,"Surgical exploration in recipients with thrombosis, usually requires a graft pancreatectomy.",Surgical exploration in recipients with thrombosis usually requires a graft-backed retectomy.,surgical exploration in recipients with thrombosis usually requires a graft pancreatectomy,surgical exploration in recipients with thrombosis usually requires a graft backed retectomy
igbo,general,Wale Adebanwi on Mama HID (63),Wallay Adebanwe or Mama HID open brackets 63 close brackets.,wale adebanwi on mama hid,wallay adebanwe or mama hid open brackets 63 close brackets
igbo,general,"To which Maria replied, Is that what you want to bring up here? Dont even allow me to bring up all the things you did in Dubai.","To which Mariah replied, Is that what you want to bring up here? dont even allow me to bring up all the things you did in Dubai.
",to which maria replied is that what you want to bring up here dont even allow me to bring up all the things you did in dubai,to which mariah replied is that what you want to bring up here dont even allow me to bring up all the things you did in dubai
igbo,clinical,additionally infant with decreased perfusion and received 20 ml/kg normal saline bolus.,"Additionally, infant with decreased perfusion and received 20 mg normal saline bolus.",additionally infant with decreased perfusion and received 20 ml kg normal saline bolus,additionally infant with decreased perfusion and received 20 mg normal saline bolus
igbo,clinical,is best understood by knowing the normal process of cholesterol metabolism transport which is briefly described below.,Her phone is best understood by knowing the normal process of cholesterol and metabolism transfer which is briefly described below.,is best understood by knowing the normal process of cholesterol metabolism transport which is briefly described below,her phone is best understood by knowing the normal process of cholesterol and metabolism transfer which is briefly described below
igbo,clinical,This often involves the dynamics of their current individual or partner life or the in sequence of their past relationships on their present.,"This often involves the dynamics of their current individual or partner life or in the end of their past relationships on their present.
",this often involves the dynamics of their current individual or partner life or the in sequence of their past relationships on their present,this often involves the dynamics of their current individual or partner life or in the end of their past relationships on their present
igbo,general,"But there is no way to know without calculus whether the tangent is exactly right, and our eyes are not accurate enough to be certain whether it is exact or simply very close.
",But there is no way to know without calculus whether it was possible.,but there is no way to know without calculus whether the tangent is exactly right and our eyes are not accurate enough to be certain whether it is exact or simply very close,but there is no way to know without calculus whether it was possible
igbo,general,"But whether Me and You and Everyone We Know is punk or not doesnt matter when its so many other things: twee, gentle, quirky, sweet to a point and, above all else, true to Julys artistic spirit.
",But whether Mia new and everyone we know is punk or not doesnt matter when its so many other things                                                                                                                                                                                                            ,but whether me and you and everyone we know is punk or not doesnt matter when its so many other things twee gentle quirky sweet to a and above all else true to julys artistic spirit,but whether mia new and everyone we know is punk or not doesnt matter when its so many other things
igbo,general,"Bellos sentenced Aliyu to 15 months imprisonment with an option of fine of N30,000 and 30 lashes of cane before the court.
","Bellos sentence Aliyu to 15 months imprisonment with an option of fine of N30,000 and 30 lashes of cane before the court.
",bellos sentenced aliyu to 15 months imprisonment with an option of fine of n 30000 and 30 lashes of cane before the court,bellos sentence aliyu to 15 months imprisonment with an option of fine of n 30000 and 30 lashes of cane before the court
igbo,clinical,Estrogen may work by stimulating the production of progesterone receptors in the myometrium.,It may work by stimulating the production of progesterone receptors in the myomerchum.,estrogen may work by stimulating the production of progesterone receptors in the myometrium,it may work by stimulating the production of progesterone receptors in the myomerchum
igbo,clinical,Comprehensive evaluation to rule out medical conditions that could have caused the presenting symptoms.,Comprehensive evaluation to roll out medical conditions that could have caused the presenting symptoms.,comprehensive evaluation to rule out medical conditions that could have caused the presenting symptoms,comprehensive evaluation to roll out medical conditions that could have caused the presenting symptoms
igbo,clinical,clear yellow urine stoma is pink appearance is intact.,Clear yellow urine. Stomach is pink. Appliances intact.,clear yellow urine stoma is pink appearance is intact,clear yellow urine stomach is pink appliances intact
igbo,clinical,Patients with supra ventricular extrasystoles and intermittent paroxysms of atrial brillation may benet from   -receptor blockade with propranolol.,Patients with superventricular extra systoles and intermittent pyrolyms of atrial fibrillation may benefit from-receptor blockage with propranolus.,patients with supra ventricular extrasystoles and intermittent paroxysms of atrial brillation may benet from receptor blockade with propranolol,patients with superventricular extra systoles and intermittent pyrolyms of atrial fibrillation may benefit from receptor blockage with propranolus
igbo,general,"If you are to advice the South West governors, what will you tell them?
","If you are to advise the South West Governors, what will you tell them?
",if you are to advice the south west governors what will you tell them,if you are to advise the south west governors what will you tell them
igbo,clinical,"However, other associated focal signs like diplopia, ipsilateral ataxia, facial paralysis and homonymous hemianopia indicate that the lesion is in the vascular system rather than in the inner ear.","However, other associated focal signs like diplopia,                                                                                                                                                                                                                      ",however other associated focal signs like diplopia ipsilateral ataxia facial paralysis and homonymous hemianopia indicate that the lesion is in the vascular system rather than in the inner ear,however other associated focal signs like diplopia
igbo,general,"He said that content creators in Africa would receive support from YouTube through virtual and in-person training and workshops to help them grow their channels and improve their skills.
","He said that content creators in Africa would receive support from YouTube through virtual and in-person training and workshops to help them grow their channels and improve their skills.
",he said that content creators in africa would receive support from youtube through virtual and in person training and workshops to help them grow their channels and improve their skills,he said that content creators in africa would receive support from youtube through virtual and in person training and workshops to help them grow their channels and improve their skills
igbo,general,"We just looked the other way, a former executive explains.
","We just looked the other way, a former executive explained.
",we just looked the other way a former executive explains,we just looked the other way a former executive explained
igbo,clinical,"148, 910, 11151216, 1713EQUIPPING DISTRICT LABORATORIES165 Petri dishes reusableStandard size Pyrex : Lid diameter 80 mm base 74 mm, or lid 100 mmbase 94 mm.",144,148 910 11151216 1713 equipping district laboratories 165 petri dishes reusablestandard size pyrex lid diameter 80 base 74 or lid 100 mmbase 94,144
igbo,clinical,Action: Regular insulin sliding scale ordered cont Q1-2H blood sugar checks.,Action  Regular insulin Sliding scale ordered Cont q1-2h blood sugar checks,action regular insulin sliding scale ordered cont q one 2 h blood sugar checks,action regular insulin sliding scale ordered cont q one 2 h blood sugar checks
igbo,general,"Uchendu began playing the piano when he was a young child at Sokoto elementary school
","Uchendu began playing the piano when he was a young child at Sokoto elementary school.
",uchendu began playing the piano when he was a young child at sokoto elementary school,uchendu began playing the piano when he was a young child at sokoto elementary school
igbo,general,"He was also the first Commissioner for Arts, Culture and Tourism in Nigeria.","He was also the first commissioner for arts, culture and tourism in Nigeria.
",he was also the 1st commissioner for arts culture and tourism in nigeria,he was also the 1st commissioner for arts culture and tourism in nigeria
igbo,general,"Ben Lovett admitted they were surprised to win anything this year, after having received so many nominations last year and losing over and over.
","Ben Lovell had admitted he was surprised to win anything this year, after having received so many nominations last year and losing over and over.
",ben lovett admitted they were surprised to win anything this year after having received so many nominations last year and losing over and over,ben lovell had admitted he was surprised to win anything this year after having received so many nominations last year and losing over and over
igbo,general,This study builds on her previous work examining what qualities and skills make for stronger middle-grade science teachers.,"This study builds on her previous work examining what qualities and skills make for stronger middle-grade science teachers.
",this study builds on her previous work examining what qualities and skills make for stronger middle grade science teachers,this study builds on her previous work examining what qualities and skills make for stronger middle grade science teachers
igbo,general,"A year and a half later Schubert, too, had died.
","A year and a half later Shewbeth, two, had died.
",a year and a half later schubert too had died,a year and a half later shewbeth 2 had died
igbo,general,"Nini said, Arin, it doesnt matter if you dont handle your page but your people should know your people. Whoever handling your page will know you are my girl and they wouldnt leave that comment no matter what.
","Nini said,                                                                                                                                                                                                                             ",nini said arin it doesnt matter if you dont handle your page but your people should know your people whoever handling your page will know you are my girl and they wouldnt leave that comment no matter what,nini said
igbo,clinical,"I each species Rance,when the childs behavior has become appropriate, he or she should be praised, and extra attention should be given.","In each specific instance, when the childs behavior has become appropriate, he or she should be praised, and extra attention should be given.
",i each species rance when the childs behavior has become appropriate he or she should be praised and extra attention should be given,in each specific instance when the childs behavior has become appropriate he or she should be praised and extra attention should be given
igbo,clinical,"On the day of admission she returned to the outside hospital Emergency Room where an abdominal CT was performed, which showed "" thickened stomach and free air .""",On the day of admission she returned to the outside hospital emergency room where an abdominal CT was performed which showed thickened stomach and free air.,on the day of admission she returned to the outside hospital emergency room where an abdominal ct was performed which showed thickened stomach and free air,on the day of admission she returned to the outside hospital emergency room where an abdominal ct was performed which showed thickened stomach and free air
igbo,clinical,She requested that friends Mahpotay and Linma remain with her during interview; Abbey Ekasay interpreted.,"She requested that friends Mapote and Leemah remain with her during interview Abbey Ecasay interpreted.
",she requested that friends mahpotay and linma remain with her during interview abbey ekasay interpreted,she requested that friends mapote and leemah remain with her during interview abbey ecasay interpreted
igbo,general,"A public elementary school , Basin Grade School , serves 15 to 20 students , pre - kindergarten through sixth grade . Older students attend school in Boulder .","A public elementary school, basin grade school, starts 15-20 students, pre-kingergarten through sixth grade. Older students attend school in Boulder.
",a public elementary school basin grade school serves 15 to 20 students pre kindergarten through 6th grade older students attend school in boulder,a public elementary school basin grade school starts 15 20 students pre kingergarten through 6th grade older students attend school in boulder
igbo,general,"Ijeudo came down with Akajiaku disease, and was treated with Ikechukwu drug at Jos hospital on 09 Feb, 1975
","Idojo came down with Akajaku disease, and was treated with Ikechukwu drug at Jos hospital on 09 February, 1975
",ijeudo came down with akajiaku disease and was treated with ikechukwu drug at jos hospital on 9 feb 1975,idojo came down with akajaku disease and was treated with ikechukwu drug at jos hospital on 9 february 1975
igbo,clinical,CARD--Ukonwa BP STABLE AND HR 80-90'S.,Card Oconwa BP stable and HR 80-90's.,card ukonwa bp stable and hr 80 90 is,card oconwa bp stable and hr 80 90 is
igbo,general,"Which unfortunately brings us to the question of whether well have a free and fair election, even by our own low standards.","Which unfortunately brings us to the question of whether well has a free and fair election, even by our own low standards.
",which unfortunately brings us to the question of whether well have a free and fair election even by our own low standards,which unfortunately brings us to the question of whether well has a free and fair election even by our own low standards
igbo,clinical,Stimulants should be reserved for short-term use.,Stimulants should be reserved for short-term use.,stimulants should be reserved for short term use,stimulants should be reserved for short term use
igbo,clinical,AhmayNeurosurgery team was immediately consulted regarding his subdural hematoma.,Amen neurosurg team was immediately consulted regarding his subdural hematoma.,ahmayneurosurgery team was immediately consulted regarding his subdural hematoma,amen neurosurg team was immediately consulted regarding his subdural hematoma
igbo,general,"This is included in the districts recently adopted 2020-21 school budget.
","This is included in the district's recently adopted 2020-21 school project.
",this is included in the districts recently adopted 2020 21 school budget,this is included in the district is recently adopted 2020 21 school project
igbo,general,The words translate literally to a pious person in a fur coat.,The worlds translates literally to a pile spacing in a form code.,the words translate literally to a pious person in a fur coat,the worlds translates literally to a pile spacing in a form code
igbo,clinical,"During this time adequate collateral circulation develops, which is sufficient to avoid acute venous hypertension.","During this time acute collateral circulation develops, which is important to avoid acute venous hypotension.",during this time adequate collateral circulation develops which is sufficient to avoid acute venous hypertension,during this time acute collateral circulation develops which is important to avoid acute venous hypotension
igbo,clinical,3 GatD: O: Temps stable in servo isolette.,"3-GatD, O'CLOCK, TEMPS TABLE IN SERVO ISOLETT.",3 gatd 0 temps stable in servo isolette,3 gatd 0 clock temps table in servo isolett
igbo,general,"Though it does open up a bit more as you progress.
",Though it does open up a bit more as you progress.,though it does open up a bit more as you progress,though it does open up a bit more as you progress
igbo,general,"Now, I know what the odds are, but were still playing for the No. 2 seed and a home playoff game.
","Now I know what the odds are but were still playing for the number two seed and a home playoff game.
",now i know what the odds are but were still playing for the no 2 seed and a home playoff game,now i know what the odds are but were still playing for the number 2 seed and a home playoff game
igbo,clinical,The anterior surface of the body of the pancreas is covered by peritoneum.,The anterior surface of the body of the pancreas is covered by peritoneum.,the anterior surface of the body of the pancreas is covered by peritoneum,the anterior surface of the body of the pancreas is covered by peritoneum
igbo,clinical,"Wash thermometer in lukewarm, soapy water.","Wash thermometer in lukewarm, soapy water.",wash thermometer in lukewarm soapy water,wash thermometer in lukewarm soapy water
igbo,clinical,LABORATORY DATA: On admission sodium 138 potassium 5.8 chloride 103 CO2 25 BUN 45 creatinine 6.3 glucose 94 white count of 3 hematocrit 26.8 platelet count 171 000.,"Navigated data. On admission student 138.5.8. Pluride 103 COS 225 BUN 45 Critsin 9 6.3 Glucose 94 Wc3 Hematocrit 26.8 Palatellate count 171,000.",laboratory data on admission sodium 138 potassium 5.8 chloride 103 co 2 25 bun 45 creatinine 6.3 glucose 94 white count of 3 hematocrit 26.8 platelet count 171 0,navigated data on admission student 138.5.8 pluride 103 cos 225 bun 45 critsin 9 6.3 glucose 94 wc 3 hematocrit 26.8 palatellate count 171000
igbo,clinical,Urinary tract infection.,URINARY TRACT INFECTION FULSTOP,urinary tract infection,urinary tract infection fulstop
igbo,general,"Surgical drain technique
",Surgical drain technique.,surgical drain technique,surgical drain technique
igbo,clinical,small spit x1 noted on sheets at beginning of shift.,Small spit x1 noted on sheet at the beginning of shift.,small spit x one noted on sheets at beginning of shift,small spit x one noted on sheet at the beginning of shift
igbo,clinical,Wean off Levo if able.,Win of level is evo.,wean off levo if able,win of level is evo
igbo,clinical,Coughing up tenacious yellow sputum sent for gram stain and C and S conts on azythromycin po.,Coffing of tenacious yellow sputum sent for Grams stain and culture and sensitivity continues on acetromycin per oral.,coughing up tenacious yellow sputum sent for gram stain and c and s conts on azythromycin po,coffing of tenacious yellow sputum sent for grams stain and culture and sensitivity continues on acetromycin per oral
igbo,general,"Parents called at 11:22am and were updated by Dr Chimbusomma Ugeanugo
","Parents called at 11.22am and were updated by Dr. Shibusonma Ugaanogu
",parents called at 11 22 am and were updated by doctor chimbusomma ugeanugo,parents called at 11.22 am and were updated by doctor shibusonma ugaanogu
igbo,clinical,"With loss of normal immune competence ,  as in conditions of neutropenia for example, periodontal destruction may be greatly accelerated.","With loss of normal immune competence, as in conditions of neutroprenia, for example, pyrrodontal destruction may be greatly accelerated.",with loss of normal immune competence as in conditions of neutropenia for example periodontal destruction may be greatly accelerated,with loss of normal immune competence as in conditions of neutroprenia for example pyrrodontal destruction may be greatly accelerated
igbo,clinical,"The characteristic auscultatory findings of AS include a harsh, crescendo-decrescendo systolic murmur at the right second intercostal space, often with radiation to the carotid arteries.","The characteristics of ptoletary fundings of AS include the hash, crescendo, the crescendo systolic murmur at the right second intercostal space, opting with radiation to the carotid arteries.",the characteristic auscultatory findings of as include a harsh crescendo decrescendo systolic murmur at the right 2nd intercostal space often with radiation to the carotid arteries,the characteristics of ptoletary fundings of as include the hash crescendo the crescendo systolic murmur at the right 2nd intercostal space opting with radiation to the carotid arteries
igbo,clinical,A: DROWSY AT TIME.,A- Jouzi at time.,a drowsy at time,a jouzi at time
igbo,general,Formation and early years  1967  69,Formation and early years 1967-69.,formation and early years 1967 69,formation and early years 1967 69
igbo,clinical,There is a small amount of retained stool in the right colon.,There is a small amount of retained stool in the right colon.,there is a small amount of retained stool in the right colon,there is a small amount of retained stool in the right colon
igbo,general,"People are saying they still need him more in the state.
",People are seeing they still need them more in the state.,people are saying they still need him more in the state,people are seeing they still need them more in the state
igbo,clinical,"At the completion of the program, the medical student is required to complete an evaluation form provided by OREF.","At the completion of the program, the medical student is required to complete an evaluation form provided by OREF.",at the completion of the program the medical student is required to complete an evaluation form provided by oref,at the completion of the program the medical student is required to complete an evaluation form provided by oref
igbo,general,The disabled man said that he was unable to get to the pool for healing.,"The disabled man said that he was unable to get to the pool for healing.
",the disabled man said that he was unable to get to the pool for healing,the disabled man said that he was unable to get to the pool for healing
igbo,general,"Nearly all motorways have overhead lighting including those in rural areas.
","Merely all motorways have overhead lighting including those in rural areas.
",nearly all motorways have overhead lighting including those in rural areas,merely all motorways have overhead lighting including those in rural areas
igbo,general,"Behind every public image are a set of challenges  some of which are temporary and others that never go away.
","Behind every public image are a set of challenges some of which are temporary and others that never go away.
",behind every public image are a set of challenges some of which are temporary and others that never go away,behind every public image are a set of challenges some of which are temporary and others that never go away
igbo,clinical,"Nausea has been a common side effect early in naltrexone treatment for alcoholism, but is generally mild and clears with continued use.","Nursia has been a common side effect early in nartrexone treatment for alcoholism, but is generally mild and clears with continued use.",nausea has been a common side effect early in naltrexone treatment for alcoholism but is generally mild and clears with continued use,nursia has been a common side effect early in nartrexone treatment for alcoholism but is generally mild and clears with continued use
igbo,general,"The band started in 2010.
","The band started in 2010.
",the band started in 2010,the band started in 2010
igbo,general,"Abdominal fullness with abdominal pain. next line. Obiadi Laolu Warri No history of use of blood thinners. No history of blood disorders in the family. She does not bleed from any other orifice
","Abdominal fullness with abdominal pain. Next line. Obiadilla Oluwori No history of use of blood thinners. No history of blood disorders in the family. She does not bleed from any other orifice
",abdominal fullness with abdominal pain next line obiadi laolu warri no history of use of blood thinners no history of blood disorders in the family she does not bleed from any other orifice,abdominal fullness with abdominal pain next line obiadilla oluwori no history of use of blood thinners no history of blood disorders in the family she does not bleed from any other orifice
igbo,clinical,A 10 mm light path cuvette is recommended for the clinical chemistry tests included in this publication.,A 10mm light pad covert is recommended for the clinical chemistry test included in this publication.,a 10 light path cuvette is recommended for the clinical chemistry tests included in this publication,a 10 hmm light pad covert is recommended for the clinical chemistry test included in this publication
igbo,clinical,Third generation Antidepressants Venlafaxine: it is currently available in a slow release preparation that enables once-daily dosing.,3-Generous and antidepressant Vellent vacin. It is currently available in a stool release preparation that enables warm s-daily dozing.,3rd generation antidepressants venlafaxine it is currently available in a slow release preparation that enables once daily dosing,3 generous and antidepressant vellent vacin it is currently available in a stool release preparation that enables warm s daily dozing
igbo,clinical,Her urine was negative for infection and with diuresis she no longer complained of nausea or pain..,Her urine was negative for infection and weight. Turices She no longer complained of new sea or pain.,her urine was negative for infection and with diuresis she no longer complained of nausea or pain .,her urine was negative for infection and weight turices she no longer complained of new sea or pain
igbo,clinical,"Conservative and operative treatments have had mixed results depending on the patients age, activity level, type of tear and presence of concomitant injuries.","Conservative and operative treatment have had missed results depending on the patient's age, activity level, type of tear and presence of concomitant injuries.",conservative and operative treatments have had mixed results depending on the patients age activity level type of tear and presence of concomitant injuries,conservative and operative treatment have had missed results depending on the patient is age activity level type of tear and presence of concomitant injuries
igbo,clinical,No response to deep tissue stimuli.,No response to deep tissue stimuli.,no response to deep tissue stimuli,no response to deep tissue stimuli
igbo,clinical,The pathologic findings in the brain are petechial haemorrhages on the leptomeninges and minute haemorrhages in the parenchyma.,The pathologic findings in the brain are ptichial hemorrhages on the leptomenanges and minute hemorrhages in the parenchyma.,the pathologic findings in the brain are petechial hemorrhages on the leptomeninges and minute hemorrhages in the parenchyma,the pathologic findings in the brain are ptichial hemorrhages on the leptomenanges and minute hemorrhages in the parenchyma
igbo,general,"The cemetery closed in 1992 and since then has been maintained by the local council and the Lansdown Cemetery Trust .
","The cemetery closed in 1992 and since then has been maintained by the local council and the last dance-metre thru.
",the cemetery closed in 1992 and since then has been maintained by the local council and the lansdown cemetery trust,the cemetery closed in 1992 and since then has been maintained by the local council and the last dance meter thru
igbo,clinical,"Giant cell carcinoma: This type is composed of highly anaplastic giant cells showing numerous atypical mitoses, 816 SECTION III Systemic Pathology of parenchymal cells and variable amount of stromal fat.","Giants cell carcinoma, this type is composed of highly anaplastic giant cells showing numerous atypical mitosis, 816 section 3 systemic pathology of pyrenthema cells and variable amounts of stroma fat.",giant cell carcinoma this type is composed of highly anaplastic giant cells showing numerous atypical mitoses 816 section iii systemic pathology of parenchymal cells and variable amount of stromal fat,giants cell carcinoma this type is composed of highly anaplastic giant cells showing numerous atypical mitosis 816 section 3 systemic pathology of pyrenthema cells and variable amounts of stroma fat
igbo,clinical,A bulging congested drum is seen in exudative stage of acute otitis media.,A bulging congested drum is seen in exudative stage of acute otitis media.,a bulging congested drum is seen in exudative stage of acute otitis media,a bulging congested drum is seen in exudative stage of acute otitis media
igbo,clinical,First time hospital Mmadubuike appropriately nervous but excited involved.,"First sign was Pt Umadubuike appropriately nervous but excited involved.
",1st time hospital mmadubuike appropriately nervous but excited involved,1st sign was pt umadubuike appropriately nervous but excited involved
igbo,general,"The expert, who was in Wuhan this week, claimed he had to escape from the city yesterday after noticing the jaw-droppingly poor preventative measures enforced by the local authorities.","The expert, who was in Uwam this week, can claim he had to escape from the city yesterday after not seeing the Jor-Dorplan Paul preventative measures enforced by the local authorities.
",the expert who was in wuhan this week claimed he had to escape from the city yesterday after noticing the jaw droppingly poor preventative measures enforced by the local authorities,the expert who was in uwam this week can claim he had to escape from the city yesterday after not seeing the jor dorplan paul preventative measures enforced by the local authorities
igbo,general,"She said her father and younger brother taught her ball joggling.
","She said her father and her younger brother thought about joblling.
",she said her father and younger brother taught her ball joggling,she said her father and her younger brother thought about joblling
igbo,general,"The short answer: The vaccines are more alike than they are different, especially for members of the general public.
","The short answer, the vaccines are more alike than they are different, especially from members of the general public.
",the short answer the vaccines are more alike than they are different especially for members of the general public,the short answer the vaccines are more alike than they are different especially from members of the general public
igbo,general,"On the restarting of the suburban railway network in Mumbai, Uddhav Thackeray said, What if families fall ill and their houses are sealed?
","Under restarting of the suburban railway network in Mumbai, Uduav Thakri said, What if families fall ill and their houses are sealed?
",on the restarting of the suburban railway network in mumbai uddhav thackeray said what if families fall ill and their houses are sealed,under restarting of the suburban railway network in mumbai uduav thakri said what if families fall ill and their houses are sealed
igbo,clinical,"Therefore, conductive loss shows a loss of hearing by air conduction tests and normal hearing by bone conduction test air-bon eor AB gap.","Therefore, conductive loss shows a loss of hearing by air conduction tests and normal hearing by bone conduction tests air-bone or ABGAP.",therefore conductive loss shows a loss of hearing by air conduction tests and normal hearing by bone conduction test air bon eor ab gap,therefore conductive loss shows a loss of hearing by air conduction tests and normal hearing by bone conduction tests air bone or abgap
igbo,general,"Members of the press sit and listen to them.
",Members of the press sit and listen to them.,members of the press sit and listen to them,members of the press sit and listen to them
igbo,general,"The high levels of mercury in her hair could be symptomatic of poisoning.
",The high levels of macular anaerobic symptoms are traumatic of poisoning.,the high levels of mercury in her hair could be symptomatic of poisoning,the high levels of macular anaerobic symptoms are traumatic of poisoning
igbo,general,"He was apparently well until 2 days ago when he developed high fever with associated chills and rigor. Next line.
","He was apparently well until 2 days ago when he developed high fever with associated chills and rigor. Next line.
",he was apparently well until 2 days ago when he developed high fever with associated chills and rigor next line,he was apparently well until 2 days ago when he developed high fever with associated chills and rigor next line
igbo,clinical,1. Hiatal hernia .,"1. Ayatavvanya
",one hiatal hernia,one ayatavvanya
igbo,general,"Parents called at 11:22am and were updated by Dr Onyebuchi Ikpendu
",Parents called at 11.22am and were obf by Dr Onobuchi ifnd.,parents called at 11 22 am and were updated by doctor onyebuchi ikpendu,parents called at 11.22 am and were obf by doctor onobuchi ifnd
igbo,clinical,"Continuing pregnancy after spontaneous abortion of one fetus or more,. AEROSOL, FOAM, TOPICAL ECOZA, ECONAZOLE NITRATE, 1%. Poisoning by unspecified psychostimulants, accidental (unintentional),","Continuing pregnancy after spontaneous abortion of one fetus or more. AEROSOL, FOAM, TOPICAL ECOSA, ECONAZOLE NITRATE, 1%. Poisoning by unspecified psychostimulants, accidental open bracket, unintentional closed bracket",continuing pregnancy after spontaneous abortion of one fetus or more aerosol foam topical ecoza econazole nitrate one poisoning by unspecified psychostimulants accidental,continuing pregnancy after spontaneous abortion of one fetus or more aerosol foam topical ecosa econazole nitrate one poisoning by unspecified psychostimulants accidental open bracket unintentional closed bracket
igbo,clinical,"Table illustrates how difficult it is to detect adverse drug reactions with 95 confidence, even when there is no background incidence and the diagnostic accuracy is 100.","TABLE ILLUSTRATES HOW DIFFICULT IT IS TO DETECT ADVASED drug reactions WITH 95 CONFIDENT, EVEN WHEN BIRTNOL BIRGROUND INCIDENT AND THE DIagnostic ACURACY IS 100.",table illustrates how difficult it is to detect adverse drug reactions with 95 confidence even when there is no background incidence and the diagnostic accuracy is 100,table illustrates how difficult it is to detect advased drug reactions with 95 confident even when birtnol birground incident and the diagnostic acuracy is 100
igbo,clinical,IV reglan protonis bisycodal continues.,IV reglan protonis bicycodal cont.,iv reglan protonis bisycodal continues,iv reglan protonis bicycodal cont
igbo,general,"Mrs. Clinton, the presidential candidate of the Democrats did not play the role of a sore loser as Mr. Trump is now doing.","Ms. Clinton, the presidential candidate of the Democrats did not play the role of a sole loser as Mr. Trump is now doing.
",missus clinton the presidential candidate of the democrats did not play the role of a sore loser as mister trump is now doing,ms clinton the presidential candidate of the democrats did not play the role of a sole loser as mister trump is now doing
igbo,clinical,"The patient was subsequently transferred to the Cardiac Surgery Recovery Unit, intubated, for further evaluation and management .",The patient was subsequently transferred to the cardiac surgery recovery unit intubated for further evaluation and management.,the patient was subsequently transferred to the cardiac surgery recovery unit intubated for further evaluation and management,the patient was subsequently transferred to the cardiac surgery recovery unit intubated for further evaluation and management
igbo,general,"According to the Chairman, Export Group, Manufacturers Association of NigeriaVice Chairman, Sapele Integrated Industries Limited. Mr Ede Dafinone, there is no equality requirement on imports and exports for nations.
","According to the chairman, Export Group, Manufuturals Association of Nigeria Vice Chairman, Sapele Integrated Industries Ltd. Mr. Ede Dafione, there is no equity requirement on imports and export foundations.
",according to the chairman export group manufacturers association of nigeriavice chairman sapele integrated industries limited mister ede dafinone there is no equality requirement on imports and exports for nations,according to the chairman export group manufuturals association of nigeria vice chairman sapele integrated industries ltd mister ede dafione there is no equity requirement on imports and export foundations
igbo,general,Her six lawsuits in Maine are among hundreds she has filed in more than a dozen states.,"At 6.50 m in our Amundu 100 shirt fried in more than a dozen states.
",her 6 lawsuits in maine are among 100s she has filed in more than a dozen states,at 6.50 m in our amundu 100 shirt fried in more than a dozen states
igbo,general,"Esa Oke community asks Oyetola to upgrade OSCOTECH to varsity of technology
",Esaupe community asked Oyetola to upgrade osprey tech to versity of technology.,esa oke community asks oyetola to upgrade oscotech to varsity of technology,esaupe community asked oyetola to upgrade osprey tech to versity of technology
igbo,clinical,Pt extubated 8 and delicate resp status for several days with marked improvement in last 36h.,Pt extubated it and deltcate resp status for several days with marked improvement in last 36hrs.,pt extubated 8 and delicate resp status for several days with marked improvement in last 36 h,pt extubated it and deltcate resp status for several days with marked improvement in last 36 hrs
igbo,general,"If it were possible for aides to walk around for Nigerian politicians or defecate on their behalf, they would have outsourced these activities too.
","If it were possible for aides to walk around for Nigerian politicians or defecate on their behalf, they would have outsourced these activities too.
",if it were possible for aides to walk around for nigerian politicians or defecate on their behalf they would have outsourced these activities too,if it were possible for aides to walk around for nigerian politicians or defecate on their behalf they would have outsourced these activities too
igbo,clinical,"Otherside effects include fever,rashes,proteinuria,peripheralneuropathy,and rarely,agranulocytosis.","Other side effects include fever, rashes, proteinuria, peripheral neuropathy, and rarely, agranulocytosis",otherside effects include fever rashes proteinuria peripheralneuropathy and rarely agranulocytosis,other side effects include fever rashes proteinuria peripheral neuropathy and rarely agranulocytosis
igbo,general,"The Democratic race is increasingly being overshadowed by the ongoing coronavirus crisis.
","The democratic race is increasingly being overshadowed by the ongoing coronavirus crisis.
",the democratic race is increasingly being overshadowed by the ongoing coronavirus crisis,the democratic race is increasingly being overshadowed by the ongoing coronavirus crisis
igbo,general,We wanted to give our players the best possible advice.,We wanted to give our players the best possible advice.,we wanted to give our players the best possible advice,we wanted to give our players the best possible advice
igbo,clinical,Orthopedics Dr. Degbay Uwa  appointment scheduled for 05-02-1981 at 2: 00 p.m.3.,Otopedic Dr. Dive Owa Appointment Shedded for 05-02-1981 at 2pm 3.,orthopedics doctor degbay uwa appointment scheduled for 5 2 1981 at 2 0 p m.3,otopedic doctor dive owa appointment shedded for 5 2 1981 at 2 pm 3
igbo,clinical,"Use method known to prevent harm from anesthetic administration, while protecting the patient from pain 3.","Use method known to prevent harm from anaesthetic administration, while protecting the patient from pain 3.",use method known to prevent harm from anesthetic administration while protecting the patient from pain 3,use method known to prevent harm from anesthetic administration while protecting the patient from pain 3
igbo,general,"Formats and track listings
","Format and track listings
",formats and track listings,format and track listings
igbo,clinical,"The skin has five kinds of glands: merocrine sweat glands, apocrine sweat glands, sebaceous glands, ceruminous glands, and mammary glands.","The skin has 5 kinds of glass, mucoclinic sweat glass, apocryne sweat glass, sebaceous glass, serenity glass, and mammary glass.
",the skin has 5 kinds of glands merocrine sweat glands apocrine sweat glands sebaceous glands ceruminous glands and mammary glands,the skin has 5 kinds of glass mucoclinic sweat glass apocryne sweat glass sebaceous glass serenity glass and mammary glass
igbo,clinical,"Battery, rechargeable from a solar panel.","Battery, rechargeable from a solar panel.",battery rechargeable from a solar panel,battery rechargeable from a solar panel
igbo,general,"I supported MC Oluomo to become Lagos NURTW chairman but he is now after me
","I supported FC Olomu to be gone because he knew and looked down on Bishaman because he is now after me.
",i supported mc oluomo to become lagos nurtw chairman but he is now after me,i supported fc olomu to be gone because he knew and looked down on bishaman because he is now after me
igbo,clinical,"Laceration of other extensor muscle, fascia and tendon at forearm leve. TABLET, ORAL ATENOLOL, ATENOLOL, 100MG. Exposure to bed fire due to burning cigarette, initial encounter","Laceration of other extensile muscle, fascia and tendon at forearm levy. TABLET, ORAL ATENOLOL, ATENOLOL, 100MG. Exposure to bed fire due to burning secret, initial encounter",laceration of other extensor muscle fascia and tendon at forearm leve tablet oral atenolol atenolol 100 mg exposure to bed fire due to burning cigarette initial encounter,laceration of other extensile muscle fascia and tendon at forearm levy tablet oral atenolol atenolol 100 mg exposure to bed fire due to burning secret initial encounter
igbo,clinical,SIGNS AND SYMPTOMS Can present acutely as an abscess fluctuant mass or chronically as a draining sinus with pain at the top of the gluteal cleft.,"Science and symptoms can present actively as an abscess, flogged on mass or chronically as a draining sinus with pain at the top of the gluteal cleft.",signs and symptoms can present acutely as an abscess fluctuant mass or chronically as a draining sinus with pain at the top of the gluteal cleft,science and symptoms can present actively as an abscess flogged on mass or chronically as a draining sinus with pain at the top of the gluteal cleft
igbo,clinical,"Non-standardized psychotherapies such as: psychodynamic, psychotherapy and reminiscence therapy, are also proposed as appropriate treatments for geriatric depression.","Nonstandardized psychotherapies such as psychodynamic psychotherapy and remissense therapy, are also proposed as appropriate treatment for geriatric depression.",non standardized psychotherapies such as psychodynamic psychotherapy and reminiscence therapy are also proposed as appropriate treatments for geriatric depression,nonstandardized psychotherapies such as psychodynamic psychotherapy and remissense therapy are also proposed as appropriate treatment for geriatric depression
igbo,clinical,Neonatal hyperbilirubinemia can result in bluish discoloration of the deciduous teeth.,Neonatal hyperbiliubinemia can result in bleuish discoloration of the deciduous state.,neonatal hyperbilirubinemia can result in bluish discoloration of the deciduous teeth,neonatal hyperbiliubinemia can result in bleuish discoloration of the deciduous state
igbo,clinical,"In most cases, patients who are cooperative prefer oral administration to parenteral medications.
","In most cases, patients who are cooperative prefer oral administration to parenteral medications.",in most cases patients who are cooperative prefer oral administration to parenteral medications,in most cases patients who are cooperative prefer oral administration to parenteral medications
igbo,clinical,Acute leukaemia Gingival swelling is most frequently seen in acute myelomonocytic leukaemia.,Acute leukemia. Gingival swelling is most frequently seen in acute myelomonocytic leukemia.,acute leukemia gingival swelling is most frequently seen in acute myelomonocytic leukemia,acute leukemia gingival swelling is most frequently seen in acute myelomonocytic leukemia
igbo,clinical,X1 WITH DILAUDID FOR BACK PAIN.,X1 with dilua deep for back pain.,x one with dilaudid for back pain,x one with dilua deep for back pain
igbo,clinical,"Ascorbic Acid principal forms of vitamin C are ascorbic acid and the oxidized form, dehydroascorbic acid.","Ascubic acid. Principal forms of vitamin C are ascubic acid and the oxidized form, dehydroscubic acid.",ascorbic acid principal forms of vitamin c are ascorbic acid and the oxidized form dehydroascorbic acid,ascubic acid principal forms of vitamin c are ascubic acid and the oxidized form dehydroscubic acid
igbo,general,"Expectations are high that the US House of Representatives will pass the stimulus measure to support distressed industries, including airlines, after the Senate cleared the proposal.
","Expectations are high that the U.S. House of Representatives will pass the stimulus measure to support the stressed industries, including airlines, after the Senate cleared the proposal.
",expectations are high that the us house of representatives will pass the stimulus measure to support distressed industries including airlines after the senate cleared the proposal,expectations are high that the u s house of representatives will pass the stimulus measure to support the stressed industries including airlines after the senate cleared the proposal
igbo,clinical,CV: Neo drip weaned to off at 1200.,CV new drip weaned to off at 12-00.,cv neo drip weaned to off at 1200,cv new drip weaned to off at 12 0
igbo,general,"Akubuilo began playing the piano when he was a young child at Umuahia elementary school
","Akubuilo began playing the piano when he was a young child at Omuahe elementary school
",akubuilo began playing the piano when he was a young child at umuahia elementary school,akubuilo began playing the piano when he was a young child at omuahe elementary school
igbo,clinical,The patient was admitted to the Arkzie- Memorial for lumbar puncture .,The patient was admitted to the Axie Memorial for lumbar puncture.,the patient was admitted to the arkzie memorial for lumbar puncture,the patient was admitted to the axie memorial for lumbar puncture
igbo,clinical,SOCIAL: Multiple family members in to visit and updated on pt's POC and prognosis by this RN and Dr. Ekezie.,Social  Multiple family members into visit and updated on pt's POC and prognosis by this RN and Dr Ekezi.,social multiple family members in to visit and updated on pt is poc and prognosis by this rn and doctor ekezie,social multiple family members into visit and updated on pt is poc and prognosis by this rn and doctor ekezi
igbo,clinical,At that time it could be essentially closed through a catheterization procedure.,At that time it could be essentially closed through a catheterization procedure.,at that time it could be essentially closed through a catheterization procedure,at that time it could be essentially closed through a catheterization procedure
igbo,general,"In the meantime, we already set up the manual patrol the military is going around the airport facilities for improved security.
","In the meantime, we already set up the manual patrol the military is going around the airport facilities for improved security.
",in the meantime we already set up the manual patrol the military is going around the airport facilities for improved security,in the meantime we already set up the manual patrol the military is going around the airport facilities for improved security
igbo,clinical,The knots should be tied buccally.,"The knots should be tied bookily
",the knots should be tied buccally,the knots should be tied bookily
igbo,general,It is always such a delight to witness the weekend. Were never getting over the thrills and joy that come with Saturdays. And knowing that so many people around the world are saying their I do at this time? Absolutely priceless.,"And knowing theres so many people around the world that seems their idol at this time? Absolutely prefect.
",it is always such a delight to witness the weekend were never getting over the thrills and joy that come with saturdays and knowing that so many people around the world are saying their i do at this time absolutely priceless,and knowing theres so many people around the world that seems their idol at this time absolutely prefect
igbo,general,"They were introduced to Sydney roads last December, with more than 3300 drivers caught during the first week of operation and issued with a warning.","They were introduced to Sydney boat last December, with more than 3,300 drivers caught during the first week of operation and issued with a warning.
",they were introduced to sydney roads last december with more than 3300 drivers caught during the 1st week of operation and issued with a warning,they were introduced to sydney boat last december with more than 3300 drivers caught during the 1st week of operation and issued with a warning
igbo,clinical,Received 1st maintainence dose today.,received first maintenance dose today.,received 1st maintainence dose today,received 1st maintenance dose today
igbo,general,"Of the 36 local companies that IPOd last year, 17 finished the year at stock prices higher than their IPO price, and 19 lost value.
","Of the 36 local companies that IPO'd last year, 17 finished the year at stock prices higher than their IPO price, and 19 lost value.
",of the 36 local companies that ipod last year 17 finished the year at stock prices higher than their ipo price and 19 lost value,of the 36 local companies that ipo would last year 17 finished the year at stock prices higher than their ipo price and 19 lost value
igbo,clinical,All other T-cells are involved in cellular immunity only.,All other T-cells are involved in cellular immunity only.,all other t cells are involved in cellular immunity only,all other t cells are involved in cellular immunity only
igbo,clinical,Pain: pt ordered for Roxicet-has not required any.,Pain colon pt ordered for recited-as not required any.,pain pt ordered for roxicet has not required any,pain colon pt ordered for recited as not required any
igbo,clinical,Neck pain radiates to the shoulder or scalp.,Neg pain radiates to the shoulder or skull.,neck pain radiates to the shoulder or scalp,neg pain radiates to the shoulder or skull
igbo,clinical,RENAL: She continues on the lasix gtt at 10mg/hr.,Renal semicolon should cont on the lasix gtt at 10mg/.,renal she continues on the lasix gtt at 10 mg hr,renal semicolon should cont on the lasix gtt at 10 mg
igbo,general,"Knock on wood, we have not had to cancel this event yet, said Holly Anderson, assistant director of the municipally owned Snow Bowl.
","No commode, we have not had to cancel the event yet, said Holly Anderson, Assistant Director of the Municipality on Snowball.
",knock on wood we have not had to cancel this event yet said holly anderson assistant director of the municipally owned snow bowl,no commode we have not had to cancel the event yet said holly anderson assistant director of the municipality on snowball
igbo,general,"When Gaveston was put in charge of the coronation, one thing after another went wrong.","When Gagrestin was put in charge of the coronation, on then after another one song.
",when gaveston was put in charge of the coronation one thing after another went wrong,when gagrestin was put in charge of the coronation on then after another one song
igbo,general,"When you look at photos taken on this phone, theyre not as rich as they are in real life - something to bear in mind before you start trying to edit them to perfection.
","When you look at photos taken on this phone, they are not as rich as they are in real life-something to bear in mind before you start trying to edit them to perfection.
",when you look at photos taken on this phone theyre not as rich as they are in real life something to bear in mind before you start trying to edit them to perfection,when you look at photos taken on this phone they are not as rich as they are in real life something to bear in mind before you start trying to edit them to perfection
igbo,clinical,"Other dermatophytoses. INJECTABLE, INJECTION DEXTROSE 2.5% AND SODIUM CHLORIDE 0.11% IN PLASTIC CONTAINER, DEXTROSE; SODIUM CHLORIDE, 2.5GM/100ML;110MG/100ML. Cerebral infarction due to thrombosis of bilateral cerebellar arteries","Other dermatophytosis, injectable. INJECTION DEXTROSE 2.5% AND SODIUM CHLORIDE 0.11% IN PLASTIC CONTAINER. DEXTROSE, SODIUM CHLORIDE, 5GM 100ML, 110MG 100ML. Cerebral infarction due to thrombosis of bilateral cerebellar arteries",other dermatophytoses injectable injection dextrose 2.5% and sodium chloride 0.11% in plastic container dextrose sodium chloride 2.5 gm 100 ml 110 mg 100 ml cerebral infarction due to thrombosis of bilateral cerebellar arteries,other dermatophytosis injectable injection dextrose 2.5% and sodium chloride 0.11% in plastic container dextrose sodium chloride 5 gm 100 ml 110 mg 100 ml cerebral infarction due to thrombosis of bilateral cerebellar arteries
igbo,clinical,O remains under single phototherapy with protective eye patches in place am bili to be drawn A hyperbili Pcont to follow levels max skin exposure to lights cont plan of care,"All remains under single phototherapy with protective hyperplaces in place and bili to be drawn a hyperbicon to follow levels mask skin, especially to light-con splenofc.",0 remains under single phototherapy with protective eye patches in place am bili to be drawn a hyperbili pcont to follow levels max skin exposure to lights cont plan of care,all remains under single phototherapy with protective hyperplaces in place and bili to be drawn a hyperbicon to follow levels mask skin especially to light con splenofc
igbo,clinical,"They do, however, compress adjacent tissue as they grow, usually the vestibular and cochlear nerve within the internal auditory canal IAC, but can compress the brain stem and facial nerve once they outgrow that space.","They do, however, compress adjacent tissues as they grow, usually the vestibular and cochlear nerve within the internal auditory canal, IAC, but can compress the brainstem and facial nerve once they have grown their space.
",they do however compress adjacent tissue as they grow usually the vestibular and cochlear nerve within the internal auditory canal iac but can compress the brain stem and facial nerve once they outgrow that space,they do however compress adjacent tissues as they grow usually the vestibular and cochlear nerve within the internal auditory canal iac but can compress the brainstem and facial nerve once they have grown their space
igbo,clinical,"A root displaced into the antrum usually causes sinusitis, but it may cause no more than mucosal thickening.","A route displaced into the antron usually causes sinusitis, but it may cause no more than mucosal thickening.",a root displaced into the antrum usually causes sinusitis but it may cause no more than mucosal thickening,a route displaced into the antron usually causes sinusitis but it may cause no more than mucosal thickening
igbo,clinical,"88 Use of neoadjuvant chemotherapy, portal vein embolization, two-stage hepatectomy, simultaneous ablation, and resection of the extrahepatic tumor in select patients have increased the number of patients eligible for a surgical approach.","88's of new adjuvant chemotherapy, portal vein embolization, 2-stage hepatectomy, simultaneous ablation, and resection of extrahepatic tumour. Select patients have increased the number of patients eligible for surgical approach.",88 use of neoadjuvant chemotherapy portal vein embolization 2 stage hepatectomy simultaneous ablation and resection of the extrahepatic tumor in select patients have increased the number of patients eligible for a surgical approach,88 is of new adjuvant chemotherapy portal vein embolization 2 stage hepatectomy simultaneous ablation and resection of extrahepatic tumor select patients have increased the number of patients eligible for surgical approach
igbo,general,Peeta doesnt see the love as an act though and really does believe Katniss might love him.,"Petra doesnt see the love as an act though and really does believe Cadence might love him.
",peeta doesnt see the love as an act though and really does believe katniss might love him,petra doesnt see the love as an act though and really does believe cadence might love him
igbo,clinical,sxn for sm amts thick tan secretions.,SXN for SN amts tic-tac secretion.,sxn for sm amts thick tan secretions,sxn for sn amts tic tac secretion
igbo,general,to find the field equations for QED .,FRIEND KILL MAKERYS FOR CEV PROCESS.,to find the field equations for qed,friend kill makerys for cev process
igbo,general,"He is the middle child of 5 boys and his brothers Chikodinaka and Uzoechie have been visiting and seem very supportive and also appropriately emotional.
","His the middle child of five boys and his brothers Chikodenaka and Uzoesu have been visiting and seem very supportive and also appropriately emotional.
",he is the middle child of 5 boys and his brothers chikodinaka and uzoechie have been visiting and seem very supportive and also appropriately emotional,his the middle child of 5 boys and his brothers chikodenaka and uzoesu have been visiting and seem very supportive and also appropriately emotional
igbo,general,But new acquisitions will also be required.,But new acquisitions will personally require full stop.,but new acquisitions will also be required,but new acquisitions will personally require full stop
igbo,clinical,"Otorrhea, left ear. TABLET, ORAL MILTOWN, MEPROBAMATE, 600MG. Algoneurodystrophy, unspecified site","Ottoria, left ear. TABLET, ORAL MILTOWN, MEPROBAMATE, 600MG. Algogneurodistrophy, unspecified site",otorrhea left ear tablet oral miltown meprobamate 600 mg algoneurodystrophy unspecified site,ottoria left ear tablet oral miltown meprobamate 600 mg algogneurodistrophy unspecified site
igbo,clinical,Temp over 101 all day despite tylenol/motrin and ice packs so placed on cooling blanket at 1500.,Temperature over 101 all day despite tylenol or motrin and ice packs so placed on a cooling blanket at 1500.,temp over 101 all day despite tylenol motrin and ice packs so placed on cooling blanket at 1500,temperature over 101 all day despite tylenol or motrin and ice packs so placed on a cooling blanket at 1500
igbo,clinical,HEENT : NC/AT .,Hent Nc x At.,heent nc at,hent nc x at
igbo,general,"Death inhabits the rail tracks.
","Death inhabits the whale tracks.
",death inhabits the rail tracks,death inhabits the whale tracks
igbo,general,He doesnt lack for ammunition.,He doesnt lack for ammunition.,he doesnt lack for ammunition,he doesnt lack for ammunition
igbo,clinical,"Traumatic arthropathy, left ankle and foot. INJECTABLE, INJECTION CISPLATIN, CISPLATIN, 10MG/VIAL. Driver of bus injured in collision with fixed or stationary object in","Traumatic atropathy, left ankle and foot. INJECTABLE, INJECTION CISPLATIN, CISPLATIN, 10MGPVIAL. Driver of bus injured in collision with fixed or stationary object in",traumatic arthropathy left ankle and foot injectable injection cisplatin cisplatin 10 mg vial driver of bus injured in collision with fixed or stationary object in,traumatic atropathy left ankle and foot injectable injection cisplatin cisplatin 10 mgpvial driver of bus injured in collision with fixed or stationary object in
igbo,clinical,"Will be discharged home with VNA and occupational therapy.
",Will be discharged home with Vendor Neutral Archive and Occupational Therapy.,will be discharged home with vna and occupational therapy,will be discharged home with vendor neutral archive and occupational therapy
igbo,general,"It just makes everything glowy and plump, which is important for me because Im on set all the time, and Im in front of lights, and Im on planes, and my skin dries out and it gets really dehydrated no matter how much water I drink.
","It just makes everything glowy and plump, which is important for me because Im on set all the time, and Im in front of light, and Im on plant, and my skin dries out and it gets really dehydrated no matter how much water I drink.
",it just makes everything glowy and plump which is important for me because im on set all the time and im in front of lights and im on planes and my skin dries out and it gets really dehydrated no matter how much water i drink,it just makes everything glowy and plump which is important for me because im on set all the time and im in front of light and im on plant and my skin dries out and it gets really dehydrated no matter how much water i drink
igbo,general,"So, its practices were rarely questioned.
","So, its practices were rarely questioned.",so its practices were rarely questioned,so its practices were rarely questioned
igbo,general,The agency made the announcement on Sunday night via its Twitter handle.,The agency made the announcement on Sunday night via its feature handle.,the agency made the announcement on sunday night via its twitter handle,the agency made the announcement on sunday night via its feature handle
igbo,clinical,The questionnaire response rate was 61%.,The questionnaire response rate was 61%.,the questionnaire response rate was 61%,the questionnaire response rate was 61%
igbo,general,They played many blues-style songs in Nashville.,They played many blues-style songs in Nashville.,they played many blues style songs in nashville,they played many blues style songs in nashville
igbo,general,"Temi Otedola is in love, and she has the smile to prove it.
","The demiolated dollar is in love, and she has the smile to prove it.
",temi otedola is in love and she has the smile to prove it,the demiolated dollar is in love and she has the smile to prove it
igbo,general,"That rate is almost double the national average.
","That rate is almost doubled the national average.
",that rate is almost double the national average,that rate is almost doubled the national average
igbo,clinical,CO 2 CI 14.,CO2 CHlorein14.,co 2 ci 14,co 2 chlorein 14
igbo,clinical,Easy bruising of unknown cause is a common phenomenon in women of child bearing age group.,Easy bruising of unknown cause is a common phenomenon in women of child-bearing age group.,easy bruising of unknown cause is a common phenomenon in women of child bearing age group,easy bruising of unknown cause is a common phenomenon in women of child bearing age group
igbo,general,"If he takes another beating a la Super Tuesday, with a wipeout in Florida looming the week after, Biden will be far north of 90 percent odds to win the nomination.
","If he takes another beating ala Super Tuesday, with a wipeout in Florida looming the week after, Biden will be far north of 90 per cent odds to win the nomination.
",if he takes another beating a la super tuesday with a wipeout in florida looming the week after biden will be far north of 90% odds to win the nomination,if he takes another beating ala super tuesday with a wipeout in florida looming the week after biden will be far north of 90% odds to win the nomination
igbo,clinical,"erefore,thediagnostictestofchoiceis stillthe sweat test.
","Therefore, the diagnostic test of choice is still the sweat test.",erefore thediagnostictestofchoiceis stillthe sweat test,therefore the diagnostic test of choice is still the sweat test
igbo,clinical,"Prevention approach to therapy and aggressiveness of treatment should be based on risk factors, including age, severity of overweight and obesity, and comorbidities, as well as family history and support.","Prevention Approach to therapy and aggressiveness of treatment should be based on risks factors, including age, severity of overweight and obesity, and comorbidities, as well as family history and support.",prevention approach to therapy and aggressiveness of treatment should be based on risk factors including age severity of overweight and obesity and comorbidities as well as family history and support,prevention approach to therapy and aggressiveness of treatment should be based on risks factors including age severity of overweight and obesity and comorbidities as well as family history and support
igbo,general,"Ugeruomba came down with Orajimetochukwu disease, and was treated with Ebi drug at Yenagoa hospital on Sun 05 Jan, 2025
","Uge Rumbah came down with Orajimetochukwu disease, and was treated with a vitro Aginueva hospital on Sunday 05 January 2025
",ugeruomba came down with orajimetochukwu disease and was treated with ebi drug at yenagoa hospital on sun 5 jan 2025,uge rumbah came down with orajimetochukwu disease and was treated with a vitro aginueva hospital on sunday 5 january 2025
igbo,clinical,"grimacing to peri-care before care initiated.
",Grimmysyn to pre-care before care initiated.,grimacing to peri care before care initiated,grimmysyn to pre care before care initiated
igbo,clinical,"Under the inuence of the reality principle, gratication of wishes may be delayed with the aim of eventually achieving greater andor safer pleasure.
","Under the influence of the reality principle,   gratification of wishes may be delayed with the aim of eventually achieving greater and or safer pleasure.",under the inuence of the reality principle gratication of wishes may be delayed with the aim of eventually achieving greater andor safer pleasure,under the influence of the reality principle gratification of wishes may be delayed with the aim of eventually achieving greater and or safer pleasure
igbo,general,"Nollywood doesnt exist in a vacuum.
","Norleywood doesnt exist in a vacuum.
",nollywood doesnt exist in a vacuum,norleywood doesnt exist in a vacuum
igbo,general,"If over N1tn has been disbursed, are they ghosts? It couldnt have been a ghost. Under the Differentiated Cash Reserve Requirement, over N1tn has been given out. The one for manufacturers, we call it the DCCR, and it is also at five  per cent.
","If over 1 million TN has been disbursed, are there ghosts? If couldnt have been a ghost? Under the differentiated cash reserve requirements, over 1 TN has been given out. The one for manufacturers, we call it the DCCR, and it is also at 5%.",if over n one tn has been disbursed are they ghosts it couldnt have been a ghost under the differentiated cash reserve requirement over n one tn has been given out the one for manufacturers we call it the dccr and it is also at 5%,if over 1000000 tn has been disbursed are there ghosts if couldnt have been a ghost under the differentiated cash reserve requirements over one tn has been given out the one for manufacturers we call it the dccr and it is also at 5%
igbo,clinical,Although the presence of distal gas radiographically argues against a malrotation/volvulus this must be excluded given the degree of bilious emesis.,Although the presence of distal gas would be graphically against a mal rotation or volvulus this must be excluded given the degree of bilus ms's.,although the presence of distal gas radiographically argues against a malrotation volvulus this must be excluded given the degree of bilious emesis,although the presence of distal gas would be graphically against a mal rotation or volvulus this must be excluded given the degree of bilus ms is
igbo,general,"A West End musical is a musical theatre production that has been performed in the West End theaters of London.
","A West End Musical is a musical theatre production that has been performed in the West End theatres of London.
",a west end musical is a musical theater production that has been performed in the west end theaters of london,a west end musical is a musical theater production that has been performed in the west end theaters of london
igbo,clinical,This is the simplest and most effective treatment.,This is the simplest and most effective treatment.,this is the simplest and most effective treatment,this is the simplest and most effective treatment
igbo,general,The emergence of new troubles with Max threatens to extend a crisis that is consuming one of Americas most influential companies and disrupting the global aviation business.,"The emergence of new troubles with more threatening students than a crisis that is consuming one of Americas most influential companies and disrupting the global aviation business.
",the emergence of new troubles with max threatens to extend a crisis that is consuming one of americas most influential companies and disrupting the global aviation business,the emergence of new troubles with more threatening students than a crisis that is consuming one of americas most influential companies and disrupting the global aviation business
igbo,clinical,"The superego, which develops as an outgrowth of both the ego and id, consists of the moral standards, values and prohibitions that have been internalized throughout childhood and adolescence.","The super ego, which develops as an outgrowth of both the ego and idea, consists of the moral standards, values and prevations that have been internalized throughout childhood and adolescence.",the superego which develops as an outgrowth of both the ego and id consists of the moral standards values and prohibitions that have been internalized throughout childhood and adolescence,the super ego which develops as an outgrowth of both the ego and idea consists of the moral standards values and prevations that have been internalized throughout childhood and adolescence
igbo,general,"Dr Chokayloo Kamglo speaking. Next line. Chief complaints: next line. Patient had fever, generalized body pain, and bitter taste for 2 weeks duration
","Dr Chukelu Kamglow speaking. Next line. Chief complaint, next line. Patient had fever, generalized body pain, and bitter taste for 2 weeks duration
",doctor chokayloo kamglo speaking next line chief complaints next line patient had fever generalized body pain and bitter taste for 2 weeks duration,doctor chukelu kamglow speaking next line chief complaint next line patient had fever generalized body pain and bitter taste for 2 weeks duration
igbo,general,Here is a 22 yr old food poisoning patient Segun Bolatito who presented to clinic at 11am this morning,"Yea is a 22 year old food poisoning pt Shegumbolatito who presented to clinic at 11 am this morning.
",here is a 22 yr old food poisoning patient segun bolatito who presented to clinic at 11 am this morning,yea is a 22 year old food poisoning pt shegumbolatito who presented to clinic at 11 am this morning
igbo,general,"The patient was in a hurry to get thier Labs and Radiology result from Chidumaga Emetemedia Diagnostic center, Jimeta
","The patient was in a hurry to get their labs and radiology results from Chidumaga-Emeter media diagnostic center, Jimeta
",the patient was in a hurry to get thier labs and radiology result from chidumaga emetemedia diagnostic center jimeta,the patient was in a hurry to get their labs and radiology results from chidumaga emeter media diagnostic center jimeta
igbo,clinical,"Hepatitis C. The hepatitis C virus, HCV, was the most common cause of post-transfusion hepatitis after hepatitis B, but donors are now screened for both hepatitis C and B.","Hepatitis C The hepatitis C virus HCV was the most common cause of post-transfusing hepatitis after hepatitis B, but donors are now screened for both hepatitis C and B.",hepatitis c the hepatitis c virus hcv was the most common cause of post transfusion hepatitis after hepatitis b but donors are now screened for both hepatitis c and b,hepatitis c the hepatitis c virus hcv was the most common cause of post transfusing hepatitis after hepatitis b but donors are now screened for both hepatitis c and b
igbo,general,"Watch the vlog below
",Watch the vlog below.,watch the vlog below,watch the vlog below
igbo,general,"You would need these ingredients:
",You need this in breathing.,you would need these ingredients,you need this in breathing
igbo,general,"Listen to our latest podcast:Notwithstanding the fact that the APC may be going for a consensus candidate, findings showed that the three aspirants that had purchased the governorship form are Senator Uba Sani, Sani Dattijo and Sani Shaaban.
","Listening to our latest podcast, notwithstanding the fact that the APC may be going for a consensus candidate, findings showed that the three aspirants that had purchased the governorship form are Senator Uba Sonny, Sonny Datijoe and Sonny Shahaban.
",listen to our latest podcast notwithstanding the fact that the apc may be going for a consensus candidate findings showed that the 3 aspirants that had purchased the governorship form are senator uba sani sani dattijo and sani shaaban,listening to our latest podcast notwithstanding the fact that the apc may be going for a consensus candidate findings showed that the 3 aspirants that had purchased the governorship form are senator uba sonny sonny datijoe and sonny shahaban
igbo,clinical,"Meticulous instructions must be given to the nursing staff and therapists, regarding the positioning and rolling of the patient to prevent stressing the suture lines during these maneuvers.",Meticulous instruction helps in giving to the nursing staff and therapists regarding the positioning and rolling of the patient to prevent stressing the suture lines during these maneuvers.,meticulous instructions must be given to the nursing staff and therapists regarding the positioning and rolling of the patient to prevent stressing the suture lines during these maneuvers,meticulous instruction helps in giving to the nursing staff and therapists regarding the positioning and rolling of the patient to prevent stressing the suture lines during these maneuvers
igbo,clinical,"Within the lumen, the epithelium is supported by the lamina propria and underlying muscular is mucosa.","Within the lomen, the epithelium is supported by the laminal propria and underlying muscularism.",within the lumen the epithelium is supported by the lamina propria and underlying muscular is mucosa,within the lomen the epithelium is supported by the laminal propria and underlying muscularism
igbo,clinical,Quetiapine Fumarate 25 mg Tablet Sig: One 1 Tablet PO QHSonce a day at bedtime as needed.,"Good chopping, fumari, 25mg tablets, c. More tablets, movies, wound CD and blood tamils needed.",quetiapine fumarate 25 mg tablet sig one one tablet po qhsonce a day at bedtime as needed,good chopping fumari 25 mg tablets c more tablets movies wound cd and blood tamils needed
igbo,general,"She was speaking following a meeting with a group of Lithuanian MPs at the parliament in Vilnius.
","She was speaking following a meeting with a group of Lithuanian MPs at the parliament in Vilnius.
",she was speaking following a meeting with a group of lithuanian mps at the parliament in vilnius,she was speaking following a meeting with a group of lithuanian mps at the parliament in vilnius
igbo,clinical,"Finally, the therapist must decide whether the problem presented by the patient is amenable to hypnotic intervention or whether other steps should be taken instead.","Finally, the therapist must decide whether the problem presented by the patient is amenable to hypnotic intervention or whether other steps should be taken instead.",finally the therapist must decide whether the problem presented by the patient is amenable to hypnotic intervention or whether other steps should be taken instead,finally the therapist must decide whether the problem presented by the patient is amenable to hypnotic intervention or whether other steps should be taken instead
igbo,clinical,Plan to check Lytes Ifechukwukwuru BUN/Cr CBC and triglycerides in am.,"Plan to check lytes, efechukwu kuru bun slash cr cbc and triglycerides in am.",plan to check lytes ifechukwukwuru bun cr cbc and triglycerides in am,plan to check lytes efechukwu kuru bun slash cr cbc and triglycerides in am
igbo,general,"A Forex trade broker in Nigeria functions as a middle man between you and the currency market. The broker can charge either a spread or a commission, and there are pros and cons to each option:
","A forex trade broker in Nigeria functions as a middleman between you and the currency market. The broker can charge either a spread or a commission, and there are pros and cons to each option.
",a forex trade broker in nigeria functions as a middle man between you and the currency market the broker can charge either a spread or a commission and there are pros and cons to each option,a forex trade broker in nigeria functions as a middleman between you and the currency market the broker can charge either a spread or a commission and there are pros and cons to each option
igbo,general,"But teachers are still on strike, resulting in nefarious activities by school children, including sexual activity and drugs, and if school children continue to remain unsupervised it might end up in pregnancies and early child marriages.
","Their t-shirt is still on strike, resulting in nefarious activities by school students, including sexual activity and drugs, and if school students continue to remain unsupervised and have endorphins, pregnancy, and early child and miscarriage marriages.
",but teachers are still on strike resulting in nefarious activities by school children including sexual activity and drugs and if school children continue to remain unsupervised it might end up in pregnancies and early child marriages,their t shirt is still on strike resulting in nefarious activities by school students including sexual activity and drugs and if school students continue to remain unsupervised and have endorphins pregnancy and early child and miscarriage marriages
igbo,general,"Kolade came down with Ebunilo disease, and was treated with Abimboye drug at Ede hospital on Sat 26 Dec, 1998
","Polarday came down with Ebumilo disease, and was treated with Abimboye drug at Ede hospital on Saturday 26 December 1998
",kolade came down with ebunilo disease and was treated with abimboye drug at ede hospital on sat 26 dec 1998,polarday came down with ebumilo disease and was treated with abimboye drug at ede hospital on saturday 26 december 1998
igbo,clinical,Mild-Mod retractions.,Mild to moderate retractions.,mild mod retractions,mild to moderate retractions
igbo,clinical,Lateral cavernous sinuses.,Lateral carvenous sinuses.,lateral cavernous sinuses,lateral carvenous sinuses
igbo,clinical,Neuro: Lightly sedated on fentanyl 50mcg/hr requiring boluses of 50mcg for turning or other interventions.,Neuro Slightly sedated on ventanil 50mcg per hour requiring boluses of 50mcg for turning or other interventions.,neuro lightly sedated on fentanyl 50 mcg hr requiring boluses of 50 mcg for turning or other interventions,neuro slightly sedated on ventanil 50 mcg per hour requiring boluses of 50 mcg for turning or other interventions
igbo,clinical,"Where the cause is pain, hypnotics must not be given until its source has been investigated, removed if possible, or analgesics prescribed. ","Where the cause is pain, hypnotics must not be given until a source has been investigated, removed if possible, or analgesics prescribed.",where the cause is pain hypnotics must not be given until its source has been investigated removed if possible or analgesics prescribed,where the cause is pain hypnotics must not be given until a source has been investigated removed if possible or analgesics prescribed
igbo,clinical,"Palpation, however, should be gentle and rarely yields clinically useful information.","Pal patient, however, should be gentle and rarely used clinically useful information.",palpation however should be gentle and rarely yields clinically useful information,pal patient however should be gentle and rarely used clinically useful information
igbo,general,"What we have advised them to do is to push the starting date by two to four weeks, he said.","What we have advised them to do is to push the starting date by 2 to 4 weeks, he said.",what we have advised them to do is to push the starting date by 2 to 4 weeks he said,what we have advised them to do is to push the starting date by 2 to 4 weeks he said
igbo,clinical,"CT computed tomography MRI magnetic resonance imaging, PNET primitive neuroectodermal tumor 666 CT-guided FNA or a core biopsy, incisional biopsy, or excisional biopsy in limited and specific situations.",City Computer Tomography MROI Magnetic Resonance,ct computed tomography mri magnetic resonance imaging pnet primitive neuroectodermal tumor 666 ct guided fna or a core biopsy incisional biopsy or excisional biopsy in limited and specific situations,city computer tomography mroi magnetic resonance
igbo,general,"Airlines will continue to be a vector for transmission across borders, and they will be required to take measures to reduce the likelihood of a spike in the numbers of travellers who fall severely ill.
","Many lines will continue to be a vector for transmission across borders, and they will be required to take measures to reduce the likelihood of a spike in the numbers of travelers who fall severely ill.
",airlines will continue to be a vector for transmission across borders and they will be required to take measures to reduce the likelihood of a spike in the numbers of travelers who fall severely ill,many lines will continue to be a vector for transmission across borders and they will be required to take measures to reduce the likelihood of a spike in the numbers of travelers who fall severely ill
igbo,clinical,pt bagged and resolved with several minutes sats 96%,Pt back then resolved with separate minute saturation 96%.,pt bagged and resolved with several minutes sats 96%,pt back then resolved with separate minute saturation 96%
igbo,general,"Recent six-month forecasts of Great Lakes water levels shows levels continuing to be well above average to near record levels in the coming months.
","Present 6-month forecasts of great lakes water levels use levels continuing to be well above average to near record levels in the coming months.
",recent 6 month forecasts of great lakes water levels shows levels continuing to be well above average to near record levels in the coming months,present 6 month forecasts of great lakes water levels use levels continuing to be well above average to near record levels in the coming months
igbo,general,"He tells me every day, Officer Cross keeps us safe from the bad guys, Mommy, she said.","He tells me every day, Officer Cross keeps us safe from the bad guys, mommy, she said.
",he tells me every day officer cross keeps us safe from the bad guys mommy she said,he tells me every day officer cross keeps us safe from the bad guys mommy she said
igbo,general,"Moreover, Senate Republicans have been proposing a weak measure far short of what is needed to prevent a downward spiral, let alone spur a recovery.
","Moreover, Senate Republicans have been proposing a weak measure far short of what is needed to prevent a downward spiral, let alone spur a recovery.
",moreover senate republicans have been proposing a weak measure far short of what is needed to prevent a downward spiral let alone spur a recovery,moreover senate republicans have been proposing a weak measure far short of what is needed to prevent a downward spiral let alone spur a recovery
igbo,general,"During his time here, he has shown himself to be committed to serving both our student athletes and center members.","During his time here, he has shown himself to be committed to serving both our students athletes and central members.",during his time here he has shown himself to be committed to serving both our student athletes and center members,during his time here he has shown himself to be committed to serving both our students athletes and central members
igbo,clinical,fluid balance from midnight positive 1300 cc and currently neg 50 cc.,Fluid balance for midnight positive 1300cc and currently NEG 50cc.,fluid balance from midnight +1300 cc and currently neg 50 cc,fluid balance for midnight +1300 cc and currently neg 50 cc
igbo,general,"$500 million in damage was caused by a storm on 04-07-2006 in Makurdi and Ogaminana
","$500 million in damage was caused by a storm on 04 July 2016 in Makurdi ab of Gaminana
",$500000000 in damage was caused by a storm on 4 7 2006 in makurdi and ogaminana,$500000000 in damage was caused by a storm on 4 july 2016 in makurdi ab of gaminana
hausa,clinical,"However, data are not sufficient to draw conclusions about the vitamins effects on human cancers.","However, data are not sufficient to draw conclusions about the vitamins effect on human cancers.",however data are not sufficient to draw conclusions about the vitamins effects on human cancers,however data are not sufficient to draw conclusions about the vitamins effect on human cancers
hausa,clinical,"Unspecified superficial injury of unspecified elbow, initial encounter. TABLET, ORAL CIPROFLOXACIN HYDROCHLORIDE, CIPROFLOXACIN HYDROCHLORIDE, EQ 750MG BASE. Pedestrian with other conveyance injured in collision with pedal cycle","Unspecified superficial injury of unspecified elbow, initial encounter. TABLET, ORAL CYPROPLOXACIN HYDROCHLORIDE, CYPROPLOXACIN HYDROCHLORIDE, EQ 750MG BASE. Pedestrian with other conveyance injured in collision with pedal cycle",unspecified superficial injury of unspecified elbow initial encounter tablet oral ciprofloxacin hydrochloride ciprofloxacin hydrochloride eq 750 mg base pedestrian with other conveyance injured in collision with pedal cycle,unspecified superficial injury of unspecified elbow initial encounter tablet oral cyproploxacin hydrochloride cyproploxacin hydrochloride eq 750 mg base pedestrian with other conveyance injured in collision with pedal cycle
hausa,clinical,PULMONARY WEDGE { a/v/m } 21/22/20,Primulory Wedge AVM 21st 22nd 20.,pulmonary wedge a v m 21 22 20,primulory wedge avm 21st 22nd 20
hausa,clinical,Okikechukwu Dannykeh E.     Injulemah     09 Dec 2014 7: 17 PM MR HEAD,"Okkikechupu Danike E. In Julema 09 December, 2014 7.17 PM MR HEAD",okikechukwu dannykeh e injulemah 9 dec 2014 7 17 pm mister head,okkikechupu danike e in julema 9 december 2014 7.17 pm mister head
hausa,clinical,A: aga P: cont to support development4 cont on antibiotics bld cx pnd.,Assessment Appropriate for gestational aid Plan  Continue to support development or Continue on antibiotics Blood Culture PND,a aga p cont to support development 4 cont on antibiotics bld cx pnd,assessment appropriate for gestational aid plan continue to support development or continue on antibiotics blood culture pnd
hausa,general,"He is not on any medication, he is a student, does not smoke cigarette not takes alcohol. next line. Assessment: Malaria. Next line. Signed: Dr Mongoe Okojobe
","He is not on any medication, he is a student, does not smoke cigarette not takes alcohol. next line. Assessment, Malaria. Next line. Signed, Dr. Mango Okujube
",he is not on any medication he is a student does not smoke cigarette not takes alcohol next line assessment malaria next line signed doctor mongoe okojobe,he is not on any medication he is a student does not smoke cigarette not takes alcohol next line assessment malaria next line signed doctor mango okujube
hausa,clinical,"The parasites develop into long slender trypomastigotes which multiply at the site of inoculation and later in the blood, lymphatic system, and tissue fluid.","The parasites develop into lung-slender trypomasticles which multiply at the site of inoculation and later in the blood, lymphatic system, and tissue UID.",the parasites develop into long slender trypomastigotes which multiply at the site of inoculation and later in the blood lymphatic system and tissue fluid,the parasites develop into lung slender trypomasticles which multiply at the site of inoculation and later in the blood lymphatic system and tissue uid
hausa,clinical,ROP exam for today.,ROP exam for today.,rop exam for today,rop exam for today
hausa,clinical,"As for the transection plane, the key is to perform Figure 31-22.","As for the transaction plan, the key is to perform Figure 31-22.",as for the transection plane the key is to perform figure 31 22,as for the transaction plan the key is to perform figure 31 22
hausa,clinical,endocarditis  CHF 7 in Losumi,Endocaritis CHF7 in lox.,endocarditis chf 7 in losumi,endocaritis chf 7 in lox
hausa,general,"Top Features Customers Should Know about OPPO Reno7
",Top features customers should know about Opal Reno 7.,top features customers should know about oppo reno 7,top features customers should know about opal reno 7
hausa,general,"Research scientists are the primary audience for the journal, but ordinary people read it as well.
","Research scientists are the primary audience for the journal, but ordinary people read it as well.
",research scientists are the primary audience for the journal but ordinary people read it as well,research scientists are the primary audience for the journal but ordinary people read it as well
hausa,clinical,cv: vss temp 100 max po.,CV column vs is temp 100 max book.,cv vss temp 100 max po,cv column vs is temp 100 max book
hausa,general,"On Tuesday evening, Modi announced an economic package which along with previous packages and RBI reprieves will amount to Rs 20 lakh crore, which he claimed will address the issues pertaining to land, labour, liquidity and loss.
","On Tuesday evening, Modi announced an economic package which along with previous packages and RBI reprisings will amnst to RS 20 lakh crore, which he claimed will address the issue pertaining to land, labour, liquidity and loss.
",on tuesday evening modi announced an economic package which along with previous packages and rbi reprieves will amount to rs 20 lakh crore which he claimed will address the issues pertaining to land labor liquidity and loss,on tuesday evening modi announced an economic package which along with previous packages and rbi reprisings will amnst to rs 20 lakh crore which he claimed will address the issue pertaining to land labor liquidity and loss
hausa,clinical,1 FEN; added Start date: 09/12/1974 2 Parents; added Start date: 09/12/1974,1FEN- ADDED START DATE 09-12-1974 2Parents- ADDED START DATE 09-12-1974,one fen added start date 9 12 1974 2 parents added start date 9 12 1974,one fen added start date 9 12 1974 2 parents added start date 9 12 1974
hausa,general,"On Saturday, 12 housemates entered the first house with pomp and fanfare.","On Saturday, 12th housemates entered the first house with Pump and Fanfrey.",on saturday 12 housemates entered the 1st house with pomp and fanfare,on saturday 12th housemates entered the 1st house with pump and fanfrey
hausa,general,"I told you months ago that Christopher Wray needed to be fired, she added.
","I told the humans ago that Christopher Pahray needed to be pied, she added.
",i told you months ago that christopher wray needed to be fired she added,i told the humans ago that christopher pahray needed to be pied she added
hausa,clinical,"Encounter for supervision of other normal pregnancy, first trimester. TABLET, ORAL-28 CYCLAFEM 7/7/7, ETHINYL ESTRADIOL; NORETHINDRONE, 0.035MG,0.035MG,0.035MG;0.5MG,0.75MG,1MG. Displaced fracture of lateral condyle of unspecified femur, subsequent",Survival of other first thymismisotoblactia fracture of lochal formula.,encounter for supervision of other normal pregnancy 1st trimester tablet oral 28 cyclafem 7 7 7 ethinyl estradiol norethindrone 0.035 mg 0.035 mg 0.035 mg 0.5 mg 0.75 mg one mg displaced fracture of lateral condyle of unspecified femur subsequent,survival of other 1st thymismisotoblactia fracture of lochal formula
hausa,clinical,Visual fields are full without lateral gaze deviation.,Visual fields are full without lateral gaze deviation.,visual fields are full without lateral gaze deviation,visual fields are full without lateral gaze deviation
hausa,clinical,P: cont to mtr tolerance report changes.,P. Cont to empty air tolerance report changes.,p cont to mtr tolerance report changes,p cont to empty air tolerance report changes
hausa,clinical,NEURO: PT SMILING AND MOUTHING WORDS WITH DAUGHTER.,Neuro PT Smiling and Mouthing words with daughter.,neuro pt smiling and mouthing words with daughter,neuro pt smiling and mouthing words with daughter
hausa,clinical,P - no evidence of failure,P. No evidence of failure.,p no evidence of failure,p no evidence of failure
hausa,clinical,Started on vancomycin and zosyn for concern of infection but given the lack of systemic symptoms this is unlikely.,Started on vancomycin and zosyn for concern of infection but given the lack of systemic symptoms this is unlikely.,started on vancomycin and zosyn for concern of infection but given the lack of systemic symptoms this is unlikely,started on vancomycin and zosyn for concern of infection but given the lack of systemic symptoms this is unlikely
hausa,general,"His rule was defined largely by significant military expansion of the Kingdom of Benin.
","His role was defined largely by significant military expansion of the kingdom of Benin.
",his rule was defined largely by significant military expansion of the kingdom of benin,his role was defined largely by significant military expansion of the kingdom of benin
hausa,clinical,Titrate cardizem down to off when PO dilt therapeutic.,Titrate Cardzy down to 0 when PO dealt therapeutic.,titrate cardizem down to off when po dilt therapeutic,titrate cardzy down to 0 when po dealt therapeutic
hausa,general,"Dr Folawole Fiyosi speaking. Next line. Fever is high grade, intermittent, temporarily relieved by paracetamol. Next line","Dr. Folawole Fiosi speaking. Next line. Fever is high grade, intermittent, temporarily relieved by placid tamol. Next line
",doctor folawole fiyosi speaking next line fever is high grade intermittent temporarily relieved by paracetamol next line,doctor folawole fiosi speaking next line fever is high grade intermittent temporarily relieved by placid tamol next line
hausa,clinical,Ebe Iebonaem 113 days old- CGA43wks.,Eeb laboneum 113 days old CGA 43 weeks.,ebe iebonaem 113 days old cga 43 wks,eeb laboneum 113 days old cga 43 weeks
hausa,general,"It uses A for objects people say are asteroids.
","It uses a for objects people say are asteroid.
",it uses a for objects people say are asteroids,it uses a for objects people say are asteroid
hausa,clinical,You tolerated the treatment well with the exception of transient hearing loss.,You tolerated the treatment well with the exception of transient hearing loss.,you tolerated the treatment well with the exception of transient hearing loss,you tolerated the treatment well with the exception of transient hearing loss
hausa,clinical,14 EEG: L temporal slowing,14 EG L Temp S.,14 eeg l temporal slowing,14 eg l temp s
hausa,clinical,"A suicide note found at the scene referenced multiple medical problems as well as suggested ingestion of beta blocker, muscle relaxant, and Neurontin .",A suicide note found at the scene referenced multiple medical problems as well as suggested ingestion of better blocker musculoskeletal and neurontine.,a suicide note found at the scene referenced multiple medical problems as well as suggested ingestion of beta blocker muscle relaxant and neurontin,a suicide note found at the scene referenced multiple medical problems as well as suggested ingestion of better blocker musculoskeletal and neurontine
hausa,clinical,Examples of gene amplification are found in some solid human tumours e.,Examples of gene amplification are found in some solid treatment humors e.,examples of gene amplification are found in some solid human tumors e,examples of gene amplification are found in some solid treatment humors e
hausa,clinical,"Two major types of bands have been used for this procedure.
",Two major types of bands have been used for this procedure.,2 major types of bands have been used for this procedure,2 major types of bands have been used for this procedure
hausa,clinical,resp care received on ac mode peep 12.,Resperee care received on AC mode peep 12.,resp care received on ac mode peep 12,resperee care received on ac mode peep 12
hausa,clinical,Please eval Admitting Diagnosis: STEMICARDIAC CATHERIZATION,"LIS ever admitting diagnosis, stemicardial catarization.",please eval admitting diagnosis stemicardiac catherization,lis ever admitting diagnosis stemicardial catarization
hausa,general,"Now hes 10 times trendier than me, and I have to catch up.
","Now he is 10 times trendier than me, and I have to catch up.
",now hes 10 times trendier than me and i have to catch up,now he is 10 times trendier than me and i have to catch up
hausa,general,"Zangay was watching TV as they normally do in the evening when his brother Aboysi went to prepare dinner.
","Xangai was watching TV as they normally do in the evening when his brother Abu Sih went to prepare dinner.
",zangay was watching tv as they normally do in the evening when his brother aboysi went to prepare dinner,xangai was watching tv as they normally do in the evening when his brother abu sih went to prepare dinner
hausa,clinical,Neck no masses no adenopathy.,NEK NO MASSES NO ADENOUS PARTY.,neck no masses no adenopathy,nek no masses no adenous party
hausa,clinical,temp 99.5. no ngt placed.,term 99.5 no energy.,temp 99.5 no ngt placed,term 99.5 no energy
hausa,clinical,chest/abd ct done to r/o dissection.,CHEST ABDOMEN CONTINUE DONE TO RULE OUT DISECTION.,chest abd ct done to r 0 dissection,chest abdomen continue done to rule out disection
hausa,clinical,watch residuals and titrate TF to goal as tolerated.,WATCH RESIDUALS AND TETRATE TRANSFER TO GOAL ASTOLERITED.,watch residuals and titrate tf to goal as tolerated,watch residuals and tetrate transfer to goal astolerited
hausa,clinical,It has a superior and inferior ramus and a triangular body.,It has a superior and inferior hormones and a triangular body.,it has a superior and inferior ramus and a triangular body,it has a superior and inferior hormones and a triangular body
hausa,clinical,"Patients with TOA are acutely ill, often presenting with high fever, tachy cardia, severe pelvic and abdominal pain, and nausea and vomiting.","Patient with tubo-ovarian abscess are acutely ill, often presenting with high fever, tachycardia, severe pelvic and abdominal pain and nausea and vomiting.",patients with toa are acutely ill often presenting with high fever tachy cardia severe pelvic and abdominal pain and nausea and vomiting,patient with tubo ovarian abscess are acutely ill often presenting with high fever tachycardia severe pelvic and abdominal pain and nausea and vomiting
hausa,general,"In Nigeria, too,  the May Day celebrations also happen.
","In Nigeria, 2, the May Day celebrations also happened.
",in nigeria too the may day celebrations also happen,in nigeria 2 the may day celebrations also happened
hausa,general,"French knives tend to have straighter blades, while German-style knives curve along the cutting edge.","French knives tend to have straighter blade, while German-style knives curve along the cutting edge.
",french knives tend to have straighter blades while german style knives curve along the cutting edge,french knives tend to have straighter blade while german style knives curve along the cutting edge
hausa,clinical,Current Na 137 Serum Osmo 284.,CURRENT NE 137 SERUM OSMO 284.,current na 137 serum osmo 284,current ne 137 serum osmo 284
hausa,general,"Jaba was watching TV as they normally do in the evening when his brother Ellifay went to prepare dinner.
","Dabba was watching TV as they normally do in the evening when his brother Elife went to prepare dinner.
",jaba was watching tv as they normally do in the evening when his brother ellifay went to prepare dinner,dabba was watching tv as they normally do in the evening when his brother elife went to prepare dinner
hausa,clinical,ENDO: BG 150s no order for insulin at this time.,ENDO BG 150's no order for insulin at this time.,endo bg 150s no order for insulin at this time,endo bg 150 is no order for insulin at this time
hausa,clinical,Ennabrishiake Chilotem MD,Eleven ratio Ktm MD.,ennabrishiake chilotem md,11 ratio ktm md
hausa,clinical,06/06/1993 12:00:00 AM,06                                                                                                                                                                                                                                ,6 6 1993 12 0 0 am,6
hausa,clinical,of blood; otherwise intact.,Of blood otherwise intact.,of blood otherwise intact,of blood otherwise intact
hausa,clinical,PT's rectal bags not staying intact changed to msuchroom cath w. good effect.,Pt rectal back nustin intact change to musroom at the blue good effect.,pt is rectal bags not staying intact changed to msuchroom cath w good effect,pt rectal back nustin intact change to musroom at the blue good effect
hausa,clinical,MAINTAINING O2SAT'S IN THE UPPER 90'S.,Sending O2 sat in the upper 90s.,maintaining 0 2 sat is in the upper 90 is,sending 0 2 sat in the upper 90s
hausa,clinical,Pt able to fall asleep for awhile.,Pt able to fall asleep for a while.,pt able to fall asleep for awhile,pt able to fall asleep for a while
hausa,clinical,"SYRUP, ORAL CHILDREN'S CETIRIZINE HYDROCHLORIDE ALLERGY, CETIRIZINE HYDROCHLORIDE, 5MG/5ML","CROP, ORAL CHILDREN'S STRIZIN HYDROCHLORIDE ALLERGY, STRIZIN HYDROCHLORIDE, 5MGP, 5ML",syrup oral children is cetirizine hydrochloride allergy cetirizine hydrochloride 5 mg 5 ml,crop oral children is strizin hydrochloride allergy strizin hydrochloride 5 mgp 5 ml
hausa,clinical,"Ileal pouch anal reconstruction is not recommended in these patients because of the risk for development of Crohns disease within the pouch and the high risk of complications, such as fistula, abscess, stricture, pouch dysfunction, and pouch failure.","Illial pouch anal reconstruction is not recommended in these patients because of the risk for development of Crohn's disease within the pouch and the high risk of complications, such as fistula, abscess, stricture, pouch dysfunction, and pouch failure.",ileal pouch anal reconstruction is not recommended in these patients because of the risk for development of crohns disease within the pouch and the high risk of complications such as fistula abscess stricture pouch dysfunction and pouch failure,illial pouch anal reconstruction is not recommended in these patients because of the risk for development of crohn is disease within the pouch and the high risk of complications such as fistula abscess stricture pouch dysfunction and pouch failure
hausa,clinical,Listen to dad's concerns.,Listing to that's concerns.,listen to dad is concerns,listing to that is concerns
hausa,general,"Infant has lovely skin, born to Agbo Abimbade parents in Warri
",Infant has lovely skin born to Agbo Abimbadi parents in Wurri.,infant has lovely skin born to agbo abimbade parents in warri,infant has lovely skin born to agbo abimbadi parents in wurri
hausa,general,"And built-in alarms alert health care workers to the slightest breathing abnormalities.
",And build-in alarms alert health care workers to the slightest breathing abnormalities.,and built in alarms alert health care workers to the slightest breathing abnormalities,and build in alarms alert health care workers to the slightest breathing abnormalities
hausa,general,"West of the city, the land is increasingly used for cattle ranching.","West of the city, the land is increasingly used for castle ranching.
",west of the city the land is increasingly used for cattle ranching,west of the city the land is increasingly used for castle ranching
hausa,clinical,A: Involved and concerned family. P: cont to inform and support provide discharge teaching as needed.,"A  involved in Concept Family B  continued to reform and support provide the strategy teaching as needed.
",a involved and concerned family p cont to inform and support provide discharge teaching as needed,a involved in concept family b continued to reform and support provide the strategy teaching as needed
hausa,general,"This should start with justice for Audu and Matthew their killers must be brought to trial.
",This should start with justice for Audo and Mathew their killers must be brought to Rehtar.,this should start with justice for audu and matthew their killers must be brought to trial,this should start with justice for audo and mathew their killers must be brought to rehtar
hausa,clinical,ACTIVE BS NOLOOPS.,Active BS no loops.,active bs noloops,active bs no loops
hausa,clinical,Continue vanc/zosyn.,CONT VANC SLASH ZO SIGN.,continue vanc zosyn,cont vanc slash zo sign
hausa,clinical,"GEL, OPHTHALMIC LOTEPREDNOL ETABONATE, LOTEPREDNOL ETABONATE, 0.5%","GEL, OPHTELMIC LOTEPHRIDINOL ATABONATE, LOTEPHRIDINOL ATABONATE, 0.5%.",gel ophthalmic loteprednol etabonate loteprednol etabonate 0.5%,gel ophtelmic lotephridinol atabonate lotephridinol atabonate 0.5%
hausa,clinical,admitted from OR intubated 7.5 ET at 21atlip.,admitted for OR intubated 7.5 ET at 21 A.,admitted from or intubated 7.5 et at 21 atlip,admitted for or intubated 7.5 et at 21 a
hausa,clinical,Resp: .40 trach mask.,Resp 40 Therajmax mask.,resp .40 trach mask,resp 40 therajmax mask
hausa,general,The family history of Okubhatobofegha disease was important for Nafisat who is a doctor at Owerri university but lives in Kumariya with his wife Izunna,"The family history of Akubatogo Fega disease was important for Nefisat who is a doctor at Owera university but lives in Kumariya with his wife Izuna
",the family history of okubhatobofegha disease was important for nafisat who is a doctor at owerri university but lives in kumariya with his wife izunna,the family history of akubatogo fega disease was important for nefisat who is a doctor at owera university but lives in kumariya with his wife izuna
hausa,general,"He is not a known hypertensive, diabetic or asthmatic, and has not had surgery in the past. Next line. Signed: Dr Ayalucu Onogo
","He is not a known hypertensive, diabetic or asthmatic, and has not had surgery in the past. next line. Signed, Dr Ayalukwu Onogo
",he is not a known hypertensive diabetic or asthmatic and has not had surgery in the past next line signed doctor ayalucu onogo,he is not a known hypertensive diabetic or asthmatic and has not had surgery in the past next line signed doctor ayalukwu onogo
hausa,clinical,In the ED initial VS were: 98.2 82 74/50 24 91% RA.,"In the ED initial visis were column 98.2, 82, 74, 50, 24, 91% RE.",in the ed initial vs were 98.2 82 74 50 24 91% ra,in the ed initial visis were column 98.2 82 74 50 24 91% re
hausa,general,"Daniel James  Danny  Parslow  born 11 September 1985  is a Welsh professional footballer who plays as a defender for League Two club Cheltenham Town .
","Dani Aljane with Danny Passlaw born 11 September 1985 is a Welsh professional footballer who plays as a defender for the Llewkluop Chaltenham town.
",daniel james danny parslow born 11 september 1985 is a welsh professional footballer who plays as a defender for league 2 club cheltenham town,dani aljane with danny passlaw born 11 september 1985 is a welsh professional footballer who plays as a defender for the llewkluop chaltenham town
hausa,general,"Hosted by Eli Mwenda and Oscar Koome, the show tackles a range of issues including fatherhood, feminism, dating, and self-care.
","Busted by Elai Mwenda and Oster Kume, the show tackles a range of issues including fatherhood, feminism, dating, and self-care.
",hosted by eli mwenda and oscar koome the show tackles a range of issues including fatherhood feminism dating and self care,busted by elai mwenda and oster kume the show tackles a range of issues including fatherhood feminism dating and self care
hausa,clinical,He stayed in CCU for 2 days for concern of sepsis and was transferred to the floor on 19.,He stayed in CCU for 2 days for concern of sepsis on Western Safari to the floor on 19.,he stayed in ccu for 2 days for concern of sepsis and was transferred to the floor on 19,he stayed in ccu for 2 days for concern of sepsis on western safari to the floor on 19
hausa,clinical,Afib with HR 100's.,A film with heart rate 100's.,afib with hr 100 is,a film with heart rate 100 is
hausa,clinical,"In addition, the tip of the tubing should be kept 1 to 2 inches to 5cm beyond the tip of the penis to prevent irritation to the sensitive glans area.","In addition, the tip of the tubing should be kept 1 to 2 inches to 5 cm beyond the tip of the penis to prevent irritation through sensitive glands area.",in addition the tip of the tubing should be kept one to 2 inches to 5 cm beyond the tip of the penis to prevent irritation to the sensitive glans area,in addition the tip of the tubing should be kept one to 2 inches to 5 cm beyond the tip of the penis to prevent irritation through sensitive glands area
hausa,general,"It is fair to add that many religious organisations only seem to follow the offerings, and not the welfare, of their congregation these days.
","It is fair to add that many religious organisations only seem to follow the offerings, and not the welfare, of their congregation these days.
",it is fair to add that many religious organizations only seem to follow the offerings and not the welfare of their congregation these days,it is fair to add that many religious organizations only seem to follow the offerings and not the welfare of their congregation these days
hausa,general,Tongans have universal access to a national health care system.,Galvestare have universal access to a National Health Care System.,tongans have universal access to a national health care system,galvestare have universal access to a national health care system
hausa,clinical,Dr. Erinola agreed to keep pt sedated for airway protection.,Dr. Erin Nola agreed to keep patients sedated for airway rotation.,doctor erinola agreed to keep pt sedated for airway protection,doctor erin nola agreed to keep patients sedated for airway rotation
hausa,clinical,Vanco q 12hrs iv.,Obangpo Q 12hrs a dayBangpo Q 12hrs a dayU,vanco q 12 hrs iv,obangpo q 12 hrs a daybangpo q 12 hrs a dayu
hausa,clinical,sofsorb dsgs over both groin sites.,SURF SUB DSGS OVERBOROUGH GROWING SITES.,sofsorb dsgs over both groin sites,surf sub dsgs overborough growing sites
hausa,clinical,Ovulation is expected 5 to 11 days after the dose of clomiphene citrate.,Ovulation is expected 5 to 11 days after the dose of chloramethane citrate.,ovulation is expected 5 to 11 days after the dose of clomiphene citrate,ovulation is expected 5 to 11 days after the dose of chloramethane citrate
hausa,clinical,Clear BS this am with good aearation on RRR no murmurAbd soft ND + BS pale.,Clear BS this am. Good                                 On RRR and murmur abdomen soft NB plus BS pale.,clear bs this am with good aearation on rrr no murmurabd soft nd bs pale,clear bs this am good on rrr and murmur abdomen soft nb plus bs pale
hausa,clinical,3 FENs/o: Cont on 150cc/k/d-- PE 30 with Pm-- abd full/soft.,3FENX 0 CONT ON 150CC CARE D PE30 WPM ABD FUEL SOFT.,3 fens 0 cont on 150 cc k d pe 30 with pm abd full soft,3 fenx 0 cont on 150 cc care d pe 30 wpm abd fuel soft
hausa,clinical,"Ensure the patient is positioned in the center of the bed, with the affected leg aligned with the trunk of the patient's body.","Ensure the patient is positioned in the center of the bed, with the affected leg aligned with the trunk of the patient's body.",ensure the patient is positioned in the center of the bed with the affected leg aligned with the trunk of the patient is body,ensure the patient is positioned in the center of the bed with the affected leg aligned with the trunk of the patient is body
hausa,clinical,Bruise on left buttocks which patient states he had in rehab.,Bruce left on buttocks with pt stayed here he had a rehab.,bruise on left buttocks which patient states he had in rehab,bruce left on buttocks with pt stayed here he had a rehab
hausa,clinical,At that point in time he was weaned from D-10-W to D-5-W and a follow-up dextrose was 115.,At that point in time he was weaned from the 10th lateral to the 5th in blue and a follow up dexterous was 115.,at that point in time he was weaned from d 10 w to d 5 w and a follow up dextrose was 115,at that point in time he was weaned from the 10th lateral to the 5th in blue and a follow up dexterous was 115
hausa,clinical,LUNGS SOUNDS DECREASED BILAT.,LUNG SOUNDS DECREASED BILAT.,lungs sounds decreased bilat,lung sounds decreased bilat
hausa,clinical,fXa level on 8 was 1.9 and dose was decreased to 80mg Hospital Tanda..,FXA level on 8 was 1.9 and dose was decreased to 80mg Hospital Tanda.,fxa level on 8 was one.9 and dose was decreased to 80 mg hospital tanda .,fxa level on 8 was one.9 and dose was decreased to 80 mg hospital tanda
hausa,clinical,"Warfarin Coumadin:Three options: Avoid 3 days prior to operation and resume postoperative day 2 admit preoperatively and change to heparin, which can be held only a couple of hours ahead operate through coumadin.","Wafarin, 3 options avoid 3 days prior to operation and resume postoperative day 2. Admit preoperatively and change to heparin which can be held over a couple of hours ahead. Operate through qmadin",warfarin coumadin 3 options avoid 3 days prior to operation and resume postoperative day 2 admit preoperatively and change to heparin which can be held only a couple of hours ahead operate through coumadin,wafarin 3 options avoid 3 days prior to operation and resume postoperative day 2 admit preoperatively and change to heparin which can be held over a couple of hours ahead operate through qmadin
hausa,general,"When we started, critics said it would not be possible.
","When we started, critics said it would not be possible.
",when we started critics said it would not be possible,when we started critics said it would not be possible
hausa,clinical,Coronary heart disease causes most of the deaths when it comes to effects of cigarette smoking.,Coronary heart disease causes most of the deaths 239 when it comes to effects of cigarette smoking.,coronary heart disease causes most of the deaths when it comes to effects of cigarette smoking,coronary heart disease causes most of the deaths 239 when it comes to effects of cigarette smoking
hausa,clinical,Foley with icteric urine adequate hourly amount.,Foley with histeric urine adequate hourly amounts.,foley with icteric urine adequate hourly amount,foley with histeric urine adequate hourly amounts
hausa,general,"About a million people died during the siege.
","About a million people died during siege post-op.
",about a 1000000 people died during the siege,about a 1000000 people died during siege post op
hausa,general,"Though swiftly declared wanted after any collapse, the cases against the developers are usually not followed through conclusively.
","Though swiftly declared wanted after any collapse, the cases against the developers are not followed through conclusively.
",though swiftly declared wanted after any collapse the cases against the developers are usually not followed through conclusively,though swiftly declared wanted after any collapse the cases against the developers are not followed through conclusively
hausa,clinical,"Thus, the total solute concentration of the uid in the proximal convoluted tubule does not change as the uidmoves toward the descending loop of Henle.","Thus, the total solutes concentration of the UID in the proximal convoluted tube does not change as the UID moves towards the descending loop of Enle.",thus the total solute concentration of the uid in the proximal convoluted tubule does not change as the uidmoves toward the descending loop of henle,thus the total solutes concentration of the uid in the proximal convoluted tube does not change as the uid moves towards the descending loop of enle
hausa,clinical,Dad did temp changed diaper  and fed infant with verbal cues.,Third The temp changed diaper and fed infant with verbal cues.,dad did temp changed diaper and fed infant with verbal cues,3rd the temp changed diaper and fed infant with verbal cues
hausa,clinical,"S-""""No.",s-no.,s no,s no
hausa,general,"In a statement, County Administrator Jerry Cameron said they were taking things slow to try to avoid the missteps of other jurisdictions.","In a statement, County Administrator Jerry Cameron said they were taking things slow to try to avoid the missteps of other jurisdictions.
",in a statement county administrator jerry cameron said they were taking things slow to try to avoid the missteps of other jurisdictions,in a statement county administrator jerry cameron said they were taking things slow to try to avoid the missteps of other jurisdictions
hausa,clinical,Resp: Vent change: Fio2 40% f 4.,RESP-hyping ventilation change-FIO2 40% F4.,resp vent change fio 2 40% f 4,resp hyping ventilation change fio 2 40% f 4
hausa,clinical,Benzodiazepines were continued in light of concern for withdrawal.,Bengu there as a piece were continued in light of consign for withdrawal.,benzodiazepines were continued in light of concern for withdrawal,bengu there as a piece were continued in light of consign for withdrawal
hausa,clinical,Mother very involved in to visit x 3.,Mother very involved in to visit x3.,mother very involved in to visit x 3,mother very involved in to visit x 3
hausa,clinical,"States in hospital but says """"Surrah Family.",He lives in hospital but says so.,states in hospital but says surrah family,he lives in hospital but says so
hausa,clinical,"Nondisplaced fracture of unspecified ulna styloid process, subsequent. TABLET, EXTENDED RELEASE, ORAL REQUIP XL, ROPINIROLE HYDROCHLORIDE, EQ 12MG BASE. Exposure to excessive natural heat, sequela","Nondisplaced fracture of unspecified ulnar styloid process, subsequent. TABLET, EXTENDED RELEASE, ORAL REQUIPXL, PROPHENIROLE HYDROCHLORIDE. Equivalent, 12 mg base, exposure to excessive natural heat, sequela",nondisplaced fracture of unspecified ulna styloid process subsequent tablet extended release oral requip xl ropinirole hydrochloride eq 12 mg base exposure to excessive natural heat sequela,nondisplaced fracture of unspecified ulnar styloid process subsequent tablet extended release oral requipxl prophenirole hydrochloride equivalent 12 mg base exposure to excessive natural heat sequela
hausa,general,"This demands being deliberate with your speech.
",This demand being deliberate with your speech.,this demands being deliberate with your speech,this demand being deliberate with your speech
hausa,general,"Ojiugo Kasarachi was discharged with baseline Creatinine.
",Ojiogo Asahachi was discharged with baseline quatinine.,ojiugo kasarachi was discharged with baseline creatinine,ojiogo asahachi was discharged with baseline quatinine
hausa,clinical,Hemodynamically stable w/ improving neuro status though still with extensive STM loss.,Hemodynamically stable w-stroke improving neural status though still with extensive STM loss.,hemodynamically stable w improving neuro status though still with extensive stm loss,hemodynamically stable w stroke improving neural status though still with extensive stm loss
hausa,clinical,On 61cc's of SC 30cal with promod and rice cereal 130cc/kg/d.,On 61cc of FC 30 cal with promod and lyceryl 130cc-kg-d.,on 61 cc is of sc 30 cal with promod and rice cereal 130 cc kg d,on 61 cc of fc 30 cal with promod and lyceryl 130 cc kg d
hausa,clinical,repeat Hct 22.8 19 next check due at tonight.,Repeat HCT 22.8 19 minutes check due at tonight.,repeat hct 22.8 19 next check due at tonight,repeat hct 22.8 19 minutes check due at tonight
hausa,clinical,cont po/iv vanco.,Hunt P.O. Struck IV Vanco.,cont po iv vanco,hunt p 0 struck iv vanco
hausa,general,"These women want it badly but most of them cannot afford the training they need, and thats where we come in.
","These women want it badly but most of them cannot afford the training they need, and thats where we come in.
",these women want it badly but most of them cannot afford the training they need and thats where we come in,these women want it badly but most of them cannot afford the training they need and thats where we come in
hausa,clinical,appears alert and oriented.,appears alert and oriented.,appears alert and oriented,appears alert and oriented
hausa,clinical,Will trial humidified Oluomachi to treat nasal secretions.,"Wheel triad, humidified olooma key to treat nasal secretions.",will trial humidified oluomachi to treat nasal secretions,wheel triad humidified olooma key to treat nasal secretions
hausa,clinical,This is an incurable condition characterized by the formation of disfiguring nodules over the surface of the body.,This is an incurable condition characterized by the formation of discurring nodules over the surface of the body.,this is an incurable condition characterized by the formation of disfiguring nodules over the surface of the body,this is an incurable condition characterized by the formation of discurring nodules over the surface of the body
hausa,clinical,Other meds : Paxil .,Odermates colon parxated.,other meds paxil,odermates colon parxated
hausa,clinical,These may be acting singly or in combination.,This may be acting singly or in combination.,these may be acting singly or in combination,this may be acting singly or in combination
hausa,clinical,"Calculi in the duct can be removed through an intraoral approach, but the course of the duct through the buccinator muscle makes the operation difficult.",Calculation in the duct can be removed through an intraoral approach but the cause of the duct through the postnatal muscle makes the operation difficult.,calculi in the duct can be removed through an intraoral approach but the course of the duct through the buccinator muscle makes the operation difficult,calculation in the duct can be removed through an intraoral approach but the cause of the duct through the postnatal muscle makes the operation difficult
hausa,clinical,"To prevent corrosion of the battery terminals and connections, lightly coat the metal surfaces with petroleum grease, e.","To prevent corrosion of the battery terminal some connections, lightly coat the metal surfaces with petroleum grease, e.",to prevent corrosion of the battery terminals and connections lightly coat the metal surfaces with petroleum grease e,to prevent corrosion of the battery terminal some connections lightly coat the metal surfaces with petroleum grease e
hausa,clinical,"To promote safety awarenesswhen, in a subdivided laboratory, there is only a single exit and staff become trapped in one section.","Promote safety awareness when, in a subdivided laboratory, there is only a single exit and staff become trapped in one section.
",to promote safety awarenesswhen in a subdivided laboratory there is only a single exit and staff become trapped in one section,promote safety awareness when in a subdivided laboratory there is only a single exit and staff become trapped in one section
hausa,clinical,Gran Ct-7310 BLOOD,Gran CT 73 was 0 blood.,gran ct 7310 blood,gran ct 73 was 0 blood
hausa,clinical,Aggressive medical management with   -adrenergic blocking agents and other blood pressurelowering regimens is crucial to treatment.,Aggressive medical management with-adrenergic blocking agents and other blood pressure-low-wine regimens is crucial to treatment.,aggressive medical management with adrenergic blocking agents and other blood pressurelowering regimens is crucial to treatment,aggressive medical management with adrenergic blocking agents and other blood pressure low wine regimens is crucial to treatment
hausa,general,"May Almighty Allah make it easy for us to observe good deeds at this period of the first 10 days of Dhul-Hijjah and grant us the benefits. Ameen.
","May Almighty Allah make it easy for us to observe good deeds at this period of the first 10 days of Jal-Hijjah and grant us the benefit.Amin
",may almighty allah make it easy for us to observe good deeds at this period of the 1st 10 days of dhul hijjah and grant us the benefits ameen,may almighty allah make it easy for us to observe good deeds at this period of the 1st 10 days of jal hijjah and grant us the benefit amin
hausa,clinical,CT 02/08/2029: impression: no femoral fracture or dislocation diffuse subcutaneous edema and possible edema of the left adductors and quadriceps muscle are seen without discrete hematoma.,"Computed tomography 2-02-2029. Impression No femoral fracture or dislocation, diffuse subcutaneous edema and possible edema of the left adductors and quadriceps muscle are seen without discrete hematoma.",ct 2 8 2029 impression no femoral fracture or dislocation diffuse subcutaneous edema and possible edema of the left adductors and quadriceps muscle are seen without discrete hematoma,computed tomography 2 2 2029 impression no femoral fracture or dislocation diffuse subcutaneous edema and possible edema of the left adductors and quadriceps muscle are seen without discrete hematoma
hausa,general,Native Americans ate many different things depending on where they lived.,"Native Americans ate many different things depending on where they lived.
",native americans ate many different things depending on where they lived,native americans ate many different things depending on where they lived
hausa,clinical,"As elevated portal system pressure impedes the flow of blood through the liver increased intrahepatic resistance, various sites of venous anastomosis become dilated secondary to retrograde flow from the portal to systemic circulations.","As elevated portal system pressure impedes the out of blood through the liver, increased intriapathic resistance various sites of venous amistomosis become dilated secondary to retrograde out from the portal to systemic circulation.",as elevated portal system pressure impedes the flow of blood through the liver increased intrahepatic resistance various sites of venous anastomosis become dilated secondary to retrograde flow from the portal to systemic circulations,as elevated portal system pressure impedes the out of blood through the liver increased intriapathic resistance various sites of venous amistomosis become dilated secondary to retrograde out from the portal to systemic circulation
hausa,clinical,Attending: EneeteeChief Complaint: Rollover ATV accident,Attending NTShift complaint ROLUVA ATV accident.,attending eneeteechief complaint rollover atv accident,attending ntshift complaint roluva atv accident
hausa,clinical,PADS' LO TWENTIES CVP 14-20.,"PATS, LO, 20's CVP, 14-20's.",pads lo 20s cvp 14 20,pats lo 20 is cvp 14 20 is
hausa,clinical,"Figure 32. Some authors have proposed abandonment of the term pseudodementia, suggesting that most patients, so diagnosed have both genuine dementia, and a superimposed affective disorder.","Some authors have proposed abandonment of the term pseudo-dementia, suggesting that most patients so diagnosed have both genine dementia and a superimposed effective disorder Fig. 32.",figure 32 some authors have proposed abandonment of the term pseudodementia suggesting that most patients so diagnosed have both genuine dementia and a superimposed affective disorder,some authors have proposed abandonment of the term pseudo dementia suggesting that most patients so diagnosed have both genine dementia and a superimposed effective disorder fig 32
hausa,general,"Diversity is getting invited to the dance, inclusion is getting into the room with the dance, but belonging is getting asked to dance, said Todd Sears, founder and principal of global business network Out Leadership.
","Diversity is getting invited to the dance, Inclusion is getting into the room with dance, but belonging is getting asked to dance, said Todd Sess, founder and principal of Global Business Network Out leadership.",diversity is getting invited to the dance inclusion is getting into the room with the dance but belonging is getting asked to dance said todd sears founder and principal of global business network out leadership,diversity is getting invited to the dance inclusion is getting into the room with dance but belonging is getting asked to dance said todd sess founder and principal of global business network out leadership
hausa,clinical,P: Cont to monitor weight and labs.,P. Cont to monitor weight and labs.,p cont to monitor weight and labs,p cont to monitor weight and labs
hausa,clinical,spec for c-dif gathered.,speak for c-diff gathering.,spec for c dif gathered,speak for c diff gathering
hausa,clinical,No evidence of bleeding or hematoma at venipuncture site.,No evidence of bleeding or hematoma at Venugog Chauk site.,no evidence of bleeding or hematoma at venipuncture site,no evidence of bleeding or hematoma at venugog chauk site
hausa,general,"They said: We are undertaking sensible contingency planning for a wide range of scenarios, including the reasonable worst case, to ensure we are ready for all eventualities.
","They said, We are undertaking sensible contingency planning for a wide range of scenarios, including the reasonable worst case, to ensure we are ready for all eventualities.
",they said we are undertaking sensible contingency planning for a wide range of scenarios including the reasonable worst case to ensure we are ready for all eventualities,they said we are undertaking sensible contingency planning for a wide range of scenarios including the reasonable worst case to ensure we are ready for all eventualities
hausa,clinical,Bilateral groin bruises from old cath sites no drainage OTA.,Bilateral groin bruises from otcatsite no drainage OTA.,bilateral groin bruises from old cath sites no drainage ota,bilateral groin bruises from otcatsite no drainage ota
hausa,clinical,Isolette weaned Q 3 hours so far this shift.,Isolate when Q3 hours so far this shift.,isolette weaned q 3 hours so far this shift,isolate when q 3 hours so far this shift
hausa,clinical,"Based on epidemiologic and serologic studies, the following factors have been implicated in the etiology of post-necrotic cirrhosis.","Based on epidemiologic and serologic studies, the following factors have been implicated in the etiology of post-necrotic cirrhosis.",based on epidemiologic and serologic studies the following factors have been implicated in the etiology of post necrotic cirrhosis,based on epidemiologic and serologic studies the following factors have been implicated in the etiology of post necrotic cirrhosis
hausa,general,"In todays podcast, the focus is on hit-and-run accidents, with particular focus on a young lady, Omotomi Akinsanya, who was run over by a Lebanese, John Greg.
","In todays podcast, the focus is on heat-and-run accidents, with particular focus on a young lady, Omotomi Akesanya, who was run over by a Lebanese, John Greg.
",in todays podcast the focus is on hit and run accidents with particular focus on a young lady omotomi akinsanya who was run over by a lebanese john greg,in todays podcast the focus is on heat and run accidents with particular focus on a young lady omotomi akesanya who was run over by a lebanese john greg
hausa,clinical,Serologic testing showing a fourfold rise in acute and convalescent sera or documentation of HHV-6 DNA by PCR in the cerebrospinal fluid is diagnostic.,Cerologic testing showing a fourfold rise in acute and convalescent sera or documentation of HHV-6 DNA by PCR in the cerebrospinal fluid is diagnostic.,serologic testing showing a fourfold rise in acute and convalescent sera or documentation of hhv 6 dna by pcr in the cerebrospinal fluid is diagnostic,cerologic testing showing a fourfold rise in acute and convalescent sera or documentation of hhv 6 dna by pcr in the cerebrospinal fluid is diagnostic
hausa,clinical,Dr.Diogo in to assess.,Dr Diogo into assess,doctor diogo in to assess,doctor diogo into assess
hausa,general,"When the next pandemic hits  and can anyone doubt that it will?
",What the next pandemic is and can anyone doubt that it will?,when the next pandemic hits and can anyone doubt that it will,what the next pandemic is and can anyone doubt that it will
hausa,general,"One final question for you.
","One final question for you.
",one final question for you,one final question for you
hausa,clinical,Simvastatin 80 mg PO 13.,Simvas 13 80 mg P0 13.,simvastatin 80 mg po 13,simvas 13 80 mg p 0 13
hausa,clinical,: Selection of patients for curative or palliative resection of esophageal cancer based on preoperative endoscopic ultrasound.,Colounsalation of patients for curative or palliative resection of oesophageal cancer based on preoperative enyscopia are just on the.,selection of patients for curative or palliative resection of esophageal cancer based on preoperative endoscopic ultrasound,colounsalation of patients for curative or palliative resection of oesophageal cancer based on preoperative enyscopia are just on the
hausa,clinical,"Provide patients with disposable tissues, and instruct them, as indicated, to cover their mouth and nose to prevent spread by airborne droplets.","Provide patient with disposable tissues, and instruct them, as indicated, to cover the amount and nose to prevent spread by airborne droplets.
",provide patients with disposable tissues and instruct them as indicated to cover their mouth and nose to prevent spread by airborne droplets,provide patient with disposable tissues and instruct them as indicated to cover the amount and nose to prevent spread by airborne droplets
hausa,clinical,new line for more effective hd and more mobility.,New line for more effective HD and more mobility.,new line for more effective hd and more mobility,new line for more effective hd and more mobility
hausa,clinical,Mild pulmonary artery hypertension,Mild pulmonary artery-tension.,mild pulmonary artery hypertension,mild pulmonary artery tension
hausa,general,"Was originally supposed to be released to theaters.
","Was originally supposed to be released to theaters.
",was originally supposed to be released to theaters,was originally supposed to be released to theaters
hausa,clinical,Her metoprolol and lisinopril were stopped due to hypotension.,Par-metropollo and lisinopril were stopped due to hypertension.,her metoprolol and lisinopril were stopped due to hypotension,par metropollo and lisinopril were stopped due to hypertension
hausa,general,Nigerians urged to invest in UK real estate as insurance against global inflation,"Nanguians urge to invest in a UK real estate as insurance against global inflation
",nigerians urged to invest in uk real estate as insurance against global inflation,nanguians urge to invest in a uk real estate as insurance against global inflation
hausa,clinical,On Diuril and K supps.,On diarrheal and case subs.,on diuril and k supps,on diarrheal and case subs
hausa,clinical,"If the condition worsens and is associated with psychological morbidity, it may be treated with bromocriptine.","If the condition wasnt and is associated with psychological mobility, it may be treated with bromocryptin.",if the condition worsens and is associated with psychological morbidity it may be treated with bromocriptine,if the condition wasnt and is associated with psychological mobility it may be treated with bromocryptin
hausa,clinical,Started on 08-09 ),STAT ON 0HEAD 0.09 BRacket.,started on 8 9,stat on 0 head 0.09 bracket
hausa,clinical,Qb 150 w/dialysate and replacement fluid both w/0 K. Stopped CVVHDF at 0130 on 5.,QB 150 w'st slsd allysite and replacements route both w'st slsd ookey. Stop CBV HDF at 0130 on 5.,qb 150 w dialysate and replacement fluid both w 0 k stopped cvvhdf at 130 on 5,qb 150 w saint slsd allysite and replacements route both w saint slsd ookey stop cbv hdf at 130 on 5
hausa,clinical,Abdomen saoft with + bowel sounds.,Abdermen's sound soft wits plus bowel sounds.,abdomen saoft with bowel sounds,abdermen is sound soft wits plus bowel sounds
hausa,general,"Just dont lie to yourself.
","Just dont lie to yourself.
",just dont lie to yourself,just dont lie to yourself
hausa,clinical,ELEVATED INR: The patient was given 8 units of fresh frozen plasma with correction of INR.,"Elevated INF, the patient was given 80 units of fresh frozen plasma with correction of INF.",elevated inr the patient was given 8 units of fresh frozen plasma with correction of inr,elevated inf the patient was given 80 units of fresh frozen plasma with correction of inf
hausa,general,"Emergency Ambulance services arrived at Enugu Hospital, Gombe AT 1AM with the Agbo family.","Emergiosing ambulance services arrived at Enogu Hospital, Gombe at 1am with the Agbo family.
",emergency ambulance services arrived at enugu hospital gombe at one am with the agbo family,emergiosing ambulance services arrived at enogu hospital gombe at one am with the agbo family
hausa,clinical,Glucosamine and chondroitin sulfate.,Leucosamine and chondroitin salvate.,glucosamine and chondroitin sulfate,leucosamine and chondroitin salvate
hausa,general,"Later in the call, he predicted a political backlash to the public health measures.","Later in the call, he predicted a political backlash to the public health measures.
",later in the call he predicted a political backlash to the public health measures,later in the call he predicted a political backlash to the public health measures
hausa,clinical,Cardiac: RRR no m femoral pulses 2+.Abdomen: soft 3VC no mass quiet BS.,CADDIC RRR no emfemoral pulses 2 plus abd soft 3VC no mass quiet BS.,cardiac rrr no m femoral pulses 2 abdomen soft 3 vc no mass quiet bs,caddic rrr no emfemoral pulses 2 plus abd soft 3 vc no mass quiet bs
hausa,general,"You will recall that on Wednesday, Mr. President directed and I informed you that all ministers and other political appointees who aspire to contest for elective offices in 2023 general elections, should resign their current appointments.
","You will recall that on Wednesday, Mr. President directed and I informed you that all ministers and other political appointees who aspire to contest for elective offices in 2023 general elections, show resign their current appointments.
",you will recall that on wednesday mister president directed and i informed you that all ministers and other political appointees who aspire to contest for elective offices in 2023 general elections should resign their current appointments,you will recall that on wednesday mister president directed and i informed you that all ministers and other political appointees who aspire to contest for elective offices in 2023 general elections show resign their current appointments
hausa,clinical,"Other infrequent side effects include splenic infarction, bowel obstruction, paralytic ileus, and upper GI bleeding.","Other infrequent side effects include splenic infarction, bowel obstruction, paralytic alias, and upper GI bleeding.",other infrequent side effects include splenic infarction bowel obstruction paralytic ileus and upper gi bleeding,other infrequent side effects include splenic infarction bowel obstruction paralytic alias and upper gi bleeding
hausa,clinical,Findings were discussed with ICU nurse Romi at 7 PM on25 Feb 1978..,"Findings were discussed with ICU nurse Romy at 7pm on 25 February, 1978.",findings were discussed with icu nurse romi at 7 pm on 25 feb 1978 .,findings were discussed with icu nurse romy at 7 pm on 25 february 1978
hausa,clinical,FOOT AP LAT and OBL RIGHT           Reason: please evaluate for evidence of osteomyelitis,FOOT AP LAT AND OBL RIGHT            Reason? Please evaluate for evidence of osteomyelitis.,foot ap lat and obl right reason please evaluate for evidence of osteomyelitis,foot ap lat and obl right reason please evaluate for evidence of osteomyelitis
hausa,general,"One of the first things you learn about the social sciences is that politics and economics are eternally joined at the hip.
","One of the first things you learn about the social sciences is that politics and economics are internally joined at the hip.
",one of the 1st things you learn about the social sciences is that politics and economics are eternally joined at the hip,one of the 1st things you learn about the social sciences is that politics and economics are internally joined at the hip
hausa,general,"He claimed that survey results were accurate since the margin of error was between three and four percent, adding that any statistical deviation within that range was accepted internationally for such surveys.
","He claimed that several results were accurate since the margin of error was between 3 and 4%, adding that any statistical deviation within that range was accepted internationally or subsurface.
",he claimed that survey results were accurate since the margin of error was between 3 and 4% adding that any statistical deviation within that range was accepted internationally for such surveys,he claimed that several results were accurate since the margin of error was between 3 and 4% adding that any statistical deviation within that range was accepted internationally or subsurface
hausa,clinical,Hemodynamics were measured and demonstrated C.O.6.1 C.I.3.0 PCWP17 RA14 PA43/19 RV43/12.,Emodynamics were measured and demonstrated CO61CI30 PCWP17RA14 PA43 over 19 RV43 over 12.,hemodynamics were measured and demonstrated c o.6 one c i.3.0 pcwp 17 ra 14 pa 43 19 rv 43 12,emodynamics were measured and demonstrated co 61 ci 30 pcwp 17 ra 14 pa 43 over 19 rv 43 over 12
hausa,clinical,FINAL REPORT HISTORY: Forty-six year old male with chest pain.,Rinal report history 46 yr old male with chest pain.,final report history 46 year old male with chest pain,rinal report history 46 yr old male with chest pain
hausa,clinical,F/U w/dophoff placement cultures  and renal status.,fu-w-d-o-p-h-o-f-f placement cultures and renal status.,f u w dophoff placement cultures and renal status,fu w d 0 p h 0 f f placement cultures and renal status
hausa,clinical,Remains on iron and trivisol.,Remains on iron and travesol.,remains on iron and trivisol,remains on iron and travesol
hausa,clinical,Father and brother died of PE .,Father and brother died of PE.,father and brother died of pe,father and brother died of pe
hausa,clinical,Currently at 2 units per hour.,Currently at 2 units per hour.,currently at 2 units per hour,currently at 2 units per hour
hausa,clinical,Frequent handwashing is the most effective action a laboratory worker can take to avoid laboratory-acquired infection.,Frequent hand washing is the most effective action a laboratory worker can take to avoid laboratory-acquired infection.,frequent handwashing is the most effective action a laboratory worker can take to avoid laboratory acquired infection,frequent hand washing is the most effective action a laboratory worker can take to avoid laboratory acquired infection
hausa,clinical,Discharge Diagnosis: GERD Basal cell cancer on face sp excision stress incontinence sp bladder sling sp breast biopsy sp lap choleycystectomy appendectomy c section Previous problems with anesthesia: vomitting post anesthesiadilaudid,The stress analysis is called GRD                                                                                                                                                                                                                          ,discharge diagnosis gerd basal cell cancer on face sp excision stress incontinence sp bladder sling sp breast biopsy sp lap choleycystectomy appendectomy c section previous problems with anesthesia vomitting post anesthesiadilaudid,the stress analysis is called grd
hausa,clinical,SW consulted on this 50 year old patient transferred from Hospital Falano Hospital with a Variceal bleed.,SW consulted on these 50 years of patient transfer from Hospital Falano Hospital IE Baracel Blit.,sw consulted on this 50 year old patient transferred from hospital falano hospital with a variceal bleed,sw consulted on these 50 years of patient transfer from hospital falano hospital ie baracel blit
hausa,general,"The spring would see a new campaign against Richmond.
","The spring would see a new campaign against Richmond.
",the spring would see a new campaign against richmond,the spring would see a new campaign against richmond
hausa,clinical,Yankauer suction catheter.,Yankoah suction catheter.,yankauer suction catheter,yankoah suction catheter
hausa,clinical,Self-limiting Runs of V-Tach  K+ 3.8 in labs checked at this time repleted with 40 meq of K-Dur.,Self-limiting rounds of pigtail K plus 3.8 in lab check at this time repleted with 40 makeup KDUR.,self limiting runs of v tach k 3.8 in labs checked at this time repleted with 40 meq of k dur,self limiting rounds of pigtail k +3.8 in lab check at this time repleted with 40 makeup kdur
hausa,general,"You can imagine a bus stop along the Lagos-Abeokuta expressway, Obadeyi, where cases of falling containers occurred at least four times in a week.
","You can imagine a bus stop along the Lagos-Abhiakuta Express, Abadehi, where cases of foreign containers occurred at least four times in a week.
",you can imagine a bus stop along the lagos abeokuta expressway obadeyi where cases of falling containers occurred at least 4 times in a week,you can imagine a bus stop along the lagos abhiakuta express abadehi where cases of foreign containers occurred at least 4 times in a week
hausa,clinical,"In females, testosterone levels also decline with age however, at menopause the decline in female hormones is so much greater that many postmenopausal women have higher androgen to estrogen ratios, resulting frequently in signifiant hirsutism.","In females, testosterone levels also decline with age. However, at menopause the decline in female hormones is so much greater that many postmenopausal women have higher androgen-to-histrogen ratios, resulting frequently in significant hair-sutism.",in females testosterone levels also decline with age however at menopause the decline in female hormones is so much greater that many postmenopausal women have higher androgen to estrogen ratios resulting frequently in signifiant hirsutism,in females testosterone levels also decline with age however at menopause the decline in female hormones is so much greater that many postmenopausal women have higher androgen to histrogen ratios resulting frequently in significant hair sutism
hausa,clinical,"Charles I. . Sanders, M.D. 76-364","CHELSEY, SANDAS, M.D., 76-364.",charles i sanders m d 76 364,chelsey sandas m d 76 364
hausa,general,Several insect pests attack the plants and affect coffee production.,Severincentase attacks the plant and affects coffee production.,several insect pests attack the plants and affect coffee production,severincentase attacks the plant and affects coffee production
hausa,general,"Speaking with the Nigerian Tribune on the significance of Jordan to the Christian faithful, Prophet Ojo described it as a land of separation from the land of reproach to that of promise.
","Speaking with the Nigerian Tribune on the Significance of Jordan to the Christian Faithful, Prophet Ojo described it as a land of separation from the land of reproach to that of promise.
",speaking with the nigerian tribune on the significance of jordan to the christian faithful prophet ojo described it as a land of separation from the land of reproach to that of promise,speaking with the nigerian tribune on the significance of jordan to the christian faithful prophet ojo described it as a land of separation from the land of reproach to that of promise
hausa,clinical,Found same findings.,found same findings.,found same findings,found same findings
hausa,clinical,A: Age appropriate.,A. Age appropriate.,a age appropriate,a age appropriate
hausa,general,"Only God can determine that.
","Only God can determine that.
",only god can determine that,only god can determine that
hausa,clinical,"Some individuals have only mild clinical symptoms, whereas others have more severe disease.","Some individuals have only mild clinical symptoms, whereas others have more severe disease.",some individuals have only mild clinical symptoms whereas others have more severe disease,some individuals have only mild clinical symptoms whereas others have more severe disease
hausa,clinical,Pt is homelessPt.,Pt is harmless pt.,pt is homelesspt,pt is harmless pt
hausa,clinical,Information for families that provides details about community resources and state laws are helpful.,Information for families that provide details about community resources and safe laws is helpful.,information for families that provides details about community resources and state laws are helpful,information for families that provide details about community resources and safe laws is helpful
hausa,general,"Dubai in the night looks more lovely and vivacious, and returning to its inviting arms will unquestionably inspire your spirits.
","Dubai in the night looks more lovely and vivacious, and returning to it inviting arms will unquestionably inspire your spirit.
",dubai in the night looks more lovely and vivacious and returning to its inviting arms will unquestionably inspire your spirits,dubai in the night looks more lovely and vivacious and returning to it inviting arms will unquestionably inspire your spirit
