accent,domain,reference,prediction,ref_norm,pred_norm
yoruba,general,A second impact tore open the second of the two watertight compartments flooding it.," A second impact saw open the second of the two watertight compartments, flooding it, full stop.",a 2nd impact tore open the 2nd of the 2 watertight compartments flooding it,a 2nd impact saw open the 2nd of the 2 watertight compartments flooding it full stop
yoruba,clinical,X-ray examination of the mastoids is of little value though it may show areas of bone destruction and enlargement of jugular foramen.," X-ray examination of the mastoid is of little value, though it may show areas of bone destruction and enlargement of jugular foramen. Full stop.",x ray examination of the mastoids is of little value though it may show areas of bone destruction and enlargement of jugular foramen,x ray examination of the mastoid is of little value though it may show areas of bone destruction and enlargement of jugular foramen full stop
yoruba,general,"Confederate infantry assaults
", Confederate Infantry Assaults.,confederate infantry assaults,confederate infantry assaults
yoruba,general,"DamnBBNaija BBNaijaShineYaEye BBNaijaReunion
"," Bibi Nanja, Bibi Nanja Shanya, and Bibi Nanja Rehenyo.",damnbbnaija bbnaijashineyaeye bbnaijareunion,bibi nanja bibi nanja shanya and bibi nanja rehenyo
yoruba,clinical,The ulna remains relatively stationary.," The owner remains relatively stationary, first off.",the ulna remains relatively stationary,the owner remains relatively stationary 1st off
yoruba,general,"The prevalence of moderate and complete ED was 29, increasing rapidly with age from 12 for age 50 years to 58 at age 75 years.
"," The prevalence of moderate and complete ED was 29, increasing rapidly with age from 12 for age 50 years to 58 at age 75 years, full stop.",the prevalence of moderate and complete ed was 29 increasing rapidly with age from 12 for age 50 years to 58 at age 75 years,the prevalence of moderate and complete ed was 29 increasing rapidly with age from 12 for age 50 years to 58 at age 75 years full stop
yoruba,general,"Minor political issues
", Minor political issues. Full stop.,minor political issues,minor political issues full stop
yoruba,clinical,AB: O: Infant RR 30-60s with sats remaining 97-100 in RA.," AB colon O colon infant respiratory 30, I think 60 seconds with saturation remaining 97, I think 100 in RA full stop.",ab 0 infant rr 30 60s with sats remaining 97 100 in ra,ab colon 0 colon infant respiratory 30 i think 60 seconds with saturation remaining 97 i think 100 in ra full stop
yoruba,general,"He currently lives in Brooklyn.
"," He currently lives in Brooklyn, Fulstaff,",he currently lives in brooklyn,he currently lives in brooklyn fulstaff
yoruba,general,"We can call this second man, Dying Man.
"," we can call this second man, dying man for stock.",we can call this 2nd man dying man,we can call this 2nd man dying man for stock
yoruba,general,"Henderson wrote that so far, there has been no evidence of spread to students from the dining hall and that the current seven-day positive test rate at Northeastern is 0.08.
"," Henderson wrote that so far, there has been no evidence of spread to students from the dining hall and that the current 7-day positive test rate at Northeastern is 0.08 full stop.",henderson wrote that so far there has been no evidence of spread to students from the dining hall and that the current 7 day positive test rate at northeastern is 0.08,henderson wrote that so far there has been no evidence of spread to students from the dining hall and that the current 7 day positive test rate at northeastern is 0.08 full stop
yoruba,clinical,"If it is fertilized by an X-bearing sperm, however, the result is a female with Turner 18 syndrome, with an XO combination O represents the absence of one sex chromosome."," If it is fertilized by an X-bearing sperm, however, the result is a female with Turner-Eating Syndrome, with an XO combination, O represents the absence of one sex chromosome, full stop.",if it is fertilized by an x bearing sperm however the result is a female with turner 18 syndrome with an xo combination 0 represents the absence of one sex chromosome,if it is fertilized by an x bearing sperm however the result is a female with turner eating syndrome with an xo combination 0 represents the absence of one sex chromosome full stop
yoruba,general,"One day our school soccer team needed some players to help out at a soccer match and they asked me to step in and help out.
"," One day, our school soccer team needed some players to help out at a soccer match and they asked me to step him and help out. So stop.",one day our school soccer team needed some players to help out at a soccer match and they asked me to step in and help out,one day our school soccer team needed some players to help out at a soccer match and they asked me to step him and help out so stop
yoruba,clinical,CA: a cancer journal for clinicians., ca colon a cancer journal for clinicians first of,ca a cancer journal for clinicians,ca colon a cancer journal for clinicians 1st of
yoruba,clinical,"Differential diagnosis of swellings in the region of the salivary glands, e."," Differential diagnosis of swellings in the region of the salivary gland, E.",differential diagnosis of swellings in the region of the salivary glands e,differential diagnosis of swellings in the region of the salivary gland e
yoruba,clinical,"Patients who give a history of physical signs suggestive of a liver disorder or a high alcohol intake should have blood taken for clotting studies and liver function tests LFTs.
", to give the issue of physical signs suggestive of a liver disorder where I according to it should have not taken for closing studies and liver function tests,patients who give a history of physical signs suggestive of a liver disorder or a high alcohol intake should have blood taken for clotting studies and liver function tests lfts,to give the issue of physical signs suggestive of a liver disorder where i according to it should have not taken for closing studies and liver function tests
yoruba,clinical,"Haemorrhage is carefully arrested, as a haematoma could prevent the ap taking, and closure is effected with mattress sutures.", Hemorrhage is carefully arrested as a metumar could prevent the uptake in coma and closure is affected with mattress withdrawal.,hemorrhage is carefully arrested as a haematoma could prevent the ap taking and closure is effected with mattress sutures,hemorrhage is carefully arrested as a metumar could prevent the uptake in coma and closure is affected with mattress withdrawal
yoruba,clinical,The hair cells are supported by pillars of Corti that enclose a space called the tunnel of Corti., The air cells are supported by pillars of Koti that enclose a space called the Tunnel of Koti.,the hair cells are supported by pillars of corti that enclose a space called the tunnel of corti,the air cells are supported by pillars of koti that enclose a space called the tunnel of koti
yoruba,clinical,Papillary projections of ductal epithelium resemble villous morphology and contain mucin-filled vesicles., Popular projections of Dr. Epithelium resemble Vilius morphology and contain Mucin-Iphim feed vesicles.,papillary projections of ductal epithelium resemble villous morphology and contain mucin filled vesicles,popular projections of doctor epithelium resemble vilius morphology and contain mucin iphim feed vesicles
yoruba,clinical,": Extended transthoracicresectioncomparedwithlimitedtranshiatal resection for adenocarcinoma of the esophagus.
"," colon, extended transthoracic recession compared with limited trans-hietal recession for adenocarcinoma of the esophagus.",extended transthoracicresectioncomparedwithlimitedtranshiatal resection for adenocarcinoma of the esophagus,colon extended transthoracic recession compared with limited trans hietal recession for adenocarcinoma of the esophagus
yoruba,clinical,The effect of ablation technology on surgical outcomes after the Cox-maze procedure: a propensity analysis.," The effect of ablation technology on surgical outcomes after the COX-MAS procedure colon, the propensity analysis.",the effect of ablation technology on surgical outcomes after the cox maze procedure a propensity analysis,the effect of ablation technology on surgical outcomes after the cox mas procedure colon the propensity analysis
yoruba,clinical,"With respect to the natural history, the panel advocated nonoperative management of these patients with mild PHPT based on observational studies, which suggested relative stability of biochemical parameters over time."," With respect to the natural history, the panel advocated non-operative management of this patient with mild PHBT based on observational studies, which suggested relative stability of biochemical parameters over time.",with respect to the natural history the panel advocated nonoperative management of these patients with mild phpt based on observational studies which suggested relative stability of biochemical parameters over time,with respect to the natural history the panel advocated non operative management of this patient with mild phbt based on observational studies which suggested relative stability of biochemical parameters over time
yoruba,clinical,In the inferior meatus opens thenasolacrimal duct., In the inferior meatus opens the nasal lacrimal duct to stop,in the inferior meatus opens thenasolacrimal duct,in the inferior meatus opens the nasal lacrimal duct to stop
yoruba,clinical,"In others, the acute pain and blood loss are self-limited."," In others, comadiac acute pain and blood loss are safe, I think limited, full stop.",in others the acute pain and blood loss are self limited,in others comadiac acute pain and blood loss are safe i think limited full stop
yoruba,clinical,A: feeds started., A. Field started,a feeds started,a field started
yoruba,general,"Since when are you responsible for telling people what to eat?
", Since when are you responsible for telling people to eat?,since when are you responsible for telling people what to eat,since when are you responsible for telling people to eat
yoruba,general,"As of this minute, ticket sales are surging so by tonight we may see a higher result.
"," As of this minute, ticket sales are surging, so by tonight you may see a higher result, full stop.",as of this minute ticket sales are surging so by tonight we may see a higher result,as of this minute ticket sales are surging so by tonight you may see a higher result full stop
yoruba,general,"Easy quick breakfast ideas
", easy quick brief fast ideas,easy quick breakfast ideas,easy quick brief fast ideas
yoruba,clinical,213 The American Society for Radiation Oncology ASTRO developed guidelines for the use of APBI outside of clinical trials based on data reported from published studies.," 2.13. The American Society for Radiation Oncology, ASTRO, developed guidelines for the use of APBI outside of clinical trials based on data reported from published studies, full stop.",213 the american society for radiation oncology astro developed guidelines for the use of apbi outside of clinical trials based on data reported from published studies,2.13 the american society for radiation oncology astro developed guidelines for the use of apbi outside of clinical trials based on data reported from published studies full stop
yoruba,general,"With N60,000 collected at Ijora and another N60,000 collected between Marine Bridge and Area B Junction, that is N120,000 collected without receipts.
"," With 60,000 Naira collected at Ijora and another 60,000 Naira collected between Marine Bridge and Area B Junction, that is 120,000 Naira collected without receipts. Full stop.",with n 60000 collected at ijora and another n 60000 collected between marine bridge and area b junction that is n 120000 collected without receipts,with 60000 naira collected at ijora and another 60000 naira collected between marine bridge and area b junction that is 120000 naira collected without receipts full stop
yoruba,general,"Its the growth and glow-up for us
", It's the growth and glow I feel up for us.,its the growth and glow up for us,it is the growth and glow i feel up for us
yoruba,general,"Dr. Uloaku is w/ the Pt Onyinyechukwu at this time and has also spoken to Pt's neice Finidi
"," E. Arafo Stoppuno Aku is W. Stash, the patient's only Yui Chukwu at the time and has also spoken to patient's apostrophe S. Miss Fendi.",doctor uloaku is w the pt onyinyechukwu at this time and has also spoken to pt is neice finidi,e arafo stoppuno aku is w stash the patient is only yui chukwu at the time and has also spoken to patient is apostrophe s miss fendi
yoruba,general,"These conversations become harder and having them so many times per day is exhausting.
", These conversations become harder and having them so many times per day is exhausting.,these conversations become harder and having them so many times per day is exhausting,these conversations become harder and having them so many times per day is exhausting
yoruba,general,"Camille Hamonics five-year-old wont have a seat on the school bus this fall.
"," Camille, I'm going to type you into the chat box.",camille hamonics 5 year old wont have a seat on the school bus this fall,camille i am going to type you into the chat box
yoruba,clinical,"The public demonstration was a failure because nitrous oxide has analgesic properties, but does not suffice as the sole anesthetic agent in every patient."," The public demonstration was a failure because nitrous oxide has analgesic properties, but does not suffice as a sole anesthetic agent in every patient. Full stop.",the public demonstration was a failure because nitrous oxide has analgesic properties but does not suffice as the sole anesthetic agent in every patient,the public demonstration was a failure because nitrous oxide has analgesic properties but does not suffice as a sole anesthetic agent in every patient full stop
yoruba,clinical,Abd benign AG 25-26 V/S stooling., APD-9-AG25-26-V-S tooling,abd benign ag 25 26 v s stooling,apd 9 ag 25 26 v s tooling
yoruba,general,"Slot scanners are typically used to scan bar codes on identification cards.
", Slot scanners are typically used to scan barcodes on identification cards for stuff.,slot scanners are typically used to scan bar codes on identification cards,slot scanners are typically used to scan barcodes on identification cards for stuff
yoruba,general,"Triple-S Management stock opened at 18.12 on Monday.
"," Triple-S management stock opened at 18 full stop, 12 on Monday full stop.",triple s management stock opened at 18.12 on monday,triple s management stock opened at 18 full stop 12 on monday full stop
yoruba,clinical,The two-cell theory of estrogen synthesis is diagrammed in Figure 33.," The two hyphen cell theory of estrogen synthesis is diagrammed in figure 33, full stop.",the 2 cell theory of estrogen synthesis is diagrammed in figure 33,the 2 hyphen cell theory of estrogen synthesis is diagrammed in figure 33 full stop
yoruba,clinical,Several cycles of extremely intensive myelosuppressive chemotherapy are necessary to cure childhood AML there is little evidence that low-dose continuation therapy is helpful in AML with the exception of acute promyelocytic leukemia.," Several cycles of extremely intensive myelosuppressive chemotherapy are necessary to cure childhood acute myeloid leukemia. There is little evidence that low-ifin dose continuation therapy is helpful in acute myeloid leukemia with the exception of acute promyelocytic leukemia, full stop.",several cycles of extremely intensive myelosuppressive chemotherapy are necessary to cure childhood aml there is little evidence that low dose continuation therapy is helpful in aml with the exception of acute promyelocytic leukemia,several cycles of extremely intensive myelosuppressive chemotherapy are necessary to cure childhood acute myeloid leukemia there is little evidence that low ifin dose continuation therapy is helpful in acute myeloid leukemia with the exception of acute promyelocytic leukemia full stop
yoruba,clinical,U/O 30-60 ml/hr all night., you slash boo party i've been 16 you slash hr all night,u 0 30 60 ml hr all night,you slash boo party i have been 16 you slash hr all night
yoruba,clinical,HE HAS OCASSIONAL DRIFTS IN SATS THAT RESOLVE WITHINCREASE IN O2 BRIEFLY., He has occasional drifts in saturation that resolve with increase in oxygen briefly.,he has ocassional drifts in sats that resolve withincrease in 0 2 briefly,he has occasional drifts in saturation that resolve with increase in oxygen briefly
yoruba,clinical,Planning for PDA ligation in near future., planning for PDA ligation in near future.,planning for pda ligation in near future,planning for pda ligation in near future
yoruba,general,"Humanitarian cases will continue to get precedence, the official said.
"," Humanitarian cases will continue to get precedence, the official said, full stop.",humanitarian cases will continue to get precedence the official said,humanitarian cases will continue to get precedence the official said full stop
yoruba,general,"Our religion has become our ethnic identity, you know, exclusive to us.
"," Our religion has become our ethnic identity, comma, you know, comma, exclusive to us full stop.",our religion has become our ethnic identity you know exclusive to us,our religion has become our ethnic identity comma you know comma exclusive to us full stop
yoruba,general,"Trying to keep younger students 6 feet 1.8 meters apart could prove to be impossible, he said, and many schools have so many students they would violate suggested limits on large gatherings.
"," Trying to keep younger students 6 feet 1.8 meters apart could prove to be impossible, he said. And many schools asked for many students they will violate suggested limits on large graduate school stops.",trying to keep younger students 6 feet one.8 meters apart could prove to be impossible he said and many schools have so many students they would violate suggested limits on large gatherings,trying to keep younger students 6 feet one.8 meters apart could prove to be impossible he said and many schools asked for many students they will violate suggested limits on large graduate school stops
yoruba,general,"Ive got a lot of experience to lean on with guys who have played five, six, seven years of IPL and Test tours over there for Australia, so theres a lot to learn."," I've got a lot of experience to link on with guys who have played 5, 6, 7 years of IPL and testers over there for Australia, so there's a lot to learn full stop.",ive got a lot of experience to lean on with guys who have played 567 years of ipl and test tours over there for australia so theres a lot to learn,i have got a lot of experience to link on with guys who have played 5 6 7 years of ipl and testers over there for australia so there is a lot to learn full stop
yoruba,clinical,"Care must be taken during dental extraction, but fractures of the jaws are uncommon in this disease."," Care must be taken during dental extractions, but fractures of the jaws are uncommon in this disease, full stop.",care must be taken during dental extraction but fractures of the jaws are uncommon in this disease,care must be taken during dental extractions but fractures of the jaws are uncommon in this disease full stop
yoruba,general,"Friends praying for Ini Dima-Okojie
"," Friends, praying for Eni, Dima, Haifun, Okoji.",friends praying for ini dima okojie,friends praying for eni dima haifun okoji
yoruba,clinical,"Unspecified superficial injury of right hip, initial encounter. TABLET, ORAL KETOCONAZOLE, KETOCONAZOLE, 200MG. Other specified injury of blood vessel of unspecified finger, initial", Unspecified superficial injury of right hip. Initial encounter. Tablet oral ketoconazole. Ketoconazole 200 mg. Other specified injury of blood vessel of unspecified finger. Initial.,unspecified superficial injury of right hip initial encounter tablet oral ketoconazole ketoconazole 200 mg other specified injury of blood vessel of unspecified finger initial,unspecified superficial injury of right hip initial encounter tablet oral ketoconazole ketoconazole 200 mg other specified injury of blood vessel of unspecified finger initial
yoruba,general,"From the beginning of the first question being asked, we saw a glimpse of what the next 90 minutes would include with the constant interruptions.
"," From the beginning of the first question being asked, we saw a glimpse of what the next 19 minutes would include with the constant interruptions, full stop.",from the beginning of the 1st question being asked we saw a glimpse of what the next 90 minutes would include with the constant interruptions,from the beginning of the 1st question being asked we saw a glimpse of what the next 19 minutes would include with the constant interruptions full stop
yoruba,clinical,Tx'd c hydration abxs Hospital Uwaezuoke.," TSDC Hydration, ABXS Hospital, YSWK.",tx would c hydration abxs hospital uwaezuoke,tsdc hydration abxs hospital yswk
yoruba,general,"The incident happened on Tuesday, the same day security operatives shot tear gas canisters to disperse journalists on duty.
"," The incident happened on Tuesday, the same day security operatives shot tear gas canisters to disperse journalists on duty, full stop.",the incident happened on tuesday the same day security operatives shot tear gas canisters to disperse journalists on duty,the incident happened on tuesday the same day security operatives shot tear gas canisters to disperse journalists on duty full stop
yoruba,clinical,"After age 70, it is 1:1HIGH-YIELD FACTSCardiothoracic Surgery421SyncopeAbnormal heart soundsSeventyve percent present with classic angina, 25 present atypically, many have silent myocardial infarctions MIs particularly diabetics and elderly.
"," After age 70, it is 1 ratio 1, I, I fin eat fat. Cardiothoracic surgery, 4 to 1. Psycho, abnormal heart sounds. 70% present with classic adjuvant. 25% atypically. Many have silent myocardial infarctions. MIS, particularly diabetics and elderly. Full stop.",after age 70 it is one one high yield factscardiothoracic surgery 421 syncopeabnormal heart soundsseventyve percent present with classic angina 25 present atypically many have silent myocardial infarctions mis particularly diabetics and elderly,after age 70 it is one ratio one i i fin eat fat cardiothoracic surgery 4 to one psycho abnormal heart sounds 70% present with classic adjuvant 25% atypically many have silent myocardial infarctions mis particularly diabetics and elderly full stop
yoruba,clinical,Carcinoma tends to be irregular in shape and is adherent to the adjacent tissues., Casinoma tends to be irregular in shape and is adherent to the adjacent tissue.,carcinoma tends to be irregular in shape and is adherent to the adjacent tissues,casinoma tends to be irregular in shape and is adherent to the adjacent tissue
yoruba,clinical,tagging it with permanent suture can make identification of the stump easier if the colostomy is closed at a later date., Tagging to the permanent teacher can make identification of the stuff easier if the coducer may exclude that he later did his full stuff.,tagging it with permanent suture can make identification of the stump easier if the colostomy is closed at a later date,tagging to the permanent teacher can make identification of the stuff easier if the coducer may exclude that he later did his full stuff
yoruba,general,"pt Taiwo Jaruntu received diuris 333mg iv at 11:22pm and lasix 220mg at 11pm with only fair urine output. Friday 08 December, 2028
"," Patient Tywo Jaruntu received diuresis, 333 mg IV at 11.22 p.m. and lasses, 220 mg at 11 p.m. with only fair urine output, full stop, Friday, 8 December, 2020.",pt taiwo jaruntu received diuris 333 mg iv at 11 22 pm and lasix 220 mg at 11 pm with only fair urine output friday 8 december 2028,patient tywo jaruntu received diuresis 333 mg iv at 11.22 p m and lasses 220 mg at 11 p m with only fair urine output full stop friday 8 december 2020
yoruba,clinical,Pt quit smoking in ; prior to that he smoked 10 ppd x 50 years., The patient quit smoking in prior to that he smoked 10 packs per day times 50 years.,pt quit smoking in prior to that he smoked 10 ppd x 50 years,the patient quit smoking in prior to that he smoked 10 packs per day times 50 years
yoruba,clinical,"Hct stable afterward with no evidence of bleeding.
"," HCT stable afterward with no evidence of bleeding, full stop.",hct stable afterward with no evidence of bleeding,hct stable afterward with no evidence of bleeding full stop
yoruba,general,"He further stated that This bold step by ProvidusBank addresses the United Nations Sustainable Development Goals 12, 13, 15, and 17.
"," He further stated that this bold step by Providers Bank addresses the United Nations Sustainable Development Goals 12, 13, 15, and 17 full stop.",he further stated that this bold step by providusbank addresses the united nations sustainable development goals 12 13 15 and 17,he further stated that this bold step by providers bank addresses the united nations sustainable development goals 12 13 15 and 17 full stop
yoruba,general,"Bandits kill groom, abduct wife, four family members in Kaduna
"," Bandit-scale groom coma, abduct wife coma, four family members in Kaduna.",bandits kill groom abduct wife 4 family members in kaduna,bandit scale groom coma abduct wife coma 4 family members in kaduna
yoruba,general,"It uses A for objects people say are asteroids.
", It uses a for objects people say are steroids.,it uses a for objects people say are asteroids,it uses a for objects people say are steroids
yoruba,clinical,"Massive enlargement below umbilicus occurs in CML, myeloid metaplasia with myelofibrosis, storage diseases, thalassaemia major, chronic malaria, leishmaniasis and portal vein obstruction."," Massive enlargement below umbilicus occurs in chronic myeloid leukemia, myeloid metaplasia with myelofibrosis, storage disease, thalassemia major, chronic malaria, dysmaniasis, and portal vein obstruction, full stop.",massive enlargement below umbilicus occurs in cml myeloid metaplasia with myelofibrosis storage diseases thalassaemia major chronic malaria leishmaniasis and portal vein obstruction,massive enlargement below umbilicus occurs in chronic myeloid leukemia myeloid metaplasia with myelofibrosis storage disease thalassemia major chronic malaria dysmaniasis and portal vein obstruction full stop
yoruba,general,"Dr Bulakalotua Apakata made aware of rising Calcium with no new orders received at 08-02-2022
", Dr. Bulakalutswa Apakata made a way of rising caution with no new orders received at 8 February 2022.,doctor bulakalotua apakata made aware of rising calcium with no new orders received at 8 2 2022,doctor bulakalutswa apakata made a way of rising caution with no new orders received at 8 february 2022
yoruba,clinical,Kainenechukwu IS MUMBLED AND DIFFICULT TO UNDERSTAND., Kenechukwu is mumble and difficult to understand.,kainenechukwu is mumbled and difficult to understand,kenechukwu is mumble and difficult to understand
yoruba,clinical,a diet as he wishes ., Eat diet as you wish it.,a diet as he wishes,eat diet as you wish it
yoruba,general,"For instance, James Segars, from the department of gynecology and obstetrics at Johns Hopkins University in Baltimore, MD, told The Atlantic that, Having a monthly period is reassuring, but it is certainly not necessary."," For instance, James Shagars, from the Department of Gynecology and Obstetrics at Johns A. Cole University in Brachyoma, medical doctor, told the antennas that having a monthly period is reassuming, but it is certainly not necessary. Full stop.",for instance james segars from the department of gynecology and obstetrics at johns hopkins university in baltimore md told the atlantic that having a monthly period is reassuring but it is certainly not necessary,for instance james shagars from the department of gynecology and obstetrics at johns a cole university in brachyoma medical doctor told the antennas that having a monthly period is reassuming but it is certainly not necessary full stop
yoruba,general,"Bullying can look like a lot of different things, said Noah Biddlecombe, program director at Youth One.
"," Boolean can look like a lot of different things, come on. Let's do a 3D computer, come on. Program direct, I did one system.",bullying can look like a lot of different things said noah biddlecombe program director at youth one,boolean can look like a lot of different things come on let us do a 3 d computer come on program direct i did one system
yoruba,clinical,LUPUS ERYTHEMATOSUS: Lupus erythematosus is an uncommon connective tissue disease Chs 12 and 23.," Lupus erythematosus is an uncommon connective tissue disease, CHS 12 and 23.",lupus erythematosus lupus erythematosus is an uncommon connective tissue disease chs 12 and 23,lupus erythematosus is an uncommon connective tissue disease chs 12 and 23
yoruba,clinical,"Rectal agents and rectal manipulation, including enemas, should not be used with myelosuppressed patients and or patients at risk for myelosuppression and mucositis."," Rectal agents and rectal manipulation, including enemas, should not be used with myelo-suppressed patients and all patients at risk for myelosuppressions and mucositis.",rectal agents and rectal manipulation including enemas should not be used with myelosuppressed patients and or patients at risk for myelosuppression and mucositis,rectal agents and rectal manipulation including enemas should not be used with myelo suppressed patients and all patients at risk for myelosuppressions and mucositis
yoruba,clinical,There has undoubtedly been a significant decline in the prevalence of dental caries in countries where drinking water has been fluoridated., There has undoubtedly been a significant decline in the prevalence of dental caries in countries where drinking water has been fluoridated for stock.,there has undoubtedly been a significant decline in the prevalence of dental caries in countries where drinking water has been fluoridated,there has undoubtedly been a significant decline in the prevalence of dental caries in countries where drinking water has been fluoridated for stock
yoruba,general,"Judgment against NBC, vindication of our position IPC
"," Judgement against NBC, Vindication of our position IPC.",judgment against nbc vindication of our position ipc,judgment against nbc vindication of our position ipc
yoruba,clinical,-- elevated lactate 4.1 Pulmonary: -- producing thick secretions --, Elevated lactate 4.1 pulmonary producing thick secretions.,elevated lactate 4 one pulmonary producing thick secretions,elevated lactate 4 one pulmonary producing thick secretions
yoruba,general,"He said it was not all about the standard gauge rail system but the security and safety of passengers.
"," He said it was not all about the standard gauge rail system, but the security and safety of passengers to stop.",he said it was not all about the standard gauge rail system but the security and safety of passengers,he said it was not all about the standard gauge rail system but the security and safety of passengers to stop
yoruba,general,"Upon opening the app, users are taken to a basic sign-in page where they are required to register using their name, contact number and pin-code.
"," Upon opening the app, users are taken to a basic sign-in page where they are required to register using their name, contact number, and pin code, full stop.",upon opening the app users are taken to a basic sign in page where they are required to register using their name contact number and pin code,upon opening the app users are taken to a basic sign in page where they are required to register using their name contact number and pin code full stop
yoruba,general,"Olusola was a Negerian movie director, historian, movie critic and teacher, born in Akpawfu on 02 Apr, 1985
"," Oulu Sola was Nigerian movie director, historian, movie critic and teacher, born in Akpafu on 2nd April, 1985.",olusola was a negerian movie director historian movie critic and teacher born in akpawfu on 2 apr 1985,oulu sola was nigerian movie director historian movie critic and teacher born in akpafu on 2nd april 1985
yoruba,general,"It added that there were also increases in the debt stock of the state governments and the FCT.
"," It added that there were also increases in the debt stock of the state governments and the federal capital territory, Fushtup.",it added that there were also increases in the debt stock of the state governments and the fct,it added that there were also increases in the debt stock of the state governments and the federal capital territory fushtup
yoruba,clinical,"A similar force occurs in creating arectocele, a posterior wall defect."," A similar force occurs in creating a rectocele, a posterior word defect, pushed up.",a similar force occurs in creating arectocele a posterior wall defect,a similar force occurs in creating a rectocele a posterior word defect pushed up
yoruba,general,"Over time, the party became closer to the conservative movement and it renounced its policy against racial equality.
"," Over time, the party became closer to the conservative movement and it renounced its policy against racial equality, full stop.",over time the party became closer to the conservative movement and it renounced its policy against racial equality,over time the party became closer to the conservative movement and it renounced its policy against racial equality full stop
yoruba,general,"Right to Care supports and delivers prevention, care, and treatment services for HIV and TB, including through technical assistance to the private sector, the department of health and the department of correctional services."," Right to care support and delivers prevention, care, and treat services for HIV and TB, including through technical assistance to the private sector, the Department of the Health and the Department of the Correctional Services. We'll stop.",right to care supports and delivers prevention care and treatment services for hiv and tb including through technical assistance to the private sector the department of health and the department of correctional services,right to care support and delivers prevention care and treat services for hiv and tb including through technical assistance to the private sector the department of the health and the department of the correctional services we will stop
yoruba,clinical,"Complete lesion of L1 level of lumbar spinal cord, initial encounter. CAPSULE, ORAL AGRYLIN, ANAGRELIDE HYDROCHLORIDE, EQ 0.5MG BASE. Pedestrian on roller-skates injured in collision with railway train or", Complete lesion of L1 level of lumbar spinal cord. Initial encounter. Capsule. Oral agrelin. Anagrelide hydrochloride. EQ 0.5 mg base. Pedestrian or roller skates. Injured in collision with railway train or,complete lesion of l one level of lumbar spinal cord initial encounter capsule oral agrylin anagrelide hydrochloride eq 0.5 mg base pedestrian on roller skates injured in collision with railway train or,complete lesion of l one level of lumbar spinal cord initial encounter capsule oral agrelin anagrelide hydrochloride eq 0.5 mg base pedestrian or roller skates injured in collision with railway train or
yoruba,general,"Bushfire arrived into the township of Malua Bay, just south of Batemans Bay.
"," fire arrived into the township of Malwa Bay, Okoma just south of Bitsmiles Bay, Fustor",bushfire arrived into the township of malua bay just south of batemans bay,fire arrived into the township of malwa bay okoma just south of bitsmiles bay fustor
yoruba,general,"VERDICT: MISLEADING
", What did Kolomis did?,verdict misleading,what did kolomis did
yoruba,clinical,Resident/Intern spoke to patients son., Residents of interns spoke to patients' son.,resident intern spoke to patients son,residents of interns spoke to patients son
yoruba,clinical,"Regardless of the strategy used, follow-up head CT scans are required postoperatively and approximately 1 month later to document resolution."," Regardless of the strategy used, follow-up head CT scans are required post-operatively and approximately one month later to document resolution full stop.",regardless of the strategy used follow up head ct scans are required postoperatively and approximately one month later to document resolution,regardless of the strategy used follow up head ct scans are required post operatively and approximately one month later to document resolution full stop
yoruba,general,"Here are a few mistakes you can avoid if you want affirmations to work for you:
", Here are a few mistakes you can avoid if you want Affirmation to work for you.,here are a few mistakes you can avoid if you want affirmations to work for you,here are a few mistakes you can avoid if you want affirmation to work for you
yoruba,clinical,"Pleural fluid pH is 7.29, glucose 91, total protein3.1, LDH 296, 70 white blood cells, 50 red blood cells ."," Chlorofluid pH is 7.29, glucose 91, total protein 3.1, LDH 296, 70 white blood cells, 50 red blood cells.",pleural fluid ph is 7.29 glucose 91 total protein 3 one ldh 296 70 white blood cells 50 red blood cells,chlorofluid ph is 7.29 glucose 91 total protein 3 one ldh 296 70 white blood cells 50 red blood cells
yoruba,general,"He said, Today, Im dressed as a prison inmate to attend the International Human Rights Summit at the United Nations.
", I am dressed as a prison inmate to attend the International Women Rights Summit at the United Nations.,he said today im dressed as a prison inmate to attend the international human rights summit at the united nations,i am dressed as a prison inmate to attend the international women rights summit at the united nations
yoruba,general,"They attacked Pompeys left flank and, rejoined by their cavalry, were able to get behind and attack Pompeys army from the rear.
"," They attacked Pompey's left flank and Koma, rejoined by their cavalry, Koma were able to get behind and attack Pompey's army from the rear, full stop.",they attacked pompeys left flank and rejoined by their cavalry were able to get behind and attack pompeys army from the rear,they attacked pompey is left flank and koma rejoined by their cavalry koma were able to get behind and attack pompey is army from the rear full stop
yoruba,clinical,The mechanisms by which gastric distention is translated into a neurohormonal satiety signal have only been partially elucidated.," The mechanisms by which gastric distension is translated into a neurohormonal satiety signal have only been partially elucidated, full stop.",the mechanisms by which gastric distention is translated into a neurohormonal satiety signal have only been partially elucidated,the mechanisms by which gastric distension is translated into a neurohormonal satiety signal have only been partially elucidated full stop
yoruba,general,"Hes protected from eviction until at least September, after Oregons governor signed legislation last Tuesday that extended the states moratorium and gives tenants until March 31, 2021, to pay back rent."," He is protected from eviction until at least September, after Origins governor signed legislation last Tuesday that extended the state's moratorium and gives tenants until March 31, 2021, to pay back rent full stop.",hes protected from eviction until at least september after oregons governor signed legislation last tuesday that extended the states moratorium and gives tenants until march 31 2021 to pay back rent,he is protected from eviction until at least september after origins governor signed legislation last tuesday that extended the state is moratorium and gives tenants until march 31 2021 to pay back rent full stop
yoruba,clinical,For the four-point gait: a.," For the four hyphen point gates, column A will stop.",for the 4 point gait a,for the 4 hyphen point gates column a will stop
yoruba,clinical,CHEST PA and LAT             Reason: What is the status of the pulmonary fingings compared to CXR, chest pa and lat reason what is the status of the pulmonary fingering compared to cxr,chest pa and lat reason what is the status of the pulmonary fingings compared to cxr,chest pa and lat reason what is the status of the pulmonary fingering compared to cxr
yoruba,general,"In good news for Greggs workers, it was also revealed yesterday that its employees are to get a share of a 7million bonus following the bumper sales.
"," In good news for Gregg's workers, it was also revealed yesterday that its employees are to get a share of a $7 million bonus following the bumper sales, Kruestorp.",in good news for greggs workers it was also revealed yesterday that its employees are to get a share of a 7000000 bonus following the bumper sales,in good news for gregg is workers it was also revealed yesterday that its employees are to get a share of a $7000000 bonus following the bumper sales kruestorp
yoruba,general,"To schedule a fly by, go to the fire district website.
"," To schedule a flyby, go to the fire district website, full stop.com.",to schedule a fly by go to the fire district website,to schedule a flyby go to the fire district website full stop com
yoruba,general,"By no coincidence, thats also when the franchise really started to decline in quality.
"," By no coincidence, that's also when the franchise really started to decline in quality, we spoke.",by no coincidence thats also when the franchise really started to decline in quality,by no coincidence that is also when the franchise really started to decline in quality we spoke
yoruba,general,"Reps uncover extra-budgetary expenditures of 50m, 18m as PH refinery gets March 2023 completion date
"," Reps uncover extra budgetary expenditures of $50 million, $18 million as PH Refinery gets March 2023 completion date.",reps uncover extra budgetary expenditures of 50 m 18 m as ph refinery gets march 2023 completion date,reps uncover extra budgetary expenditures of $50000000 $18000000 as ph refinery gets march 2023 completion date
yoruba,clinical,U/O > 30 cc/hr., You over own greater than 30 CC per hour.,u 0 30 cc hr,you over own greater than 30 cc per hour
yoruba,general,"This is a year unlike most we have ever seen.
", This is a year unlike most we have ever seen.,this is a year unlike most we have ever seen,this is a year unlike most we have ever seen
yoruba,general,"According to the World Bank, MSMEs represent about 90 per cent of all businesses and over 50 per cent of employment globally.
"," According to the World Bank, ministry of micro, small and medium enterprises represent about 90% of all businesses and over 50% of employment globally.",according to the world bank msmes represent about 90% of all businesses and over 50% of employment globally,according to the world bank ministry of micro small and medium enterprises represent about 90% of all businesses and over 50% of employment globally
yoruba,general,"Each side must secure objective points.
", Each side must secure objective points full stop,each side must secure objective points,each side must secure objective points full stop
yoruba,clinical,If the patient experiences any bloody stools melena passing out lightheadedness chest pain shortness of breath fevers/chills they should seek medical attention immediately.," If the patient experiences any bloody sores, melena, passing out, lightheadedness, chest pain, shortness of breath, fever or chills, they should seek medical attention immediately.",if the patient experiences any bloody stools melena passing out lightheadedness chest pain shortness of breath fevers chills they should seek medical attention immediately,if the patient experiences any bloody sores melena passing out lightheadedness chest pain shortness of breath fever or chills they should seek medical attention immediately
yoruba,general,Breaking international law is not acceptable and does not create the confidence we need to build our future relationship., Breaking international law is not acceptable and does not create the confidence we need to build our future relationship full stop.,breaking international law is not acceptable and does not create the confidence we need to build our future relationship,breaking international law is not acceptable and does not create the confidence we need to build our future relationship full stop
yoruba,general,"These were voluntaries which had a tune which was played with the right hand on a stop called a trumpet or a cornet.
"," These were ballon trees which had a tin which was played with the right hand on a stop called a trumpet or a cornet, full stop.",these were voluntaries which had a tune which was played with the right hand on a stop called a trumpet or a cornet,these were ballon trees which had a tin which was played with the right hand on a stop called a trumpet or a cornet full stop
yoruba,general,"Inchereneh Needs sputum sample but none to be had from Cango at this point.
"," The same tyranny needs to be put on sample, but not to be had from Congo at this point. Full stop.",inchereneh needs sputum sample but none to be had from cango at this point,the same tyranny needs to be put on sample but not to be had from congo at this point full stop
yoruba,general,I guess thats the only way to describe it.," I guess that's the only way to describe it, full stop.",i guess thats the only way to describe it,i guess that is the only way to describe it full stop
yoruba,general,"Dr. Mrs. Ubochioma Kofoworola in her Potiskum interview said Malaria, Typhoid fever, Yellow fever, Tuberculosis, COVID-19 are endemic diseases
"," Dr. Mrs. Bujuma Kofuorola in a Bootsy School interviewed said malaria, typhoid fever, yellow fever, tuberculosis, COVID-19 are epidemic disease.",doctor missus ubochioma kofoworola in her potiskum interview said malaria typhoid fever yellow fever tuberculosis covid 19 are endemic diseases,doctor missus bujuma kofuorola in a bootsy school interviewed said malaria typhoid fever yellow fever tuberculosis covid 19 are epidemic disease
yoruba,general,"It is unconscionable and inimical to the countrys interest to entangle the central bank in partisan politics.
"," It is unconscionable and inimical to the country's interests to entangle the central bank in partisan politics, who stole.",it is unconscionable and inimical to the countrys interest to entangle the central bank in partisan politics,it is unconscionable and inimical to the country is interests to entangle the central bank in partisan politics who stole
yoruba,general,"On the goals she wishes her brand will accomplish:
"," On the goes, she wishes her brand will accomplish, colon.",on the goals she wishes her brand will accomplish,on the goes she wishes her brand will accomplish colon
yoruba,clinical,"Pancoasts syndrome symptoms and signs: Neuritic pain in the arm, atrophy of muscles of arm and hand, associated Horners syndrome, osteolysis of ribs and vertebrae, coin shadow on X-ray chest at apex of lung."," Pancos syndrome symptoms and signs, neurotic pain in the arm, atopy of the muscles of arm and hand, associated Horner's syndrome, osteolysis of ribs and vertebrae, coin shadow on x-ray chest, at apex of lung, full stop.",pancoasts syndrome symptoms and signs neuritic pain in the arm atrophy of muscles of arm and hand associated horners syndrome osteolysis of ribs and vertebrae coin shadow on x ray chest at apex of lung,pancos syndrome symptoms and signs neurotic pain in the arm atopy of the muscles of arm and hand associated horner is syndrome osteolysis of ribs and vertebrae coin shadow on x ray chest at apex of lung full stop
yoruba,clinical,"Given its potential dramatic impact, premature ovarian failure demands a careful workup in order to identify the underlying cause and permit appropriate management."," Given its potential dramatic impact, premature ovarian failure demands a careful workup in order to identify the underlying cause and permit appropriate management full stop",given its potential dramatic impact premature ovarian failure demands a careful workup in order to identify the underlying cause and permit appropriate management,given its potential dramatic impact premature ovarian failure demands a careful workup in order to identify the underlying cause and permit appropriate management full stop
yoruba,general,Read the full story on iamschick.com., Read the full story on IamChick.com. Full stop.,read the full story on iamschick com,read the full story on iamchick com full stop
yoruba,general,"Infant has lovely skin, born to Ngam Cherechi parents in Gombe
"," Infant as love is true, come on, go to the kingdom to cherry-pick your own candy.",infant has lovely skin born to ngam cherechi parents in gombe,infant as love is true come on go to the kingdom to cherry pick your own candy
yoruba,general,CD Japanese Edition  13 - track album including the bonus track  Tears  .," CD Japanese Edition 13, I think. Track album including the bonus track Tears. Full stop.",cd japanese edition 13 track album including the bonus track tears,cd japanese edition 13 i think track album including the bonus track tears full stop
yoruba,clinical,for morning of 3 Admitting Diagnosis: TRAUMA," For morning of three, admitting diagnosis, trauma.",for morning of 3 admitting diagnosis trauma,for morning of 3 admitting diagnosis trauma
yoruba,general,"The NCDC disclosed this on its official Facebook handle.
", The NCDC disclosed this on its official Facebook handle.,the ncdc disclosed this on its official facebook handle,the ncdc disclosed this on its official facebook handle
yoruba,clinical,CVR: Intubated shortly after birth extubated at approx 2 am.," CVR intubated shortly after birth, extubated at approximately 2 m.",cvr intubated shortly after birth extubated at approx 2 am,cvr intubated shortly after birth extubated at approximately 2 m
yoruba,clinical,"Pathological fracture in neoplastic disease, unspecified femur, initia. SOLUTION, INTRAVENOUS FOLOTYN, PRALATREXATE, 40MG/2ML (20MG/ML). Procedure and treatment not carried out because of patient's decision"," Pathological fracture in neoplastic disease, unspecified femur, initial. Solution intravenous folatein, Prilatrexate, 40 mg per 2 ml, bracket open, 20 mg per ml, bracket closed. Procedure and treatment not carried out because of patient's decision.",pathological fracture in neoplastic disease unspecified femur initia solution intravenous folotyn pralatrexate 40 mg 2 ml procedure and treatment not carried out because of patient is decision,pathological fracture in neoplastic disease unspecified femur initial solution intravenous folatein prilatrexate 40 mg per 2 ml bracket open 20 mg per ml bracket closed procedure and treatment not carried out because of patient is decision
yoruba,clinical,Infant initially transitioned to newborn nursery., Infants initially transitioned to newborn nursery.,infant initially transitioned to newborn nursery,infants initially transitioned to newborn nursery
yoruba,general,"Michael Gambon, Gina McKee, Tom Hollander and Bill Nighy appeared in major roles."," Michael Gabon, G-Nam M.K., Tom Olandia, and Bill Knightley appeared in Major Roosvold's talk.",michael gambon gina mckee tom hollander and bill nighy appeared in major roles,michael gabon g nam m k tom olandia and bill knightley appeared in major roosvold is talk
yoruba,clinical,gi: taking cl diet.," GI, taking CL diets.",gi taking cl diet,gi taking cl diets
yoruba,general,"The patient Eriayo owns business in Hospital Imole a clothing store and a limousine business in Akpawfu
"," The patient, Eriayo, owns business in hospital, Imole, a clothing store, and a limousine business in Apofu.",the patient eriayo owns business in hospital imole a clothing store and a limousine business in akpawfu,the patient eriayo owns business in hospital imole a clothing store and a limousine business in apofu
yoruba,clinical,Mallay via telephone at 10PM 26/05/1984.," Malé via telephone at 10 p.m., 26 May, 1984.",mallay via telephone at 10 pm 26 5 1984,male via telephone at 10 p m 26 may 1984
yoruba,general,Lopez stressed at a press conference that the coastal path is one of the most important tourist attractions for Marbella., You paste trace at a press conference that the coastal part is one of the most important to face attractions for my bill and poster.,lopez stressed at a press conference that the coastal path is one of the most important tourist attractions for marbella,you paste trace at a press conference that the coastal part is one of the most important to face attractions for my bill and poster
yoruba,clinical,Glucose and potassium ions., glucose and potassium ions.,glucose and potassium ions,glucose and potassium ions
yoruba,general,"For the avoidance of doubt, no qualified teacher in the states school system has been relieved of hisher appointment."," For the avoidance of dubbed comma, no qualified teacher in the state school system have been relieved of ASIA appointments. Full stop.",for the avoidance of doubt no qualified teacher in the states school system has been relieved of hisher appointment,for the avoidance of dubbed comma no qualified teacher in the state school system have been relieved of asia appointments full stop
yoruba,general,"How Work, Sleep, Phone Usage Cause Spondylosis, Pain In Legs, Arms, Back Dr Oladiran, Consultant Orthopaedic And Trauma Hip Surgeon"," Our work, sleep, phone usage cause small delosies, pain in legs, arms, back. Dr. Oladunor, consultant, octopedia and trauma hip surgeon.",how work sleep phone usage cause spondylosis pain in legs arms back doctor oladiran consultant orthopedic and trauma hip surgeon,our work sleep phone usage cause small delosies pain in legs arms back doctor oladunor consultant octopedia and trauma hip surgeon
yoruba,general,"Well if you didnt hide things, I would be able to find them, he counters.
"," Well, if you didn't hide things, comma, I would be able to find them, comma, encounters,",well if you didnt hide things i would be able to find them he counters,well if you did not hide things comma i would be able to find them comma encounters
yoruba,general,"For the week ending 424, we have a build of 70 Bcf.
"," For the weak engine 424, we have a build of 70 billion cubic feet, full stop.",for the week ending 424 we have a build of 70 bcf,for the weak engine 424 we have a build of 70000000000 cubic feet full stop
yoruba,general,"Ini Dima-Okojies After Party look
", I was born in the year of the cat.,ini dima okojies after party look,i was born in the year of the cat
yoruba,general,"The effect on the climate after such a huge volcanic eruption will last up to several decades.
", The effect on the climate after such a huge volcanic eruption will last up to several decades. Full stop.,the effect on the climate after such a huge volcanic eruption will last up to several decades,the effect on the climate after such a huge volcanic eruption will last up to several decades full stop
yoruba,general,"Pt Osorachukwu has vomited many times this morning 24 Apr, 2005 before Dr Ofuchi came.
"," Patient Osorachuko has vomited many times this morning, 24th April 2005, before Dr. Ofuchi came.",pt osorachukwu has vomited many times this morning 24 apr 2005 before doctor ofuchi came,patient osorachuko has vomited many times this morning 24th april 2005 before doctor ofuchi came
yoruba,general,"A product that helps a cyberattack is sometimes called a cyberweapon.
", A product that helps the saber attack is sometimes called a saber weapon.,a product that helps a cyberattack is sometimes called a cyberweapon,a product that helps the saber attack is sometimes called a saber weapon
yoruba,general,GTBank bags Most Admired Brand in Africa award, GT Bank banks most admired brand in African world,gtbank bags most admired brand in africa award,gt bank banks most admired brand in african world
yoruba,clinical,Lactulose per ng and pr w lg liq golden stools overnight., Duactulus PNG and PLW-LG leak golden stores overnight.,lactulose per ng and pr w lg liq golden stools overnight,duactulus png and plw lg leak golden stores overnight
yoruba,clinical,Infant currently taking all po feeds.," Infants, currently taking all profits, full stop.",infant currently taking all po feeds,infants currently taking all profits full stop
yoruba,general,"A very common disease was discovered in Soweto by Imbelakay and Watto scientists at Tarkwa university from 1998 to 2006.
"," A very common disease was discovered in Soweto by Mbe Laki and water scientists at Stakwa University from 1998 to 2006, full stop.",a very common disease was discovered in soweto by imbelakay and watto scientists at tarkwa university from 1998 to 2006,a very common disease was discovered in soweto by mbe laki and water scientists at stakwa university from 1998 to 2006 full stop
yoruba,clinical,Infant's feed held at that time., infants feet head at that time,infant is feed held at that time,infants feet head at that time
yoruba,general,"There is no treatment approach that has been scientifically proven to work.
", There is no treatment approach that has been scientifically proven to work.,there is no treatment approach that has been scientifically proven to work,there is no treatment approach that has been scientifically proven to work
yoruba,clinical,Thiazide diuretics cause hypercalcemia by decreasing renal clearance of calcium., Thiazide diuretics cause hypercalcemia by decreasing renal clearance of calcium.,thiazide diuretics cause hypercalcemia by decreasing renal clearance of calcium,thiazide diuretics cause hypercalcemia by decreasing renal clearance of calcium
yoruba,general,"Deportation and forced labour
", evotation of first labor.,deportation and forced labor,evotation of 1st labor
yoruba,clinical,LINE PATENT WITH NO S and S OF SWELLING/HEMATOMA., Line pattern with no S and S of swelling or hematoma.,line patent with no s and s of swelling hematoma,line pattern with no s and s of swelling or hematoma
yoruba,general,"After investigating the incident, the Orange County District Attorneys Office concluded in a January 2013 report that Villarreals use of deadly force was reasonable because he thought Herrera was armed.
"," After investigating the incident, the Orange County District Attorney's Office concluded in a January 2013 report that Villarreal's use of deadly force was reasonable because he thought Herrera was armed.",after investigating the incident the orange county district attorneys office concluded in a january 2013 report that villarreals use of deadly force was reasonable because he thought herrera was armed,after investigating the incident the orange county district attorney is office concluded in a january 2013 report that villarreal is use of deadly force was reasonable because he thought herrera was armed
yoruba,clinical,TheAmericanCollege of Radiology recommends theuse of nonionizing radiation techniques for front-line imagingin1257T HE APPENDIX  30pregnant women., The American College of Radiology recommends the use of non-ionizing radiation techniques for frontline imaging in 12570HG appendix 30 pregnancy memory.,theamericancollege of radiology recommends theuse of nonionizing radiation techniques for front line imagingin 1257 t he appendix 30 pregnant women,the american college of radiology recommends the use of non ionizing radiation techniques for frontline imaging in 12570 hg appendix 30 pregnancy memory
yoruba,general,"It was more of an internal fight as well.
", It was more of an internal fight as well.,it was more of an internal fight as well,it was more of an internal fight as well
yoruba,clinical,Patient's TSH mildly elevated above normal so likely the cause of current symptoms.," Patients TSH mildly elevated above normal, so likely because of current symptoms.",patient is tsh mildly elevated above normal so likely the cause of current symptoms,patients tsh mildly elevated above normal so likely because of current symptoms
yoruba,general,"I had a therapist I worked with who was really supportive and great, he said.
"," I had a therapist I worked with who was really supportive and great, he said, full stop.",i had a therapist i worked with who was really supportive and great he said,i had a therapist i worked with who was really supportive and great he said full stop
yoruba,clinical,"Displaced fracture of anterior column [iliopubic] of left acetabulum,. SUPPOSITORY, RECTAL ACEPHEN, ACETAMINOPHEN, 325MG. Bipolar disorder, current episode depressed, mild or moderate severity"," Structural and co-occurring lipoblip of left acetabulum, suppository rectal acetaminophen 325 mg, bipolar disorder, current episode, depressed mild or moderate severity.",displaced fracture of anterior column of left acetabulum suppository rectal acephen acetaminophen 325 mg bipolar disorder current episode depressed mild or moderate severity,structural and co occurring lipoblip of left acetabulum suppository rectal acetaminophen 325 mg bipolar disorder current episode depressed mild or moderate severity
yoruba,clinical,"Oocysts of Cryptosporidium in modified Zn stained smear: Small, round to oval, pink red stained bodies measuring 46m, as shown in Plate 5.", Goose haste of cryptosporidium. Immodest zinc-stained smell. Small round over pink red stained bodies measuring 46 meters as shown in plate 5.,oocysts of cryptosporidium in modified zn stained smear small round to oval pink red stained bodies measuring 46 m as shown in plate 5,goose haste of cryptosporidium immodest zinc stained smell small round over pink red stained bodies measuring 46 meters as shown in plate 5
yoruba,general,"The Bold and the Beautiful spoilers say some serious excitements in store for Emmy Week, so dont miss all the action."," The boot and the beautiful spoiler say some serious, exciting and stuff for any week, so don't miss all the action.",the bold and the beautiful spoilers say some serious excitements in store for emmy week so dont miss all the action,the boot and the beautiful spoiler say some serious exciting and stuff for any week so do not miss all the action
yoruba,general,"Social: Chike called last night updated on his wife's condition and plan of care provided by hospital Onitsha
"," Social, colon, Tiki caught last night updated on his wife's condition and plan of care provided by Hospital Onisha.",social chike called last night updated on his wife is condition and plan of care provided by hospital onitsha,social colon tiki caught last night updated on his wife is condition and plan of care provided by hospital onisha
yoruba,general,"Enforcement action was taken for no fishing license in possession, fishing without a license, and expired ATV registration."," Enforcement action was taken for no fishing license in possession, fishing without a license, and expired ATV registration. Full stop.",enforcement action was taken for no fishing license in possession fishing without a license and expired atv registration,enforcement action was taken for no fishing license in possession fishing without a license and expired atv registration full stop
yoruba,general,"It comes with an official warranty.
"," It comes with an official warranty, full stop.",it comes with an official warranty,it comes with an official warranty full stop
yoruba,general,"Again, friendship is a binder.
"," Again, comma, friendship is a binder. Full stop.",again friendship is a binder,again comma friendship is a binder full stop
yoruba,clinical,Recipient screening and selection: who is the right candidate for hand transplantation.," Recipient Screening and Selection, colon, who is the right candidate for an transportation hostel.",recipient screening and selection who is the right candidate for hand transplantation,recipient screening and selection colon who is the right candidate for an transportation hostel
yoruba,clinical,"eexisting evidence suggests that bariatric surgery in severely obese adolescent results in signicant weight loss and improvements incomorbiditiesandqualityoflife.
", Existing evidence suggests that bariatric surgery in severely obese adolescents results in significant weight loss and improvement in comorbidities and quality of life could stop,eexisting evidence suggests that bariatric surgery in severely obese adolescent results in signicant weight loss and improvements incomorbiditiesandqualityoflife,existing evidence suggests that bariatric surgery in severely obese adolescents results in significant weight loss and improvement in comorbidities and quality of life could stop
yoruba,general,"Using other peoples misery and devastation for blundering photo opportunities is never a good plan.
", Using other people's misery and devastation for blundering photo opportunities is never a good plan to stop.,using other peoples misery and devastation for blundering photo opportunities is never a good plan,using other people is misery and devastation for blundering photo opportunities is never a good plan to stop
yoruba,clinical,Common-sense rules for prescribing do not apply only to the elderly but are especially important in this vulnerable group.," Common hyphen sense rules for prescribing do not apply only to the elderly, but are especially important in this vulnerable group who stop.",common sense rules for prescribing do not apply only to the elderly but are especially important in this vulnerable group,common hyphen sense rules for prescribing do not apply only to the elderly but are especially important in this vulnerable group who stop
yoruba,general,"leadership to establish and continuously improve business operations, organization culture and employee experience.
"," Leadership to Establish and Continuously Improve Business Operations, Organization Culture, and Employee Experience, full stop.",leadership to establish and continuously improve business operations organization culture and employee experience,leadership to establish and continuously improve business operations organization culture and employee experience full stop
yoruba,general,"The two directors will join OGUKs leadership team under the continued direction of chief executive Deirdre Michie.
", The two directors will join ONG UK's leadership team under the continuing direction of Chief Executive Deirdre Miche.,the 2 directors will join oguks leadership team under the continued direction of chief executive deirdre michie,the 2 directors will join ong uk is leadership team under the continuing direction of chief executive deirdre miche
yoruba,clinical,Adhere to 2 gm sodium dietFluid Restriction: 1500ccMedication changes: 1.," Adhere to 2 grams sodium. Diet fluid restriction. 1,500 cc. Medication changes. 1.",adhere to 2 gm sodium dietfluid restriction 1500 ccmedication changes one,adhere to 2 grams sodium diet fluid restriction 1500 cc medication changes one
yoruba,general,"Because the hymen is stretchy, inserting an object as small as a tampon will not cause any tears. And since, during menstruation, the blood lubricates the vagina, inserting a tampon should not be uncomfortable, if done correctly.
"," Because of the hymen is stretchy, inserting an object as small as a tampon will not cause any tears, full stop. And since during menstruation, the blood will be case of vagina, inserting a tampon should not be uncomfortable, if done correctly, full stop.",because the hymen is stretchy inserting an object as small as a tampon will not cause any tears and since during menstruation the blood lubricates the vagina inserting a tampon should not be uncomfortable if done correctly,because of the hymen is stretchy inserting an object as small as a tampon will not cause any tears full stop and since during menstruation the blood will be case of vagina inserting a tampon should not be uncomfortable if done correctly full stop
yoruba,general,"Different studies found different rates, between 85-95.", Different studies found different rates coming between 85 and 95 full stop.,different studies found different rates between 85 95,different studies found different rates coming between 85 and 95 full stop
yoruba,clinical,"Oral lesions, which rarely appear without the rash mainly affect the tonsils, lateral borders of the tongue and lips."," Oral lesions, comma, which rarely appear without the rash mainly affects the tongue cells, comma, lateral borders of the tongue and lips, full stop.",oral lesions which rarely appear without the rash mainly affect the tonsils lateral borders of the tongue and lips,oral lesions comma which rarely appear without the rash mainly affects the tongue cells comma lateral borders of the tongue and lips full stop
yoruba,general,"During her speech, she downplayed the concerns over a possible second wave of COVID-19 and vowed that Rakhine as well as all other parts of the country would be protected through public cooperation.
"," During her speech, she downplayed the concerns over a possible second wave of COVID-19 and vowed that Rikin, as well as all other parts of the country, would be protected through public cooperation, full stop.",during her speech she downplayed the concerns over a possible 2nd wave of covid 19 and vowed that rakhine as well as all other parts of the country would be protected through public cooperation,during her speech she downplayed the concerns over a possible 2nd wave of covid 19 and vowed that rikin as well as all other parts of the country would be protected through public cooperation full stop
yoruba,clinical,5.: Mom and dad visited., 5. Mom and Dad visited.,5 mom and dad visited,5 mom and dad visited
yoruba,general,"Itunuoluwa studied English literature at the Port Harcourt University and translation in Ogundipe University.
"," Etono Oluwa studied English Literature at the Putakot University and translation in Ogundepi University, Fustu.",itunuoluwa studied english literature at the port harcourt university and translation in ogundipe university,etono oluwa studied english literature at the putakot university and translation in ogundepi university fustu
yoruba,clinical,"Unlike other receptor tyrosine kinases, HER 2 neu does not have a direct soluble ligand."," Unlike other receptor tyrosine kinases, human epidermal receptor good factor 2 does not have a direct soluble ligand full stop.",unlike other receptor tyrosine kinases her 2 neu does not have a direct soluble ligand,unlike other receptor tyrosine kinases human epidermal receptor good factor 2 does not have a direct soluble ligand full stop
yoruba,clinical,We will plan to discharge home tomorrow if feeds continue to be well-tolerated., We will plan to discharge home tomorrow if feeds continue to be well tolerated.,we will plan to discharge home tomorrow if feeds continue to be well tolerated,we will plan to discharge home tomorrow if feeds continue to be well tolerated
yoruba,clinical,Other labs: Ca: 8.1 mg/dL Mg: 2.2 mg/dL PO4: 1.8 mg/dL Imaging: 22," Other labs, calcium 8.1 milligrams per dl, magnesium 2.2 milligrams per dl, phosphate 1.8 milligrams per dl, imaging 22.",other labs ca 8 one mg dl mg 2.2 mg dl po 4 one.8 mg dl imaging 22,other labs calcium 8 one milligrams per dl magnesium 2.2 milligrams per dl phosphate one.8 milligrams per dl imaging 22
yoruba,general,"Industry officials close to the development said the Finance ministry was not making enough efforts to prepare the memo for the proposed loan agreement with the donor banks for FEC for ratification.
", Industry officials close to the development said the Finance Ministry was not making enough efforts to prepare the memo for the proposed loan agreement with the donor banks for FEC for ratification.,industry officials close to the development said the finance ministry was not making enough efforts to prepare the memo for the proposed loan agreement with the donor banks for fec for ratification,industry officials close to the development said the finance ministry was not making enough efforts to prepare the memo for the proposed loan agreement with the donor banks for fec for ratification
yoruba,clinical,No spells today on Caffeine Diuril., No spells today on caffeine delivery.,no spells today on caffeine diuril,no spells today on caffeine delivery
yoruba,clinical,I will fax these to N.Medicine., I will fix this to end medicine.,i will fax these to n medicine,i will fix this to end medicine
yoruba,clinical,Unconjugated indirect hyperbilirubinaemia., Unconjugated indirect hyperbilirubinemia fustop.,unconjugated indirect hyperbilirubinaemia,unconjugated indirect hyperbilirubinemia fustop
yoruba,general,"She finished the look with bedazzled pink eye makeup and nude lips.
"," She finished the look with bedazzled pink eye makeup and nude lips, full stop.",she finished the look with bedazzled pink eye makeup and nude lips,she finished the look with bedazzled pink eye makeup and nude lips full stop
yoruba,general,"You were admitted to Hospital Nkechinyereonye in Kano city on Saturday 28 July, 1979 with episodes of somnolence.
"," You were admitted to hospital in Kichingere only in Kano City on Saturday, 28 July 1979 with episodes of Sumlo Names, Full Stop.",you were admitted to hospital nkechinyereonye in kano city on saturday 28 july 1979 with episodes of somnolence,you were admitted to hospital in kichingere only in kano city on saturday 28 july 1979 with episodes of sumlo names full stop
yoruba,clinical,Responsive to exam tone WNL for gestational age.," Responsive to exam tone within normal limit for gestational age,",responsive to exam tone wnl for gestational age,responsive to exam tone within normal limit for gestational age
yoruba,general,"I dont think they were trained for that, either, the union leader said.
"," I don't think they were trained for that, either, the union leader said. Full stop.",i dont think they were trained for that either the union leader said,i do not think they were trained for that either the union leader said full stop
yoruba,general,"Insolo Imbor is a 52 yo male admitted yesterday to Mutomo TSICU after falling down the stairs in the setting of alcohol intoxication.
"," Hinsolo Inba is a 52-year-old male admitted yesterday to Mutomo CSICU after falling down the stairs in the setting of alcohol intoxication, full stop.",insolo imbor is a 52 yo male admitted yesterday to mutomo tsicu after falling down the stairs in the setting of alcohol intoxication,hinsolo inba is a 52 year old male admitted yesterday to mutomo csicu after falling down the stairs in the setting of alcohol intoxication full stop
yoruba,general,"As the storm continued to get worse, the Matthews Police Department sent out notices for the community to avoid certain roads with downed power lines, traffic light outages and flooding.
"," As the storm continued to get worse, the Matthews Police Department sent out notices for the community to avoid certain roads with downed power lines, traffic light outages and flooding full stop.",as the storm continued to get worse the matthews police department sent out notices for the community to avoid certain roads with downed power lines traffic light outages and flooding,as the storm continued to get worse the matthews police department sent out notices for the community to avoid certain roads with downed power lines traffic light outages and flooding full stop
yoruba,general,"A very common disease was discovered in Touba by Onofuabi and Wolahmo scientists at Johannesburg university from 1998 to 2006.
"," A very common disease was discovered in Toba by Onofuya P. and Uolahmu scientists at Johar Sempong University from 1998 to 2006, Fustov.",a very common disease was discovered in touba by onofuabi and wolahmo scientists at johannesburg university from 1998 to 2006,a very common disease was discovered in toba by onofuya p and uolahmu scientists at johar sempong university from 1998 to 2006 fustov
yoruba,general,"Its stereotypical for young kids to generally think adults dont understand them.
"," It's stereotypical for young kids to generally think adults don't understand them, full stop.",its stereotypical for young kids to generally think adults dont understand them,it is stereotypical for young kids to generally think adults do not understand them full stop
yoruba,general,"Taxis and rental cars can transport travelers to and from the airport.
", Taxis and rental cars can transport travelers to and from the airport full stop.,taxis and rental cars can transport travelers to and from the airport,taxis and rental cars can transport travelers to and from the airport full stop
yoruba,clinical,The patient underwent choledochojejunostomy in 11-04-2020 to bypass his biliary obstruction., The patient underwent Cholera Dochojo Yonostomy in 11-4-2020 to bypass his biliary obstruction.,the patient underwent choledochojejunostomy in 11 4 2020 to bypass his biliary obstruction,the patient underwent cholera dochojo yonostomy in 11 4 2020 to bypass his biliary obstruction
yoruba,general,"They are in the organisation for the long haul, not just for what they can get.
"," They are in the organization for the long haul, not just for what they can get or store.",they are in the organization for the long haul not just for what they can get,they are in the organization for the long haul not just for what they can get or store
yoruba,general,"Even now as the government start to ease lockdown the Chief Medical Advisor Chris shitty is already talking about plans for a second lockdown in winter and that we will be living with this virus for a long time to come.
"," Even now, as the government starts to ease the lockdown, the chief medical advisor, Chris Sheety, is already talking about plans for a second lockdown in winter and that we will be living with the virus for a long time to come, full stop.",even now as the government start to ease lockdown the chief medical advisor chris shitty is already talking about plans for a 2nd lockdown in winter and that we will be living with this virus for a long time to come,even now as the government starts to ease the lockdown the chief medical advisor chris sheety is already talking about plans for a 2nd lockdown in winter and that we will be living with the virus for a long time to come full stop
yoruba,general,"The Israelis had been trying for hours to speak to Palestinian commanders , according to Israel s Cabinet Secretary , Isaac Herzog  he added that Palestinian security forces could have intervened to stop the fire .
"," The Israelis had been trying for hours to speak to Palestinian commanders, according to Israel's cabinet secretary, Isaac Herzog. He added that Palestinian security forces could have intervened to stop the fire.",the israelis had been trying for hours to speak to palestinian commanders according to israel s cabinet secretary isaac herzog he added that palestinian security forces could have intervened to stop the fire,the israelis had been trying for hours to speak to palestinian commanders according to israel is cabinet secretary isaac herzog he added that palestinian security forces could have intervened to stop the fire
yoruba,general,"She has been in both soap operas and movies.
"," She has been in both soap operas and movies, full stop.",she has been in both soap operas and movies,she has been in both soap operas and movies full stop
yoruba,general,"However, nobody climbs the ladder of success with his hands in his pockets. You can never accomplish a vision you cannot commit to. Vision without action is daydreaming while action or activity without a vision is a nightmare
", however nobody climbs the ladder of success with his hands in his pockets full stop you can never accomplish a vision you cannot commit to full stop vision without action is daydreaming why action or activity without a vision is a nightmare,however nobody climbs the ladder of success with his hands in his pockets you can never accomplish a vision you cannot commit to vision without action is daydreaming while action or activity without a vision is a nightmare,however nobody climbs the ladder of success with his hands in his pockets full stop you can never accomplish a vision you cannot commit to full stop vision without action is daydreaming why action or activity without a vision is a nightmare
yoruba,general,"Children Chisimdiri Ibinye and Maifari were found last night wandering the streets unattended after their mother and father, went missing while returning from work at Abakaliki
"," Children Chisim, Diri, Ipingi, and Maifari were found last night wandering the streets unattended after their mother and father, Goma, went missing while returning from work at Abakaliki.",children chisimdiri ibinye and maifari were found last night wandering the streets unattended after their mother and father went missing while returning from work at abakaliki,children chisim diri ipingi and maifari were found last night wandering the streets unattended after their mother and father goma went missing while returning from work at abakaliki
yoruba,clinical,Pt also up in chair and standing several times today., Patient also up in chair and standing several times today.,pt also up in chair and standing several times today,patient also up in chair and standing several times today
yoruba,clinical,"Progesterone therapy, in the form of injectable depomedroxyprogesterone acetate DMPA or implants, suppresses gonadotropin release and, in turn, ovarian steroidogenesis. It also directly affects the uterine endometrium and endometrialimplants."," Progesterone therapy, in the form of injectable Depo-Medroxyprogesterone acetate, DMPA, or implants, suppresses gonadotropin release and, in turn, ovarian stereodogenesis. It also directly affects the uterine endometrium and endometrial implants, full stop.",progesterone therapy in the form of injectable depomedroxyprogesterone acetate dmpa or implants suppresses gonadotropin release and in turn ovarian steroidogenesis it also directly affects the uterine endometrium and endometrialimplants,progesterone therapy in the form of injectable depo medroxyprogesterone acetate dmpa or implants suppresses gonadotropin release and in turn ovarian stereodogenesis it also directly affects the uterine endometrium and endometrial implants full stop
yoruba,clinical,Elevated CK: trop <0.01 and CK 187.," Elevated CK, CHOP, LESTON, 001, and CK187.",elevated ck trop 0.01 and ck 187,elevated ck chop leston one and ck 187
yoruba,clinical,gi: tube feeds at goal and abd soft with positive bowel sounds.," GI, tube feeds as goal and abdomen soft with positive bowel sounds.",gi tube feeds at goal and abd soft with positive bowel sounds,gi tube feeds as goal and abdomen soft with positive bowel sounds
yoruba,general,"The most stunning and stunning and sensual and beautiful, a third social media user wrote.
", The most stunning and stunning essential and beautiful comma that tells social media is our roots. Full stop.,the most stunning and stunning and sensual and beautiful a 3rd social media user wrote,the most stunning and stunning essential and beautiful comma that tells social media is our roots full stop
yoruba,general,"It received wide criticism.
"," It received wide criticism, full stop.",it received wide criticism,it received wide criticism full stop
yoruba,clinical,Arthroscopic treatment of cam-type femoroacetabular impingement: preliminary report at 2 years minimum follow-up.," Arthroscopic treatment of Camp-type femoral acetabular impingement, colon. Preliminary report at 2 years minimum follow-up.",arthroscopic treatment of cam type femoroacetabular impingement preliminary report at 2 years minimum follow up,arthroscopic treatment of camp type femoral acetabular impingement colon preliminary report at 2 years minimum follow up
yoruba,general,"According to The Hollywood Reporter, filmmaker Alexander Aja, best known for Crawl and Piranha 3D, will direct the movie based on Christie LeBlancs original script which was on The Black List.
"," According to the Hollywood Reporter, Kuma filmmaker Alexander Aja, Kuma best known for Crow and Purana 3D, Kuma will direct the movie based on Christelle LeBlanc's original script, which is on the blacklist, full stop.",according to the hollywood reporter filmmaker alexander aja best known for crawl and piranha 3 d will direct the movie based on christie leblancs original script which was on the black list,according to the hollywood reporter kuma filmmaker alexander aja kuma best known for crow and purana 3 d kuma will direct the movie based on christelle leblanc is original script which is on the blacklist full stop
yoruba,general,Stone didnt make Richard Nixon a villain nor a hero., Stone didn't make Richard Nison a villain nor a hero. Full stop.,stone didnt make richard nixon a villain nor a hero,stone did not make richard nison a villain nor a hero full stop
yoruba,general,"Start nominating
", Start nominating.,start nominating,start nominating
yoruba,clinical,P: Extubate when fully awake.," P, colon, extubate when fully awake.",p extubate when fully awake,p colon extubate when fully awake
yoruba,clinical,The jugular vein and omohyoid muscle are exposed while the ansa-hypoglossus and nerve branches to the anterior belly of theomohyoid muscle are identified., The jugular vein and omohaoid muscle are exposed while the anterior belly of the omohaoid muscle are identified.,the jugular vein and omohyoid muscle are exposed while the ansa hypoglossus and nerve branches to the anterior belly of theomohyoid muscle are identified,the jugular vein and omohaoid muscle are exposed while the anterior belly of the omohaoid muscle are identified
yoruba,general,"No craft, no crew can travel safely with such vast contradictions.
"," No craft, no crew can travel safely with such vast contradictions.",no craft no crew can travel safely with such vast contradictions,no craft no crew can travel safely with such vast contradictions
yoruba,clinical,Other maternal factors that affect fetal growth and body composition include demographic factors and medical conditions.," Other maternal factors that affect fetal growth and body composition include demographic factors and medical conditions, full stop.",other maternal factors that affect fetal growth and body composition include demographic factors and medical conditions,other maternal factors that affect fetal growth and body composition include demographic factors and medical conditions full stop
yoruba,general,"These private schools go from pre-schools to universities.
", These private schools go from pre-Ipham schools to universities full stop,these private schools go from pre schools to universities,these private schools go from pre ipham schools to universities full stop
yoruba,general,"In general, frozen food will keep for three months in a standard home freezer.
"," In general, frozen food will keep for three months in a standard home freezer, full stop.",in general frozen food will keep for 3 months in a standard home freezer,in general frozen food will keep for 3 months in a standard home freezer full stop
yoruba,general,"After a period of time, Little Albert would cry when he saw a white rat or anything small and white, even his stuffed animal."," After a period of time, little Albert would cry when he saw a white rat or anything small and white, even a stuffed animal, full stop.",after a period of time little albert would cry when he saw a white rat or anything small and white even his stuffed animal,after a period of time little albert would cry when he saw a white rat or anything small and white even a stuffed animal full stop
yoruba,general,"Judicial enquiries have commenced, and we will work as reports get back to us.", Judicial enquiries has commenced and we will work as report get back to us to stop.,judicial enquiries have commenced and we will work as reports get back to us,judicial enquiries has commenced and we will work as report get back to us to stop
yoruba,general,"Most advanced countries have gone down this route.
", Most advanced countries have content issues to stop.,most advanced countries have gone down this route,most advanced countries have content issues to stop
yoruba,general,"These actions ensure the survival of the young and vulnerable members of her family, again helping ensure her genetic material is passed down through the generations indirectly.
"," These actions ensure the survival of the young and vulnerable members of our family common, again helping ensure our genetic material is passed down through the generations indirectly fostered.",these actions ensure the survival of the young and vulnerable members of her family again helping ensure her genetic material is passed down through the generations indirectly,these actions ensure the survival of the young and vulnerable members of our family common again helping ensure our genetic material is passed down through the generations indirectly fostered
yoruba,general,"The Empire Sundown Lagos is proudly sponsored by Hennessy.
"," The Empire Sundown Lagos is proudly sponsored by NSE, who stopped...",the empire sundown lagos is proudly sponsored by hennessy,the empire sundown lagos is proudly sponsored by nse who stopped .
yoruba,clinical,"Reproduced with permission from Mercer DW, Liu TH, Castaneda A: Anatomy and physiology of the stomach, in Zuidema GD, Yeo CJ eds:  Shackelfords Surgery of the Alimentary Tract, 5th ed."," Reproduced with permission from Mesa DWTH, Castaneda A Anatomy and Physiology of the Stomach in Zwiedema Digi-Leo-CJ-End. Sustrefied Surgery of the Elementary Tract, 5th Edition.",reproduced with permission from mercer dw liu th castaneda a anatomy and physiology of the stomach in zuidema gd yeo cj eds shackelfords surgery of the alimentary tract 5th ed,reproduced with permission from mesa dwth castaneda a anatomy and physiology of the stomach in zwiedema digi leo cj end sustrefied surgery of the elementary tract 5th edition
yoruba,general,"Since the vehicle had a raised body, we could safely yet comfortably view the animals and take pictures while at it.
"," Since the vehicle had a raised body in command, we could safely yet comfortably view the animals and take pictures while at its full stop.",since the vehicle had a raised body we could safely yet comfortably view the animals and take pictures while at it,since the vehicle had a raised body in command we could safely yet comfortably view the animals and take pictures while at its full stop
yoruba,general,"Coins are generally used for lower valued monetary units, and banknotes for higher values.
"," Coins are generally used for lower-valued monetary units, and banknotes for higher-valued",coins are generally used for lower valued monetary units and banknotes for higher values,coins are generally used for lower valued monetary units and banknotes for higher valued
yoruba,clinical,"These patients are identified by bedside ultrasound, and the morbidity of a laparotomy is avoided.", These species are identified by bed sound tracers and the mobility of the laparotomy is avoided.,these patients are identified by bedside ultrasound and the morbidity of a laparotomy is avoided,these species are identified by bed sound tracers and the mobility of the laparotomy is avoided
yoruba,clinical,Carotid Bruit none  Right:  Left:, Currency true. No one on the right left.,carotid bruit none right left,currency true no one on the right left
yoruba,general,The Newport Road CFD was formed in 2003 and authorized up to 24 million of bonded indebtedness., The Newport Road CFD was formed in 2003 and authorized up to 24 million of bonded indebtedness to stop.,the newport road cfd was formed in 2003 and authorized up to 24000000 of bonded indebtedness,the newport road cfd was formed in 2003 and authorized up to 24000000 of bonded indebtedness to stop
yoruba,general,"One of nine children, she was the first daughter of the family but her mother eventually returned to France to live.
"," One of nine children, Koma, she was the first daughter of the family, but her mother eventually returned to France to live, Fousto.",one of 9 children she was the 1st daughter of the family but her mother eventually returned to france to live,one of 9 children koma she was the 1st daughter of the family but her mother eventually returned to france to live fousto
yoruba,clinical,cvicu provider is Akaderi Admitting Diagnosis: CHEST PAIN; ANGINALEFT HEART CATHETERIZATION," X-VICU provider is arcadery admitting diagnosis, chest pain, and general left heart catarization.",cvicu provider is akaderi admitting diagnosis chest pain anginaleft heart catheterization,x vicu provider is arcadery admitting diagnosis chest pain and general left heart catarization
yoruba,clinical,MACROLIDE ANTIBIOTICS Structure: The macrolide antibiotics are those that consist of a large lactone ring to which sugars are attached.," Macrolide Antibiotics Structure The macrolide antibiotics are those that consist of a large lactone ring to which sugars are attached, full stop.",macrolide antibiotics structure the macrolide antibiotics are those that consist of a large lactone ring to which sugars are attached,macrolide antibiotics structure the macrolide antibiotics are those that consist of a large lactone ring to which sugars are attached full stop
yoruba,general,"It will involve disappointment, failures and frustration, but if you invest your time and effort upfront, it can be the most fruitful and worthwhile investment of your time, as it continues to pay you long after the work has been completed.
"," It will involve disappointment, failures and frustration, but if you invest your time and effort upfront, it can be the most fruitful and worthwhile investment of your time, as it continues to pay you long after the work has been completed. Full stop.",it will involve disappointment failures and frustration but if you invest your time and effort upfront it can be the most fruitful and worthwhile investment of your time as it continues to pay you long after the work has been completed,it will involve disappointment failures and frustration but if you invest your time and effort upfront it can be the most fruitful and worthwhile investment of your time as it continues to pay you long after the work has been completed full stop
yoruba,general,"12-01-2002 Mr. Offiong Kuforiji recently treated at Hospital Makurdi for spontaneous hemoperitoneum resulting in surgery for splenic lac and spenectomy.
"," 12th January 2002, Mr. Ofiong Kuforiji recently treated at Hospital Makodi for spontaneous hemoperitoneum, resulting in surgery for splenic lag and spenectomy, full stop.",12 one 2002 mister offiong kuforiji recently treated at hospital makurdi for spontaneous hemoperitoneum resulting in surgery for splenic lac and spenectomy,12th january 2002 mister ofiong kuforiji recently treated at hospital makodi for spontaneous hemoperitoneum resulting in surgery for splenic lag and spenectomy full stop
yoruba,general,"What is the implication of long abstinence from sx?Nollywood actress and show host, Nancy Isime, has said that the trauma she had as a child made her grow up to become a people pleaser.
", What is the implication of long abstinence from sex? Not only would actress and show host Koma Nasi Isime Koma has said that the trauma she had as a child made her grow up to become a people pleaser.,what is the implication of long abstinence from sx nollywood actress and show host nancy isime has said that the trauma she had as a child made her grow up to become a people pleaser,what is the implication of long abstinence from sex not only would actress and show host koma nasi isime koma has said that the trauma she had as a child made her grow up to become a people pleaser
yoruba,clinical,GU: FOLEY-BSD WITH Radiology URINE SEDIMENT PRESENT.," Genital urinary, fully bedside drainage with radiology, urine sediments present.",gu foley bsd with radiology urine sediment present,genital urinary fully bedside drainage with radiology urine sediments present
yoruba,clinical,Patient did not respond to commands cues or questions.," Patients did not respond to commands, cues or questions, full stop.",patient did not respond to commands cues or questions,patients did not respond to commands cues or questions full stop
yoruba,general,Economists and public health experts arent on different sides here., Economists and public health experts aren't on different sides here. Full stop.,economists and public health experts arent on different sides here,economists and public health experts are not on different sides here full stop
yoruba,general,Cities are at ground zero of the COVID-19 pandemic with 90 per cent of cases reported globally., Cities are at ground zero of the COVID-19 pandemic with 90% of cases reported globally full stop.,cities are at ground 0 of the covid 19 pandemic with 90% of cases reported globally,cities are at ground 0 of the covid 19 pandemic with 90% of cases reported globally full stop
yoruba,clinical,"Conservatively speaking, until further long-term data become available, if the patient is a suitable surgical risk, elective open conversion should be considered."," Conservatively speaking, until further long-term data become available, if the patient is a suitable surgical risk, elective open conversion should be considered full stop.",conservatively speaking until further long term data become available if the patient is a suitable surgical risk elective open conversion should be considered,conservatively speaking until further long term data become available if the patient is a suitable surgical risk elective open conversion should be considered full stop
yoruba,general,"Both were directed to pay their childrens school fees.
"," Both were directed to play the children's co-fils, Christopher.",both were directed to pay their childrens school fees,both were directed to play the children is co fils christopher
yoruba,general,"TikTok is a constant presence in high schools.
"," TikTok is a constant presence in high schools, food stores,",tiktok is a constant presence in high schools,tiktok is a constant presence in high schools food stores
yoruba,general,"The group includes Serbian Americans living in the United States for one or many generations, people who are citizens of both Serbia and the United States, or any other people who say that they are both Serbian and American.
", the group includes sabiha america living in the united states for one or many generations of commerce people who are citizens of both sabiha and the united states commerce or any other people who say that they are both sabiha and america who stuff,the group includes serbian americans living in the united states for one or many generations people who are citizens of both serbia and the united states or any other people who say that they are both serbian and american,the group includes sabiha america living in the united states for one or many generations of commerce people who are citizens of both sabiha and the united states commerce or any other people who say that they are both sabiha and america who stuff
yoruba,general,"Her game was actually getting to me I liked her. I didnt want to own up to it in the show. Unfortunately we werent just compatible  Sammie on his relationship with Angel in the houseBBNaijaReunion BBNaija BBNaijaShineYaEye
"," Her game was actually getting to me. I liked her, full stop. I didn't want to own up to it in the show, full stop. Unfortunately, we weren't just compatible. Sammy and his relationship with Tenje in the house, Big Brother Niger reunion. Big Brother Niger, Big Brother Niger, shine your eye.",her game was actually getting to me i liked her i didnt want to own up to it in the show unfortunately we werent just compatible sammie on his relationship with angel in the housebbnaijareunion bbnaija bbnaijashineyaeye,her game was actually getting to me i liked her full stop i did not want to own up to it in the show full stop unfortunately we were not just compatible sammy and his relationship with tenje in the house big brother niger reunion big brother niger big brother niger shine your eye
yoruba,general,"The envoy said the second meeting on the oil and gas development cooperation between Manila and Beijing will resume early this year.
", The envoy said the second meeting on the oil and gas development cooperation between Manila and Beijing will resume early this year to stop,the envoy said the 2nd meeting on the oil and gas development cooperation between manila and beijing will resume early this year,the envoy said the 2nd meeting on the oil and gas development cooperation between manila and beijing will resume early this year to stop
yoruba,general,"A BNCH shall not: carry out investing or lending activities receive, disburse, or engage in any transaction involving foreign currency sub-contract another entity to carry out its operations any other activities that may be prohibited by the CBN.
"," The BNCH and those who carry out investing or lending activities, receive, dispose, or engage in any transaction involving foreign currencies, stock, IP, contracts, and other entities who carry out its operations, any other activities that may be repeated by the CBN or Ustor.",a bnch shall not carry out investing or lending activities receive disburse or engage in any transaction involving foreign currency sub contract another entity to carry out its operations any other activities that may be prohibited by the cbn,the bnch and those who carry out investing or lending activities receive dispose or engage in any transaction involving foreign currencies stock ip contracts and other entities who carry out its operations any other activities that may be repeated by the cbn or ustor
yoruba,general,"This report is the first description of the production of potassium permanganate.
", This report is the first description of the production of potassium permanganate full,this report is the 1st description of the production of potassium permanganate,this report is the 1st description of the production of potassium permanganate full
yoruba,general,"However, the state has not yet defined the parameters of a mail-order testing program.
"," However, the state has not yet defined the perimeter of a meal-order testing program.",however the state has not yet defined the parameters of a mail order testing program,however the state has not yet defined the perimeter of a meal order testing program
yoruba,clinical,"CARDIAC: colour pinks pale well, perfused no audible murmur on exam pulses palpable x4 cap refill 3secs mucous membranes pink and moist."," Cardiac colon, color pink, pale, well-perfused, no audible murmur on exam, pulses palpable four times, capillary refill three seconds, mucous membranes pink and moist, full stop.",cardiac color pinks pale well perfused no audible murmur on exam pulses palpable x 4 cap refill 3 secs mucous membranes pink and moist,cardiac colon color pink pale well perfused no audible murmur on exam pulses palpable 4 times capillary refill 3 seconds mucous membranes pink and moist full stop
yoruba,clinical,The morning of admission the mother developed vaginal bleeding and fetal bradycardia was noted .," The morning of admission, the mother developed vaginal bleeding and fetal bradycardia was noted.",the morning of admission the mother developed vaginal bleeding and fetal bradycardia was noted,the morning of admission the mother developed vaginal bleeding and fetal bradycardia was noted
yoruba,general,"The women used men as runners to send word of their decisions, or a woman could appear at the mens council to speak, presenting the view of the women.
"," The women used men as runners to send word of their decisions, or a woman could appear at the men's council to speak, presenting the view of the women in full stop.",the women used men as runners to send word of their decisions or a woman could appear at the mens council to speak presenting the view of the women,the women used men as runners to send word of their decisions or a woman could appear at the men is council to speak presenting the view of the women in full stop
yoruba,general,"He has taken on an array of sponsorships outside of football, some of which have been controversial.
"," It has taken on an array of sponsorships outside of football, some of which have been controversial.",he has taken on an array of sponsorships outside of football some of which have been controversial,it has taken on an array of sponsorships outside of football some of which have been controversial
yoruba,clinical,Patients who do not experience emesis within 4 hours of exposure are unlikely to have severe clinical effects., Patients who do not experience MS within four hours of exposure are unlikely to have severe clinical effects.,patients who do not experience emesis within 4 hours of exposure are unlikely to have severe clinical effects,patients who do not experience ms within 4 hours of exposure are unlikely to have severe clinical effects
yoruba,general,"The area of Lebanon is 10,452 square kilometres."," The area of Lebanon is 10,452 square kilometers.",the area of lebanon is 10452 square kilometers,the area of lebanon is 10452 square kilometers
yoruba,general,"There is no gainsaying that the Nigerian Law School is the only institution responsible for vocational training of lawyers in Nigeria.
", There is no gainsaying that the Nigerian Law School is the only institution responsible for vocational training of lawyers in Nigeria. Full stop.,there is no gainsaying that the nigerian law school is the only institution responsible for vocational training of lawyers in nigeria,there is no gainsaying that the nigerian law school is the only institution responsible for vocational training of lawyers in nigeria full stop
yoruba,clinical,Children born to obese mothers are three to five  times more likely to be obese in childhood., Children born to obese mothers are 3 to 5 times more likely to be obese in childhood.,children born to obese mothers are 3 to 5 times more likely to be obese in childhood,children born to obese mothers are 3 to 5 times more likely to be obese in childhood
yoruba,clinical,"Burn of first degree of upper back, sequela. CAPSULE, ORAL NEMBUTAL SODIUM, PENTOBARBITAL SODIUM, 100MG. Displaced oblique fracture of shaft of unspecified tibia, subsequent e"," Bonofforst degree of upper back sequela. Capsule, oral nimbotal sodium, pentopapital sodium, 100 mg. Displaced oblique fracture of shaft of unspecified tibia subsequent.",burn of 1st degree of upper back sequela capsule oral nembutal sodium pentobarbital sodium 100 mg displaced oblique fracture of shaft of unspecified tibia subsequent e,bonofforst degree of upper back sequela capsule oral nimbotal sodium pentopapital sodium 100 mg displaced oblique fracture of shaft of unspecified tibia subsequent
yoruba,clinical,Hg: 158/84Status: InpatientDate/Time: 16 May 1982 at 15: 40Test: Portable TTE CompleteDoppler: Complete pulse and color flowContrast: NoneTechnical Quality: Adequate, HG 158 over 84 status inpatient date and time 16 May 1982 at 1540 test portable TTE complete Doppler complete pulse and color flow contrast non-technical quality adequate,hg 158 84 status inpatientdate time 16 may 1982 at 15 40 test portable tte completedoppler complete pulse and color flowcontrast nonetechnical quality adequate,hg 158 over 84 status inpatient date and time 16 may 1982 at 1540 test portable tte complete doppler complete pulse and color flow contrast non technical quality adequate
yoruba,general,"She confirmed that he has been in a better place over the past year, and she could see him wanting to be back on the small screen in the near future."," She confirmed that he has been in a better place over the past year, and she could see him wanting to be back on the small screen in the near future.",she confirmed that he has been in a better place over the past year and she could see him wanting to be back on the small screen in the near future,she confirmed that he has been in a better place over the past year and she could see him wanting to be back on the small screen in the near future
yoruba,general,"Nnanna was watching TV as they normally do in the evening when his brother Chimaihe went to prepare dinner.
", Nana was watching TV as they normally do in the evening when his brother Chimaihe went to prepare dinner. Full stop.,nnanna was watching tv as they normally do in the evening when his brother chimaihe went to prepare dinner,nana was watching tv as they normally do in the evening when his brother chimaihe went to prepare dinner full stop
yoruba,clinical,"If the diagnosis is uncertain, percutaneous cholecystostomy is both diagnostic and therapeutic."," If the diagnosis is uncertain, Pecutinous Colesis Sostomy is both diagnostic and therapeutic.",if the diagnosis is uncertain percutaneous cholecystostomy is both diagnostic and therapeutic,if the diagnosis is uncertain pecutinous colesis sostomy is both diagnostic and therapeutic
yoruba,clinical,126 Recombinant molecular biologic means permit the purification of high concentrations of individual growth factors.," 126 recombinants molecular biologic means permits the purification of high concentrations of individual growth factors, full stop.",126 recombinant molecular biologic means permit the purification of high concentrations of individual growth factors,126 recombinants molecular biologic means permits the purification of high concentrations of individual growth factors full stop
yoruba,clinical,2+reflexes patellar and bilateral biceps.," two plus reflexes, patella and bilateral biceps.",2 reflexes patellar and bilateral biceps,2 plus reflexes patella and bilateral biceps
yoruba,general,Nwanyanwu said it is high time Nigerians stop to pay lip service to democracy and efforts to change bad leaders and governments that have impoverished the people in the country., Nya Nwanyahu said it is high time Nigerians stopped to pay lip service to democracy and efforts to change bad leaders and governments that have impoverished the people in their countries.,nwanyanwu said it is high time nigerians stop to pay lip service to democracy and efforts to change bad leaders and governments that have impoverished the people in the country,nya nwanyahu said it is high time nigerians stopped to pay lip service to democracy and efforts to change bad leaders and governments that have impoverished the people in their countries
yoruba,clinical,"VS do not change with pain or after receiving pain medications.
", VAS do not change with pain or after resuming medications.,vs do not change with pain or after receiving pain medications,vas do not change with pain or after resuming medications
yoruba,general,"It admonished world leaders to be proactive, as conflict and economic crises could escalate the situation.
", It admonished world leaders to be proactive as conflict and economic crisis could escalate this situation.,it admonished world leaders to be proactive as conflict and economic crises could escalate the situation,it admonished world leaders to be proactive as conflict and economic crisis could escalate this situation
yoruba,general,"But the industry opposes mandatory online pricing and said the decisions should be left to individual businesses.
", But the industry opposes mandatory online pricing and said the decisions should be left to individual businesses full stop.,but the industry opposes mandatory online pricing and said the decisions should be left to individual businesses,but the industry opposes mandatory online pricing and said the decisions should be left to individual businesses full stop
yoruba,general,"Single - season record : 3 200 - yard games
", single-season record colon 3200-yard games,single season record 3 200 yard games,single season record colon 3200 yard games
yoruba,general,She was informed the stricken man lived in a housing unit under her supervision., He was informed the striking man lived in the housing unit under Superbishop Fusto.,she was informed the stricken man lived in a housing unit under her supervision,he was informed the striking man lived in the housing unit under superbishop fusto
yoruba,general,"The goal is a satisfying life.
", The goal is a satisfying life. Full stop.,the goal is a satisfying life,the goal is a satisfying life full stop
yoruba,clinical,Tumours of surface epithelium common epithelialtumoursII., tumors of surface epithelium common epithelial tumors LL full stop,tumors of surface epithelium common epithelialtumoursii,tumors of surface epithelium common epithelial tumors ll full stop
yoruba,clinical,Aline dampened multiple attempts at new one., Aline dampened multiple attempts as Niu won.,aline dampened multiple attempts at new one,aline dampened multiple attempts as niu won
yoruba,general,"The Estadio Cuscatln also features the following specifications :
"," The Esadoy Kossitsin also features the following specifications,",the estadio cuscatln also features the following specifications,the esadoy kossitsin also features the following specifications
yoruba,general,"For example, minor league teams earn practically all of their revenue from tickets, hot dogs and jerseys.
"," For example, comma, minor league teams earn practically all their revenue from tickets, comma, hot dogs and jerseys, full stop.",for example minor league teams earn practically all of their revenue from tickets hot dogs and jerseys,for example comma minor league teams earn practically all their revenue from tickets comma hot dogs and jerseys full stop
yoruba,general,"Its my belief, he says, that all groups will experience a dramatic decrease in the number of coronavirus cases compared to the public at large.
"," It's my belief, he says, that all groups will experience a dramatic decrease in the number of coronavirus cases compared to the public at large, full stop.",its my belief he says that all groups will experience a dramatic decrease in the number of coronavirus cases compared to the public at large,it is my belief he says that all groups will experience a dramatic decrease in the number of coronavirus cases compared to the public at large full stop
yoruba,clinical,18. Seven of 13 mutations were functionally characterized and found to be activating mutations., 18-7 of 13 mutations were functionally characterized and found to be activating mutations.,187 of 13 mutations were functionally characterized and found to be activating mutations,18 7 of 13 mutations were functionally characterized and found to be activating mutations
yoruba,general,Its really going crazy., It's really going crazy. Full stop.,its really going crazy,it is really going crazy full stop
yoruba,general,"As an adult, Simon has become a successful solicitor, taking class actions in relation to Catholic Church and institutional sexual abuse in Australia.
"," As an adult, Koma, Simon has become a successful solicitor, Koma, taking class actions in relation to Catholic Church and institutional sexual abuse in Australia, full stop.",as an adult simon has become a successful solicitor taking class actions in relation to catholic church and institutional sexual abuse in australia,as an adult koma simon has become a successful solicitor koma taking class actions in relation to catholic church and institutional sexual abuse in australia full stop
yoruba,clinical,"There is active transport of amino acids, resulting inlevels that are higher in the fetus than in the mother."," There is active transport of amino acids, coma, resulting in levels that are higher in the fetus than in the mother, full stop.",there is active transport of amino acids resulting inlevels that are higher in the fetus than in the mother,there is active transport of amino acids coma resulting in levels that are higher in the fetus than in the mother full stop
yoruba,clinical,"Generally, in an immunocompetent host, the biologic course passes through following3 phases Table 4."," Generally, in an immunocompetent host, the biological course passes through following three phases. Table 4, full stop.",generally in an immunocompetent host the biologic course passes through following 3 phases table 4,generally in an immunocompetent host the biological course passes through following 3 phases table 4 full stop
yoruba,general,Are you excited for Charlies new single?, Are you excited for Thelma's new single?,are you excited for charlies new single,are you excited for thelma is new single
yoruba,general,"Consider, for instance, Yorubaland where many of the wealthy families we knew in the 80s and 90s and which one still hears about in old Fuji music no longer exist.
"," Consider, for instance, Yoruba land, where many of the wealthy families we knew in the 80s and 90s, and which was three years about in old Fuji music, no longer exists, full stop.",consider for instance yorubaland where many of the wealthy families we knew in the 80s and 90s and which one still hears about in old fuji music no longer exist,consider for instance yoruba land where many of the wealthy families we knew in the 80s and 90s and which was 3 years about in old fuji music no longer exists full stop
yoruba,clinical,129 An IMH can be classified according to its location i.," 129, and IMH can be classified according to its location, I, full stop.",129 an imh can be classified according to its location i,129 and imh can be classified according to its location i full stop
yoruba,clinical,"X-linked retinoschisis is characterized by microcystic-like changes of the macular region and schisis within the inner retinal layers, leading to visual deterioration in males"," X-linked retinoscasis is characterized by microcystic-like changes of the macular region and scasis within the inner retinal layers, leading to visual deterioration in males.",x linked retinoschisis is characterized by microcystic like changes of the macular region and schisis within the inner retinal layers leading to visual deterioration in males,x linked retinoscasis is characterized by microcystic like changes of the macular region and scasis within the inner retinal layers leading to visual deterioration in males
yoruba,clinical,"The major benefit for laparoscopic repairs compared to open repairs was a consistently lower risk of wound infections.
"," The major benefit for laparoscopic repairs compared to open repairs was a consistently lower risk of wound infections, full stop.",the major benefit for laparoscopic repairs compared to open repairs was a consistently lower risk of wound infections,the major benefit for laparoscopic repairs compared to open repairs was a consistently lower risk of wound infections full stop
yoruba,general,"Dr Bolajoko Kabiri speaking. Next line. Chief complaint: next line. Low back Pain started 22 weeks ago radiating to his left foot. Next line
"," Dr. Balaji Okabere speaking. Push-up. Next line. Push-up. Chief complaint, colon. Next line. Push-up. Low back pain started 22 weeks ago, radiating to his left foot. Push-up. Next line.",doctor bolajoko kabiri speaking next line chief complaint next line low back pain started 22 weeks ago radiating to his left foot next line,doctor balaji okabere speaking push up next line push up chief complaint colon next line push up low back pain started 22 weeks ago radiating to his left foot push up next line
yoruba,general,"The show retains its Swedish roots only subtly, with Ingmar Bergmans marqueed on the local theater, and a tempo more inclined to take things in half time.
"," The show retains its Swedish root-only subtly, with Ingmar Bergen's McQuid on the local theatre, and a tempo more inclined to take things in half-time, full stop.",the show retains its swedish roots only subtly with ingmar bergmans marqueed on the local theater and a tempo more inclined to take things in half time,the show retains its swedish root only subtly with ingmar bergen is mcquid on the local theater and a tempo more inclined to take things in half time full stop
yoruba,general,The show focused mostly on the criminal trial of the accused.," The show focused mostly on the criminal trial of the accused, full stop.",the show focused mostly on the criminal trial of the accused,the show focused mostly on the criminal trial of the accused full stop
yoruba,clinical,"Displaced osteochondral fracture of left patella, subsequent encounter. FILM, EXTENDED RELEASE, TRANSDERMAL FENTANYL-12, FENTANYL, 12.5MCG/HR. Dissection of artery of upper extremity"," Displaced osteochondral fracture of left patella, subsequent encounter. Film, extended release, transdermal fentanyl 12, fentanyl 3.5 micrograms per HR, dissection of artery of upper extremities.",displaced osteochondral fracture of left patella subsequent encounter film extended release transdermal fentanyl 12 fentanyl 12.5 mcg hr dissection of artery of upper extremity,displaced osteochondral fracture of left patella subsequent encounter film extended release transdermal fentanyl 12 fentanyl 3.5 micrograms per hr dissection of artery of upper extremities
yoruba,general,A Covid-19 outbreak inside the White House brings into sharp relief the literal nightmare scenarios that constitutional and presidential scholars have warned about for decades., a COVID-19 outbreak inside the White House brings into sharp relief the literal nightmare scenarios that constitutional and presidential scholars have warned about for decades.,a covid 19 outbreak inside the white house brings into sharp relief the literal nightmare scenarios that constitutional and presidential scholars have warned about for decades,a covid 19 outbreak inside the white house brings into sharp relief the literal nightmare scenarios that constitutional and presidential scholars have warned about for decades
yoruba,general,"It is widely believed that in order to understand the present, you need to examine the past - Obiamaka Onyegecha"," It is widely believed that in order to understand the praises comma, you need to examine the past, I've been obey a marker on your nature.",it is widely believed that in order to understand the present you need to examine the past obiamaka onyegecha,it is widely believed that in order to understand the praises comma you need to examine the past i have been obey a marker on your nature
yoruba,general,"Submission of entries closes on the 30th of June, 2022. Voting for the various categories commences on September 23, and closes on October 23, 2022.
"," Submission of entries closes on the 30th of June, 2022, full stop. Voting for the various categories commences on September 23rd, and closes on October 23rd, 2022, full stop.",submission of entries closes on the 30th of june 2022 voting for the various categories commences on september 23 and closes on october 23 2022,submission of entries closes on the 30th of june 2022 full stop voting for the various categories commences on september 23rd and closes on october 23rd 2022 full stop
yoruba,general,"8 Alone in darkness and in a house as big as this, I dont feel safe at all.
"," Let alone in darkness and a house as big as this, I don't feel safe at all, full stop.",8 alone in darkness and in a house as big as this i dont feel safe at all,let alone in darkness and a house as big as this i do not feel safe at all full stop
yoruba,clinical,"Large doses of isoproterenol can produce such excessive cardiac stimulation, combined with a decrease in diastolic blood pressure, that coronary insufficiency may result.", Large doses of isoproterenol can produce such excessive cardiac stimulation combined with a decrease in diastolic blood pressure that coronary insufficiency may result.,large doses of isoproterenol can produce such excessive cardiac stimulation combined with a decrease in diastolic blood pressure that coronary insufficiency may result,large doses of isoproterenol can produce such excessive cardiac stimulation combined with a decrease in diastolic blood pressure that coronary insufficiency may result
yoruba,clinical,monitor neuro/psych status., Monitor Neuro slash Psych status.,monitor neuro psych status,monitor neuro slash psych status
yoruba,general,"Janet Jackson - vocals , songwriter , producer , vocal and rhythm arrangement"," Janet Jackson, hyphen, vocals, comma, songwriter, comma, producer, comma, vocal and rhythm arrangements.",janet jackson vocals songwriter producer vocal and rhythm arrangement,janet jackson hyphen vocals comma songwriter comma producer comma vocal and rhythm arrangements
yoruba,clinical,"Solitary simple bone cyst Solitary bone cysts are mostly seen in teenagers ,  and uncommon after the age of 25."," Solitary simple bone cysts are mostly seen in teenagers, comma, and uncommon after the age of 25, full stop.",solitary simple bone cyst solitary bone cysts are mostly seen in teenagers and uncommon after the age of 25,solitary simple bone cysts are mostly seen in teenagers comma and uncommon after the age of 25 full stop
yoruba,general,"Chidike studied English literature at the Ikot-Abasi University and translation in Zahrah University.
"," Chidi Kay studied English Literature at the Ecotes-Abbasi University and translation in Zara University, Fusdor.",chidike studied english literature at the ikot abasi university and translation in zahrah university,chidi kay studied english literature at the ecotes abbasi university and translation in zara university fusdor
yoruba,general,"In 2022, the use of artemisinin, dihydroartemisinin, artemether, artesunate Antimalarials were prohibited in Kintampo and Isiolo by Ochebalay Ahcookkey the current NAFDAC DG
"," In 2022, the use of Artemisinin, Dihydroatemisinin, Artemita, Atencinase Antimalarins were prohibited in Kintampo and issued law by Ochebele Achokri, the current NAVDAC DG.",in 2022 the use of artemisinin dihydroartemisinin artemether artesunate antimalarials were prohibited in kintampo and isiolo by ochebalay ahcookkey the current nafdac dg,in 2022 the use of artemisinin dihydroatemisinin artemita atencinase antimalarins were prohibited in kintampo and issued law by ochebele achokri the current navdac dg
yoruba,general,"The next morning, her friend and neighbour, Kelsey Hooper Porsha Lawrence Mavour invites her to go to the Bubble Shock open day."," This morning, I think I'm able to see Upa Usha, the rest of the public.",the next morning her friend and neighbor kelsey hooper porsha lawrence mavour invites her to go to the bubble shock open day,this morning i think i am able to see upa usha the rest of the public
yoruba,clinical,"This is especially important in any patients with significant pulmonary disease or hypoventilation syndrome of obesity, since a baseline value of normal for the patient must be appreciated if ventilator management postoperatively is necessary."," This is especially important in any patient with significant pulmonary disease or hyperventilation syndrome of obesity, since a baseline value of normal for the patient must be appreciated if ventilator management postoperatively is necessary.",this is especially important in any patients with significant pulmonary disease or hypoventilation syndrome of obesity since a baseline value of normal for the patient must be appreciated if ventilator management postoperatively is necessary,this is especially important in any patient with significant pulmonary disease or hyperventilation syndrome of obesity since a baseline value of normal for the patient must be appreciated if ventilator management postoperatively is necessary
yoruba,general,"The world is a big place, so I use my work to teach the girl child how to explore her world positively, and do something good in the society, that is what is driving me.
"," The world is a big place, comma, so I use my work to teach the girl child how to explore our world positively, comma, and do something good in the society, comma, that is what is driving me. Full stop.",the world is a big place so i use my work to teach the girl child how to explore her world positively and do something good in the society that is what is driving me,the world is a big place comma so i use my work to teach the girl child how to explore our world positively comma and do something good in the society comma that is what is driving me full stop
yoruba,clinical,Radiographic changes do not appear until after at least 10 days., Radiographic changes do not appear until after at least 10 days post-operative.,radiographic changes do not appear until after at least 10 days,radiographic changes do not appear until after at least 10 days post operative
yoruba,general,"He is now watching proceedings as led by the other political parties.
", He is now watching proceedings as led by the other political parties. Full stop.,he is now watching proceedings as led by the other political parties,he is now watching proceedings as led by the other political parties full stop
yoruba,general,"But not only do they treat their patients medically they are also comforting these patients in such an uncertain time.
"," But not only do they treat their patients medically, they are also comforting these patients with such an uncertain time period.",but not only do they treat their patients medically they are also comforting these patients in such an uncertain time,but not only do they treat their patients medically they are also comforting these patients with such an uncertain time period
yoruba,clinical,A: Stable except for resp status., double colon stable except for respiratory status full stop,a stable except for resp status,double colon stable except for respiratory status full stop
yoruba,general,"Dr. Demba Accohbay claims Cough, catarrh, fever, STI, abdominal pain, constipation, sore throat are the most common presenting complaints at Phalaborwa hospital
"," Dr. Demba Akobi claims cough, catarrh, fever, STI, abdominal pain, constipation, sore throat are the most common presenting complaints at Palabura Hospital.",doctor demba accohbay claims cough catarrh fever sti abdominal pain constipation sore throat are the most common presenting complaints at phalaborwa hospital,doctor demba akobi claims cough catarrh fever sti abdominal pain constipation sore throat are the most common presenting complaints at palabura hospital
yoruba,clinical,covering with sliding scale. No drip at this time.," Confirm with sliding scale, hyphen, no trip at this time, full stop.",covering with sliding scale no drip at this time,confirm with sliding scale hyphen no trip at this time full stop
yoruba,clinical,"Patients with agamma globulinemia usually present during therst 6 to12 months of lifeas maternally derived antibodies wane, although patients can present years later."," Patients with agamaglobulinemia usually present during first 6 to 12 months of life as maternally derived antibodies win, although patients can present years later full stop.",patients with agamma globulinemia usually present during therst 6 to 12 months of lifeas maternally derived antibodies wane although patients can present years later,patients with agamaglobulinemia usually present during 1st 6 to 12 months of life as maternally derived antibodies win although patients can present years later full stop
yoruba,clinical,RESP RATE 40-52 WITH IC/SC RETRACTIONS., Respiratory rate 40 to 52 with ICSC retractions.,resp rate 40 52 with ic sc retractions,respiratory rate 40 to 52 with icsc retractions
yoruba,general,"Hot summer temperatures can put stress on engines.
"," Hot summer temperatures can put stress on engines, full stop.",hot summer temperatures can put stress on engines,hot summer temperatures can put stress on engines full stop
yoruba,general,"Instead of continuing to rely on the grossly inefficient, overwhelmed and over-centralised security architecture, states should intensify efforts to cobble regional security networks to secure their jurisdictions to facilitate farming.
"," Instead of continuing to rely on the grossly inefficient, overwhelmed and over-centralized security architecture, states should intensify efforts to cobble regional security networks to secure their jurisdictions to facilitate farming full stop.",instead of continuing to rely on the grossly inefficient overwhelmed and over centralized security architecture states should intensify efforts to cobble regional security networks to secure their jurisdictions to facilitate farming,instead of continuing to rely on the grossly inefficient overwhelmed and over centralized security architecture states should intensify efforts to cobble regional security networks to secure their jurisdictions to facilitate farming full stop
yoruba,clinical,"Startle Reflex Test: The newborn respond to loud sound by moving its head, legs and arms.", Style tool reflects test. The newborn respond comma to loud sound by moving Z comma legs and arms footstep.,startle reflex test the newborn respond to loud sound by moving its head legs and arms,style tool reflects test the newborn respond comma to loud sound by moving z comma legs and arms footstep
yoruba,general,"Avoiding the road to Kigali
", avoiding the road to Kigali.,avoiding the road to kigali,avoiding the road to kigali
yoruba,general,"We dont know when the show is really ending yet, she told the publication.
"," We don't know when the show is really ending yet, comma. She told the publication of Foodstop",we dont know when the show is really ending yet she told the publication,we do not know when the show is really ending yet comma she told the publication of foodstop
yoruba,clinical,Symptoms often result from stress at school or in novel social situations., Symptoms result from stress at school or in novel social situations. Full stop.,symptoms often result from stress at school or in novel social situations,symptoms result from stress at school or in novel social situations full stop
yoruba,clinical,cause of hyperglycemia for ?, cause of hyperglycemia fall?,cause of hyperglycemia for,cause of hyperglycemia fall
yoruba,clinical,No dng from intrathecal catheter site., No DNG from endotracheal catheter sites.,no dng from intrathecal catheter site,no dng from endotracheal catheter sites
yoruba,clinical,PLAN: Cont to monitor VS resp status u/o and neuro status.," Plan comes to monitor VA's rest status, UO, and neuro status.",plan cont to monitor vs resp status u 0 and neuro status,plan comes to monitor va is rest status uo and neuro status
yoruba,general,"Children Kilani Ali and Ejefenihu were found last night wandering the streets unattended after their mother and father, went missing while returning from work at Minna
", Children Kilani Ali and Eje Feni who were found last night wandering the streets unattended after their mother and father-in-law went missing while returning from work at Minna.,children kilani ali and ejefenihu were found last night wandering the streets unattended after their mother and father went missing while returning from work at minna,children kilani ali and eje feni who were found last night wandering the streets unattended after their mother and father in law went missing while returning from work at minna
yoruba,clinical,monitor PO/PG/BFtolerance and weight.," Monitor PO, PG, BF tolerance, and WICs.",monitor po pg bftolerance and weight,monitor po pg bf tolerance and wics
yoruba,general,"A company needs to embrace purpose and consider the needs of a broad range of stakeholders in order to achieve long-term profits.
", The company needs to embrace purpose and consider the needs of a broad range of stakeholders in order to achieve long-life interim profits,a company needs to embrace purpose and consider the needs of a broad range of stakeholders in order to achieve long term profits,the company needs to embrace purpose and consider the needs of a broad range of stakeholders in order to achieve long life interim profits
yoruba,general,"The elderly clergy man, Revd Mansur Baki developed a heart attack"," The elderly clergyman, Coma, left Mansor Baki, developed a heart attack.",the elderly clergy man revd mansur baki developed a heart attack,the elderly clergyman coma left mansor baki developed a heart attack
yoruba,clinical,1000 times 0 and soon., One thousand times zero and soon full stop.,1000 times 0 and soon,1000 times 0 and soon full stop
yoruba,general,"Fahji Gado 56 yr female transfer from OR to SICU CC683 at 2100. Saturday 06 September, 2008
"," Fadji Gadu, 56 years, female transfer from OR to SICU, CC683 at 21 o'clock, Saturday, 06 September 2008.",fahji gado 56 yr female transfer from or to sicu cc 683 at 2100 saturday 6 september 2008,fadji gadu 56 years female transfer from or to sicu cc 683 at 210 clock saturday 6 september 2008
yoruba,general,"Parliament is ratcheting up pressure on the government to desist from any reshuffle of high-ranking officials until presidential election results are announced.
", Parliament is racketing up pressure on the government to desist from any reshuffle of high-ranking officials until presidential election results are announced. Good stuff.,parliament is ratcheting up pressure on the government to desist from any reshuffle of high ranking officials until presidential election results are announced,parliament is racketing up pressure on the government to desist from any reshuffle of high ranking officials until presidential election results are announced good stuff
yoruba,clinical,10. Pioglitazone 15 mg Tablet Sig : One ( 1 ) Tablet PO DAILY ( Daily ) as needed for DM ., Bioglycans from 15 milligram tablet seek one tablet's precision daily as needed for the,10 pioglitazone 15 mg tablet sig one tablet po daily as needed for dm,bioglycans from 15 milligram tablet seek one tablet is precision daily as needed for the
yoruba,general,"So youre having trouble with your cd drive, is that correct?
"," So you are having trouble with your CD drive, is that correct? Query.",so youre having trouble with your cd drive is that correct,so you are having trouble with your cd drive is that correct query
yoruba,general,Wilson describes it as an owners manual for the human brain., Huixin describes it as an owner's manner for the human brain to stop,wilson describes it as an owners manual for the human brain,huixin describes it as an owner is manner for the human brain to stop
yoruba,clinical,"Differential was polys 59, bands 3, lymphs 25 ."," Differential was polysegmental neutrophils 59, bar neutrophils 3, and lymphocytes 25.",differential was polys 59 bands 3 lymphs 25,differential was polysegmental neutrophils 59 bar neutrophils 3 and lymphocytes 25
yoruba,general,"He captioned the photo: I just Met a Fan She sabi my entire Mixtape.
"," He captioned the photo, I just made a fan. She's serving my entire people.",he captioned the photo i just met a fan she sabi my entire mixtape,he captioned the photo i just made a fan she is serving my entire people
yoruba,general,"So we are targeting 1,000 youths and that is about a billion naira so we do it as frequently as possible.
"," So we are targeting 1,000 youths, and that is about a billion naira. So we do it as frequently as possible, full stop.",so we are targeting 1000 youths and that is about a 1000000000 naira so we do it as frequently as possible,so we are targeting 1000 youths and that is about a 1000000000 naira so we do it as frequently as possible full stop
yoruba,clinical,It has also been associated with an increased risk of acquisition of human immunodeciency virus HIV and herpes simplex virus HSV.," It has also been associated with an increased risk of acquisition of human immunodeficiency virus, HIV, and herpes simplex virus, HSV, full stop.",it has also been associated with an increased risk of acquisition of human immunodeciency virus hiv and herpes simplex virus hsv,it has also been associated with an increased risk of acquisition of human immunodeficiency virus hiv and herpes simplex virus hsv full stop
yoruba,clinical,A: NPO status continues., The new PoE status continues.,a npo status continues,the new poe status continues
yoruba,general,"Motorbike taxis seen everywhere in the megacity of 30 million were banned from picking up passengers, and residents were ordered to stay home.
"," Motorbike taxis seen everywhere in the mega city of 30 million were banned from picking up passengers, comma, and residents were ordered to stay home, full stop.",motorbike taxis seen everywhere in the megacity of 30000000 were banned from picking up passengers and residents were ordered to stay home,motorbike taxis seen everywhere in the mega city of 30000000 were banned from picking up passengers comma and residents were ordered to stay home full stop
yoruba,clinical,Check CBC with differential and blood cultures hold antibiotics unless labs abnormal and clinical status changes.," Check CBC with differential and blood cultures, old antibiotics, unless lab and abnormal and clinical status changes.",check cbc with differential and blood cultures hold antibiotics unless labs abnormal and clinical status changes,check cbc with differential and blood cultures old antibiotics unless lab and abnormal and clinical status changes
yoruba,general,"What an amazing lady, wrote a different devotee, adding a kiss, heart-eye, and red heart emoji to the comment.
"," What an amazing lady, comma, wrote a different devotee, comma, adding a kiss, comma, heart eye, comma, and a red heart emoji to the comments. Full stop.",what an amazing lady wrote a different devotee adding a kiss heart eye and red heart emoji to the comment,what an amazing lady comma wrote a different devotee comma adding a kiss comma heart eye comma and a red heart emoji to the comments full stop
yoruba,general,"It is the total commitment of an individual to the actualisation of an idea or a project.
", It is the total commitment of an individual to the actualization of an idea or a project. Full stop.,it is the total commitment of an individual to the actualisation of an idea or a project,it is the total commitment of an individual to the actualization of an idea or a project full stop
yoruba,general,"The Most Ultimate Rules Of Becoming A Casino Winner
", The most ultimate rules of becoming a casino winner.,the most ultimate rules of becoming a casino winner,the most ultimate rules of becoming a casino winner
yoruba,clinical,"Medicine International 24:4-10 Podlesh S W ,  Boyden D K1996 Diagnosis of acute bonebone marrow infarction of the mandible in sickle haemoglobinopathy.
"," Tennessee International 24-14, Kodlesh SW, Boyd University, K1996. Diagnosis of a physical marrow infection of the mandibular tissue hemoglobin infection.",medicine international 24 4 10 podlesh s w boyden d k 1996 diagnosis of acute bonebone marrow infarction of the mandible in sickle haemoglobinopathy,tennessee international 24 14 kodlesh sw boyd university k 1996 diagnosis of a physical marrow infection of the mandibular tissue hemoglobin infection
yoruba,clinical,CT placed to H2O seal., Chesed steel placed to water steel.,ct placed to h 20 seal,chesed steel placed to water steel
yoruba,general,"Tamara has also starred in the independent film Limbo Lounge, directed by Tom Pankratz."," Tamara has also starred in the independent film Rainbow Blonde, directed by Tom Fankratz.",tamara has also starred in the independent film limbo lounge directed by tom pankratz,tamara has also starred in the independent film rainbow blonde directed by tom fankratz
yoruba,general,"State public health officials rate each case as definite , probable , possible or suspicious . Illness severity is assigned as low , moderate , severe , or fatal .
"," State public health officials rate each case as definite, probable, possible, or suspicious. Illness severity is assigned as low, moderate, severe, or fatter. Full stop.",state public health officials rate each case as definite probable possible or suspicious illness severity is assigned as low moderate severe or fatal,state public health officials rate each case as definite probable possible or suspicious illness severity is assigned as low moderate severe or fatter full stop
yoruba,general,"Currently, attention is riveted on the bloody violence raging in Kaduna, the North-West state that hosts the highest number of security formations in West Africa.
"," Currently, attention is reverted on the bloody violence raging in Kaduna, the North-West state that hosts the highest number of security formations in West Africa. Full stop.",currently attention is riveted on the bloody violence raging in kaduna the north west state that hosts the highest number of security formations in west africa,currently attention is reverted on the bloody violence raging in kaduna the north west state that hosts the highest number of security formations in west africa full stop
yoruba,clinical,Advancing 10cc/k/dHospital Bassee at 1300 and 0100.," Advancing 10cc per K per D. Hospital Bazzi at $1,300 and $100.",advancing 10 cc k dhospital bassee at 1300 and 100,advancing 10 cc per k per d hospital bazzi at $1300 and $100
yoruba,general,"How could I leave out his driving habits?
", How could I live out his driving habits?,how could i leave out his driving habits,how could i live out his driving habits
yoruba,general,"The first cycle season was in 2006.
"," The first cycle season was in 2006, full stop.",the 1st cycle season was in 2006,the 1st cycle season was in 2006 full stop
yoruba,clinical,"Patients benet from an aggressive physical therapy plan to improve lower extremity exibilityandincreasecorestrengthandspinalstability.
"," Patients beneath from an aggressive physical therapy plan to improve lower extremity, visibility and increase core strength and spinal stability.",patients benet from an aggressive physical therapy plan to improve lower extremity exibilityandincreasecorestrengthandspinalstability,patients beneath from an aggressive physical therapy plan to improve lower extremity visibility and increase core strength and spinal stability
yoruba,general,"Next line. Plan: next line. Tablets Coartem, 4 tabs twice daily for 3 days and paracetamol 1gm 3x daily for 3 days. Next line. Signed: Dr Ugochinyere Zikoranaudodimma
"," Next time, full stop, plan, colon, next time, full stop, tablet, core, 10,4 tabs, twice daily for three days, and paracetamol, one gram, three times daily for three days, full stop, next time, full stop, sign, colon, Dr. Ugo Chiniri, Ziko Ranwa, Dodima.",next line plan next line tablets coartem 4 tabs twice daily for 3 days and paracetamol one gm 3 x daily for 3 days next line signed doctor ugochinyere zikoranaudodimma,next time full stop plan colon next time full stop tablet core 104 tabs twice daily for 3 days and paracetamol one gram 3 times daily for 3 days full stop next time full stop sign colon doctor ugo chiniri ziko ranwa dodima
yoruba,general,"Xejet Limited gets nod to operate Sierra Leonean national carrier
", Z-Chat Limited gets not to operate Sierra Leonean national carriers.,xejet limited gets nod to operate sierra leonean national carrier,z chat limited gets not to operate sierra leonean national carriers
yoruba,clinical,"The tight glycemic control group had an average serum glucose level of 103 mgdL, and the average glucose level in the control group was 153 mgdL."," The tight glycemic control group had an average serum glucose level of 103 mgdL, and the average glucose level in the control group was 153 mgdL, full stop.",the tight glycemic control group had an average serum glucose level of 103 mgdl and the average glucose level in the control group was 153 mgdl,the tight glycemic control group had an average serum glucose level of 103 mgdl and the average glucose level in the control group was 153 mgdl full stop
yoruba,clinical,"Treatment Treatment begins with education and demystication for the child and family about chronic constipation and soiling, emphasizing the chronic nature of this condition and the good prognosis with optimal management."," Treatment. Treatment begins with education and domestication for the child and family about chronic constipation and soiling, emphasizing the chronic nature of this condition and the group prognosis with optimal management.",treatment treatment begins with education and demystication for the child and family about chronic constipation and soiling emphasizing the chronic nature of this condition and the good prognosis with optimal management,treatment treatment begins with education and domestication for the child and family about chronic constipation and soiling emphasizing the chronic nature of this condition and the group prognosis with optimal management
yoruba,general,"On Friday, James Colter, a founding member of Mr. Harriss PureMovement company known as Cricket, leads a bantaba hip-hop class.
"," On Friday, James Coulter, a founding member of Mr. Full Stop Harry's Pure Movement Company, known as Crickets, leads a Bantaba hip-hifing all-class full stop.",on friday james colter a founding member of mister harriss puremovement company known as cricket leads a bantaba hip hop class,on friday james coulter a founding member of mister full stop harry is pure movement company known as crickets leads a bantaba hip hifing all class full stop
yoruba,clinical,"Occasionally ,  aphthae start when smoking is given up.
"," Okay, Shonali, I've just asked, my smoking is giving up.",occasionally aphthae start when smoking is given up,okay shonali i have just asked my smoking is giving up
yoruba,clinical,Three to four circumferential interrupted sutures anchor the anterior layer of the mesh to the inguinal canal floor., The ridge-for circumfessional interlock sutures anchor the anterior layer of the mesh to the iguana canal floor.,3 to 4 circumferential interrupted sutures anchor the anterior layer of the mesh to the inguinal canal floor,the ridge for circumfessional interlock sutures anchor the anterior layer of the mesh to the iguana canal floor
yoruba,general,"You were admitted to Hospital Nzubechukwu in Port Harcourt city on Tuesday 18 November, 1986 with episodes of somnolence.
", You were admitted to Hospital Nzubechopo in Port Harcourt City on Tuesday 18 November 1986 with episodes of Somnolence.,you were admitted to hospital nzubechukwu in port harcourt city on tuesday 18 november 1986 with episodes of somnolence,you were admitted to hospital nzubechopo in port harcourt city on tuesday 18 november 1986 with episodes of somnolence
yoruba,clinical,"Displaced fracture of left tibial spine, subsequent encounter for open. TABLET, ORAL OLANZAPINE, OLANZAPINE, 5MG. Blister (nonthermal), right knee, subsequent encounter", Displaced fracture of left tibial spine. Subsequent encounter for opon. Tablet. Oral olanzapine. Olanzapine 5 mg. Blister non-thermal. Right knee subsequent encounter.,displaced fracture of left tibial spine subsequent encounter for open tablet oral olanzapine olanzapine 5 mg blister right knee subsequent encounter,displaced fracture of left tibial spine subsequent encounter for opon tablet oral olanzapine olanzapine 5 mg blister non thermal right knee subsequent encounter
yoruba,general,"NGO celebrates 10th anniversary, launches childrens library in Ibadan
"," NGO celebrates 10th anniversary, launches children's library in Ibadan.",ngo celebrates 10th anniversary launches childrens library in ibadan,ngo celebrates 10th anniversary launches children is library in ibadan
yoruba,general,"She was in love with a young man .
", She was in love with a young man for Stoke.,she was in love with a young man,she was in love with a young man for stoke
yoruba,clinical,qxd  22309  5:24 PM  Page 18 Obstetrician gynecologists should review their patients risk factors annually and assess the need for retesting., Obstetrician-gynecologist should review their patient's risk factors annually and assess the need for retesting.,qxd 22309 5 24 pm page 18 obstetrician gynecologists should review their patients risk factors annually and assess the need for retesting,obstetrician gynecologist should review their patient is risk factors annually and assess the need for retesting
yoruba,general,"The UK governments Culture Recovery Fun announced 10 days ago specified that Secret Cinema was to receive an allocation of 977,000.
"," The UK government's Cultural Recovery Fund announced 10 days ago specified that secret cinema was to receive an allocation of $977,000.",the uk governments culture recovery fun announced 10 days ago specified that secret cinema was to receive an allocation of 977000,the uk government is cultural recovery fund announced 10 days ago specified that secret cinema was to receive an allocation of $977000
yoruba,general,"Planner: lajetfete
", Planner-Lajefati,planner lajetfete,planner lajefati
yoruba,clinical,"Because of its ability to slow cardiac conduction,disopyramide is not indicated for the treatment of digitalis-induced ventricular arrhythmias."," Because of its ability to slow cardiac conduction, disoperamide is not indicated for the treatment of digitalis-induced ventricular arrhythmias.",because of its ability to slow cardiac conduction disopyramide is not indicated for the treatment of digitalis induced ventricular arrhythmias,because of its ability to slow cardiac conduction disoperamide is not indicated for the treatment of digitalis induced ventricular arrhythmias
yoruba,general,"Massie 1967, p. 135 The younger sisters, Maria and Anastasia, were known as The Little Pair.", The younger sister were known as the little peer.,massie 1967 p 135 the younger sisters maria and anastasia were known as the little pair,the younger sister were known as the little peer
yoruba,general,"It acquires, develops, produces, and distributes movies and produces television programming."," It acquires, develops, produces, distributes movies and produces television programs.",it acquires develops produces and distributes movies and produces television programming,it acquires develops produces distributes movies and produces television programs
yoruba,general,"During a news conference on Tuesday, Dr. Mandy Cohen said the states four key COVID-19 metrics are stabilizing, and some are even beginning to decline.
"," During a news conference on Tuesday, Dr. Mandy Cohen said the state's four key COVID-19 metrics are stabilizing and some are even beginning to decline full stop.",during a news conference on tuesday doctor mandy cohen said the states 4 key covid 19 metrics are stabilizing and some are even beginning to decline,during a news conference on tuesday doctor mandy cohen said the state is 4 key covid 19 metrics are stabilizing and some are even beginning to decline full stop
yoruba,clinical,1. Prematurity triplet number two ., 1. Prematurity Triplet 2.,one prematurity triplet number 2,one prematurity triplet 2
yoruba,clinical,Disp: 168 gms Refills: 06., disp 168 gms refuse zero c's,disp 168 gms refills 6,disp 168 gms refuse 0 c is
yoruba,clinical,ENG is the gold standard for detecting unilateral peripheral vestibular disorders.," ENG is the gold standard for detecting unilateral peripheral vestibular disorders, FUSTOB.",eng is the gold standard for detecting unilateral peripheral vestibular disorders,eng is the gold standard for detecting unilateral peripheral vestibular disorders fustob
yoruba,clinical,From the trabeculae arise small branches called central arterioles., From the trabeculae arise small branches called central arterioles.,from the trabeculae arise small branches called central arterioles,from the trabeculae arise small branches called central arterioles
yoruba,clinical,P: Cont to encourage parental calls and visits cont with dc instruction.," P. Coulomb, continue to encourage parental calls and visits continuously with this instruction. Stop.",p cont to encourage parental calls and visits cont with dc instruction,p coulomb continue to encourage parental calls and visits continuously with this instruction stop
yoruba,general,"Some fan accounts have even become registered nonprofits, with dozens of administrators spread around the world putting in nearly full-time work on top of their day jobs.
"," Some fan accounts have even become registered non-profits, with dozens of administrators spread around the world, putting in nearly full-time work on top of their day jobs, full stop.",some fan accounts have even become registered nonprofits with dozens of administrators spread around the world putting in nearly full time work on top of their day jobs,some fan accounts have even become registered non profits with dozens of administrators spread around the world putting in nearly full time work on top of their day jobs full stop
yoruba,clinical,qxd  22309  5:24 PM  Page 16The findings elicited from the history and physical examinationand results of laboratory tests help guide interventions and counseling and may reveal additional risks that require targeted screening or evaluation.," PM2H16, the endings, edits from the DHP, and typical examinations and results of laboratory tests help guide interventions of company and may reveal additional risks that require targeted screening or evaluation.",qxd 22309 5 24 pm page 16 the findings elicited from the history and physical examinationand results of laboratory tests help guide interventions and counseling and may reveal additional risks that require targeted screening or evaluation,pm 2 h 16 the endings edits from the dhp and typical examinations and results of laboratory tests help guide interventions of company and may reveal additional risks that require targeted screening or evaluation
yoruba,general,"The event might not be taking place physically, but you can still Join The Fun online at Virtual Windsor."," The event might not be taking place physically, but you can still join the fun online at virtualwindstop.com.",the event might not be taking place physically but you can still join the fun online at virtual windsor,the event might not be taking place physically but you can still join the fun online at virtualwindstop com
yoruba,clinical,Reason: post-op cranioplasty please check for bleeding please do wi Admitting Diagnosis: SUBDURAL HEMORRAGE/SDA, reason post-op post-op chronic plastic please check for bleeding please do we admitting diagnosis of brain marriage,reason post op cranioplasty please check for bleeding please do wi admitting diagnosis subdural hemorrage sda,reason post op post op chronic plastic please check for bleeding please do we admitting diagnosis of brain marriage
yoruba,clinical,"Defects in the IL-7 receptor, ZAP-70, and subunits of the CD3 molecule result in a deciency of T cells with normal B-cell and NK-cell numbers."," Defects in the interleukin-7 receptor, zeta chain-associated protein kinase 70, and the subunits of the cluster differentiation 3 molecule result in a decency of T cells with normal B and natural killer cell numbers. Full stop.",defects in the il 7 receptor zap 70 and subunits of the cd 3 molecule result in a deciency of t cells with normal b cell and nk cell numbers,defects in the interleukin 7 receptor zeta chain associated protein kinase 70 and the subunits of the cluster differentiation 3 molecule result in a decency of t cells with normal b and natural killer cell numbers full stop
yoruba,general,"It was bought in July 2017 by Peter  Minsu Lu, according to documents obtained by SaharaReporters.
"," It was bought in July 2017 by Peter Minsulu, according to the document obtained by Sahara Reporters Fullstop.",it was bought in july 2017 by peter minsu lu according to documents obtained by saharareporters,it was bought in july 2017 by peter minsulu according to the document obtained by sahara reporters fullstop
yoruba,general,"Dr Tambara Ikpeama speaking. Next line. patient Iyeala is here to discuss other interventions including surgery
"," Dr. Tambarai came as speaking. Next line, full stop. Patient Iyala is here to discuss other interventions including surgery.",doctor tambara ikpeama speaking next line patient iyeala is here to discuss other interventions including surgery,doctor tambarai came as speaking next line full stop patient iyala is here to discuss other interventions including surgery
yoruba,general,"Oppo may soon launch two new truly wireless earbuds, a rumour fuelled by the discovery of a patent application that features new designs."," Apple may soon launch two new truly wireless earbuds, a rumor foiled by the discovery of a patent application that features new designs for stock.",oppo may soon launch 2 new truly wireless earbuds a rumor fuelled by the discovery of a patent application that features new designs,apple may soon launch 2 new truly wireless earbuds a rumor foiled by the discovery of a patent application that features new designs for stock
yoruba,clinical,NOSPITS MAX ASPIRATE3.6CC., no speech mass aspirate dot CCC,nospits max aspirate 3.6 cc,no speech mass aspirate dot ccc
yoruba,general,Critical and scholarly response, critical and scholarly response.,critical and scholarly response,critical and scholarly response
yoruba,general,"It was gathered that Samad, who is an internet fraudster, opened the academy in a three-bedroom flat and was training young men in the art of defrauding people in the apartment which he was said to have rented for the sum of N3 million per annum.
"," It was gathered that Samad, who is an internet fraudster, opened the academy in a three-hifing bedroom flat and was training young men in the art of defrauding people in the apartment which he was said to have rented for the sum of three million naira per annum.",it was gathered that samad who is an internet fraudster opened the academy in a 3 bedroom flat and was training young men in the art of defrauding people in the apartment which he was said to have rented for the sum of n 3000000 per annum,it was gathered that samad who is an internet fraudster opened the academy in a 3 hifing bedroom flat and was training young men in the art of defrauding people in the apartment which he was said to have rented for the sum of 3000000 naira per annum
yoruba,general,"The church on the state of the nation
", The Church on the State of the Nation.,the church on the state of the nation,the church on the state of the nation
yoruba,clinical,"These results indicate that the vagal sparing esophagectomy procedure does indeed preserve the vagal nerves, and may be considered in the treatment of benign and early malignant lesions requiring esophagectomy."," These results indicate that the vagal sparing esophagectomy procedure does indeed preserve vagal nerves, coma, and may be considered in the treatment of benign and early malignant lesions requiring esophagectomy to stop.",these results indicate that the vagal sparing esophagectomy procedure does indeed preserve the vagal nerves and may be considered in the treatment of benign and early malignant lesions requiring esophagectomy,these results indicate that the vagal sparing esophagectomy procedure does indeed preserve vagal nerves coma and may be considered in the treatment of benign and early malignant lesions requiring esophagectomy to stop
yoruba,general,"Meanwhile, stay away from social media.
"," Meanwhile, stay away from social media. Full stop.",meanwhile stay away from social media,meanwhile stay away from social media full stop
yoruba,clinical,"Such reactions maybe avoided by dietary restrictions, see Specimen."," Such reactions may be avoided by dietary restrictions, sea specimens,",such reactions maybe avoided by dietary restrictions see specimen,such reactions may be avoided by dietary restrictions sea specimens
yoruba,general,"I love working out, going to the beach, watching movies and spending time with my wife and dogs.
"," I love walking out, going to beach, watching movies and spending time with my wife and dogs full stop.",i love working out going to the beach watching movies and spending time with my wife and dogs,i love walking out going to beach watching movies and spending time with my wife and dogs full stop
yoruba,general,"Angel BBNaijaReunion BBNaija BBNaijaShineYaEye pic.twitter.comw6lugdnNsa
", I enjoy Big Brother Nigeria. Big Brother Nigeria. Big Brother Nigeria.,angel bbnaijareunion bbnaija bbnaijashineyaeye pic twitter comw 6 lugdnnsa,i enjoy big brother nigeria big brother nigeria big brother nigeria
yoruba,clinical,It has been suggested that these drugs may act by stimulating afferent nerves to initiate a reex increase in gut motility., It has been suggested that these drugs may act by stimulating afferent nerves to initiate a risk increase in gut motility.,it has been suggested that these drugs may act by stimulating afferent nerves to initiate a reex increase in gut motility,it has been suggested that these drugs may act by stimulating afferent nerves to initiate a risk increase in gut motility
yoruba,general,"This guy goes around in the 70s or whenever, hes this big time football player, but he does needlepoint and gives zero fucks about what anyone thinks about him doing needlepoint.
"," This guy goes around in the 70s or whenever, he's just big time football player, but he does needlepoint and gives a real fucks about what anyone thinks about him doing needlepoint, full stop.",this guy goes around in the 70s or whenever hes this big time football player but he does needlepoint and gives 0 fucks about what anyone thinks about him doing needlepoint,this guy goes around in the 70s or whenever he is just big time football player but he does needlepoint and gives a real fucks about what anyone thinks about him doing needlepoint full stop
yoruba,general,Nigerians’ anger and the coming darkness," Nigerians, I think, anger and the coming darkness.",nigerians anger and the coming darkness,nigerians i think anger and the coming darkness
yoruba,general,CH sounds like the KH in Ayatollah Khoumeini., This sounds like the cage in Ayatollah Khomeini's house.,ch sounds like the kh in ayatollah khoumeini,this sounds like the cage in ayatollah khomeini is house
yoruba,clinical,Received hydralazine x1 for sbp > 180., received Hydralaxine one times for systolic blood pressure greater than 180.,received hydralazine x one for sbp 180,received hydralaxine one times for systolic blood pressure greater than 180
yoruba,general,"A very common disease was discovered in Akpawfu by Ekiye and Motinola scientists at Katsina university from 1998 to 2006.
"," A very common disease was discovered in Akwafu by Ekiye, a Motenola scientist at Kasena University from 1998 to 2006.",a very common disease was discovered in akpawfu by ekiye and motinola scientists at katsina university from 1998 to 2006,a very common disease was discovered in akwafu by ekiye a motenola scientist at kasena university from 1998 to 2006
yoruba,general,"We are a very reliably Republican state especially in a presidential election year.
"," We are very reliably Republican states, especially in a presidential election year, full stop.",we are a very reliably republican state especially in a presidential election year,we are very reliably republican states especially in a presidential election year full stop
yoruba,general,"The artiste faced 11 charges bordering on alleged credit card fraud contrary to Money Laundering Prohibition Act and the Cyber Crimes Act.
"," The artist faced 11 charges bordering on alleged credit card fraud, contrary to Money Laundry Prohibition Act and the Cyber Crimes Act,",the artiste faced 11 charges bordering on alleged credit card fraud contrary to money laundering prohibition act and the cyber crimes act,the artist faced 11 charges bordering on alleged credit card fraud contrary to money laundry prohibition act and the cyber crimes act
yoruba,clinical,"The condition usually results from a longstanding preceding causes, e.", The condition usually results from a long-standing preceding course. E.,the condition usually results from a longstanding preceding causes e,the condition usually results from a long standing preceding course e
yoruba,clinical,acidosis with compensation good oxygenation., Acidosis with compensation good oxygenation.,acidosis with compensation good oxygenation,acidosis with compensation good oxygenation
yoruba,general,"He has got the vigour to accomplish what is required and everybody wants to be part of the show.
", He has got the vigor to accomplish what is required and everybody wants to be part of the show. Full stop.,he has got the vigor to accomplish what is required and everybody wants to be part of the show,he has got the vigor to accomplish what is required and everybody wants to be part of the show full stop
yoruba,clinical,"Laboratory examination reveals leucocytosis, elevated serum alkaline phosphatase, hypoalbuminaemia and a positive blood culture."," Laboratory examination reviews leukocytosis, elevated serum alkaline phosphatase, hypoalbuminemia, and a positive blood culture.",laboratory examination reveals leucocytosis elevated serum alkaline phosphatase hypoalbuminaemia and a positive blood culture,laboratory examination reviews leukocytosis elevated serum alkaline phosphatase hypoalbuminemia and a positive blood culture
yoruba,general,"He threw some really good pitches, Roenicke said, per the team.
", it threw some really good fishes come on runic says gonna power the team who stalk,he threw some really good pitches roenicke said per the team,it threw some really good fishes come on runic says going to power the team who stalk
yoruba,clinical,Skull base foramen should be closely examined for enlargement that may be suggestive of perineural invasion.," Skull-based foramen should be closely examined for enlargements that may be suggestive of perineural invasion, FUSTO.",skull base foramen should be closely examined for enlargement that may be suggestive of perineural invasion,skull based foramen should be closely examined for enlargements that may be suggestive of perineural invasion fusto
yoruba,clinical,"Use mechanical devices, such as lifts, slides, transfer chairs, or gait belts, for moving patients."," use technical devices such as leaps, slides, transfer chairs, or gate bells for moving machines to stores.",use mechanical devices such as lifts slides transfer chairs or gait belts for moving patients,use technical devices such as leaps slides transfer chairs or gate bells for moving machines to stores
yoruba,clinical,"ese marker chromosomes sometimes are associated with mental retardation and other abnormalities, and other times they have no apparent phenotypic eects.
"," These marker chromosomes sometimes are associated with mental retardation and other abnormalities, comma, and other times they have no apparent phenotypic acts, full stop.",ese marker chromosomes sometimes are associated with mental retardation and other abnormalities and other times they have no apparent phenotypic eects,these marker chromosomes sometimes are associated with mental retardation and other abnormalities comma and other times they have no apparent phenotypic acts full stop
yoruba,clinical,Most causes of conductive hearing loss can be medically or surgically corrected they can be improved or resolved with treatment and without use of a hearing aid., Most causes of conductive hearing loss can be medically or surgically corrected. They can be improved or resolved with treatment and without use of a hearing aid. Full stop.,most causes of conductive hearing loss can be medically or surgically corrected they can be improved or resolved with treatment and without use of a hearing aid,most causes of conductive hearing loss can be medically or surgically corrected they can be improved or resolved with treatment and without use of a hearing aid full stop
yoruba,general,"Meanwhile, Johnson said on April 15, 2022, the police unit was alerted to the risk and possible hack of the server of a non-interest financial institution located in Lagos State.
"," Meanwhile, Johnson said on April 15, 2022, the police unit was allotted to the risk and possible act of the service of a non-interest financial institution located in Lagos State, Fustok.",meanwhile johnson said on april 15 2022 the police unit was alerted to the risk and possible hack of the server of a non interest financial institution located in lagos state,meanwhile johnson said on april 15 2022 the police unit was allotted to the risk and possible act of the service of a non interest financial institution located in lagos state fustok
yoruba,general,"To people, playing on the cultist image is simply rough play.
"," To people, playing on the curtain's image is simply a way of playing, full stop.",to people playing on the cultist image is simply rough play,to people playing on the curtain is image is simply a way of playing full stop
yoruba,general,"Again, freedom of expression is one of the fundamental rights of the citizen which an Islamic State must respect.
"," Again, freedom of expression is one of the fundamental rights of the citizen which an Islamic state must respect full stop.",again freedom of expression is one of the fundamental rights of the citizen which an islamic state must respect,again freedom of expression is one of the fundamental rights of the citizen which an islamic state must respect full stop
yoruba,clinical,Similarly women with large cancers that occupy the subareolar and central portions of the breast and women with multicentric primary cancers also undergo mastectomy.," Similarly, women with large cancers that occupy the subareolar and central portions of the breast and women with multicentric primary cancers also undergo mastectomy, full stop.",similarly women with large cancers that occupy the subareolar and central portions of the breast and women with multicentric primary cancers also undergo mastectomy,similarly women with large cancers that occupy the subareolar and central portions of the breast and women with multicentric primary cancers also undergo mastectomy full stop
yoruba,general,Laughter is different as it leaves you feeling better and hopeful., Blaster is different as it leaves you feeling better and hopeful for,laughter is different as it leaves you feeling better and hopeful,blaster is different as it leaves you feeling better and hopeful for
yoruba,general,"Obviously, it is no longer a priority for the Federal Government.
"," Obviously, it is not a priority for the federal government",obviously it is no longer a priority for the federal government,obviously it is not a priority for the federal government
yoruba,general,"Jeenbekovs previous decree declaring a state of emergency in Bishkek was signed Friday, when a protest in the city turned violent and gunshots were fired at several political leaders.
"," Gene, Bikov's previous decree declaring a state of emergency in Bishkek was signed Friday, when a protest in the city turned violent and gunshots were fired at several political leaders. Full stop.",jeenbekovs previous decree declaring a state of emergency in bishkek was signed friday when a protest in the city turned violent and gunshots were fired at several political leaders,gene bikov is previous decree declaring a state of emergency in bishkek was signed friday when a protest in the city turned violent and gunshots were fired at several political leaders full stop
yoruba,general,"Dr Kenechukwu neonatal Intensive care unit (ICU) aware and Dr Ndukari Surgery notified. 07/07/2026
"," Dr. Kenetuku Nyonata Intensive Care Unit, open brackets, ICU, close bracket, aware, and Dr. Undukari Surgery Notified, full stop, 7th of July, 2026.",doctor kenechukwu neonatal intensive care unit aware and doctor ndukari surgery notified 7 7 2026,doctor kenetuku nyonata intensive care unit open brackets icu close bracket aware and doctor undukari surgery notified full stop 7th of july 2026
yoruba,general,"We are working on elevating the condition of our secondary healthcare facilities.
"," We are working on elevating the condition of our secondary healthcare facilities, full stop.",we are working on elevating the condition of our secondary healthcare facilities,we are working on elevating the condition of our secondary healthcare facilities full stop
yoruba,clinical,2019-02-01 ( 4 of 4 bottles ) E.coli, 2019 02 01 four of four bottles equally,2019 2 one e coli,2019 2 14 of 4 bottles equally
yoruba,general,"My father christened me Oluwaremilekun because my elder brother was 17 years older than me and 14 years older than my elder sister.
", My father christened me Oluware Mileku because my elder brother was 17 years older than me and 14 years older than my elder sister. Please stop.,my father christened me oluwaremilekun because my elder brother was 17 years older than me and 14 years older than my elder sister,my father christened me oluware mileku because my elder brother was 17 years older than me and 14 years older than my elder sister please stop
yoruba,general,"Answer me when I call to you, my righteous God.
"," Answer me when I call to you, my righteous God. Full stop.",answer me when i call to you my righteous god,answer me when i call to you my righteous god full stop
yoruba,clinical,Will re-attempt LP unsuccessfal last night., Will Riyad James LB unsuccessful last night full stop?,will re attempt lp unsuccessfal last night,will riyad james lb unsuccessful last night full stop
yoruba,clinical,CV: Murmur audible.," Sivi, Momo, Hodibu.",cv murmur audible,sivi momo hodibu
yoruba,clinical,"In the past, these patients have received prophylactic antibiotics prior to dental extraction."," In the past, these patients have received prophylactic antibiotic spirits to dental extraction full stop.",in the past these patients have received prophylactic antibiotics prior to dental extraction,in the past these patients have received prophylactic antibiotic spirits to dental extraction full stop
yoruba,general,"School zones are marked with lights or traffic signs, so drivers need to be alert, obey speed limits and avoid distractions.
"," School zones are marked with lights or traffic signs, so drivers need to be alert, obey speed limits and avoid distractions for stops.",school zones are marked with lights or traffic signs so drivers need to be alert obey speed limits and avoid distractions,school zones are marked with lights or traffic signs so drivers need to be alert obey speed limits and avoid distractions for stops
yoruba,general,"XMax can be traded on the following cryptocurrency exchanges: Graviex, OTCBTC, ABCC, Coinrail, CryptoBridge, Hotbit, DDEX, HADAX and FCoin.", XNAS can be traded on the following cryptocurrency exchanges.,xmax can be traded on the following cryptocurrency exchanges graviex otcbtc abcc coinrail cryptobridge hotbit ddex hadax and fcoin,xnas can be traded on the following cryptocurrency exchanges
yoruba,clinical,Between 10 and 40 of women with untreated chlamydial or gonorrheal infections of the cervix will develop acute PID.," Between 10 and 40 of women with untreated chlamydial or gonorrheal infections of the cervix will develop acute PID, full stop.",between 10 and 40 of women with untreated chlamydial or gonorrheal infections of the cervix will develop acute pid,between 10 and 40 of women with untreated chlamydial or gonorrheal infections of the cervix will develop acute pid full stop
yoruba,general,"Since then, theyve been battered by Aston Villa, held to a goalless draw by Leeds United and punished for failing to take their chances by Wolves in a 2-1 home loss."," Since then, they have been battered by Aston Villa, held to a goalless draw by Leeds United and punished for failing to take their chances by Wolves in a 2-1 home loss post-op.",since then theyve been battered by aston villa held to a goalless draw by leeds united and punished for failing to take their chances by wolves in a 2 one home loss,since then they have been battered by aston villa held to a goalless draw by leeds united and punished for failing to take their chances by wolves in a 2 one home loss post op
yoruba,clinical,02/25/2001 12:00:00 AM," on the 25th of February, 2001, by 12 a.m.",2 25 2001 12 0 0 am,on the 25th of february 2001 by 12 a m
yoruba,general,Her fiance Mr. Olawatuyi Durojaye was called to the first aid room at 2: 33 pm on 08/06/1999," A fiancé, Mr. Olawatui Du Hojaye, was called to the first aid room at 2.33 p.m. on 8th of June, 1999.",her fiance mister olawatuyi durojaye was called to the 1st aid room at 2 33 pm on 8 6 1999,a fiance mister olawatui du hojaye was called to the 1st aid room at 2.33 p m on 8th of june 1999
yoruba,clinical,Basophilia is unusual and is found in the following conditions: 1., Basophilia is unusual and is found in the following conditions. 1.,basophilia is unusual and is found in the following conditions one,basophilia is unusual and is found in the following conditions one
yoruba,general,"If observed, it will only be one of these states but when not being watched, it could be every possibility available to it.
"," If observed, it will only be one of these states, but when not being watched, it could be very possibility available to eat foodstuff.",if observed it will only be one of these states but when not being watched it could be every possibility available to it,if observed it will only be one of these states but when not being watched it could be very possibility available to eat foodstuff
yoruba,clinical,Will evaluate electrolytes and bili this evening., We will evaluate electrolytes and bilirubin this evening.,will evaluate electrolytes and bili this evening,we will evaluate electrolytes and bilirubin this evening
yoruba,general,"Mrs Duruaku Chukwualuka is a 40yr old who resides at 33, Zaria street, Okene state. She is Ibo or Hausa, Christian or Muslim with 2 previous cesarean sections. Last mestrual period was 22/11/2022
"," Mrs. Juwa Kuchuka Luka is a 40-year-old who resides at 33 Ujara Street, Okinawa State. She is Igbo or Usa, Christian or Muslim, with two previous cesarean sections. Last measure period was 22-11-2022.",missus duruaku chukwualuka is a 40 yr old who resides at 33 zaria street okene state she is ibo or hausa christian or muslim with 2 previous cesarean sections last mestrual period was 22 11 2022,missus juwa kuchuka luka is a 40 year old who resides at 33 ujara street okinawa state she is igbo or usa christian or muslim with 2 previous cesarean sections last measure period was 22 11 2022
yoruba,general,"Local employees of the North Dakota Department of Human Services Division of Vocational Rehabilitation, Tami Froelich and Jerry Severson, have received awards for their work.
"," Local employees of the North Dakota Department of Human Services Division of Vocational Rehabilitation, comma, Tammy Froelich and Jerry Severson, comma, have received awards for their work full stop.",local employees of the north dakota department of human services division of vocational rehabilitation tami froelich and jerry severson have received awards for their work,local employees of the north dakota department of human services division of vocational rehabilitation comma tammy froelich and jerry severson comma have received awards for their work full stop
yoruba,general,"As the sub-theme is sustainability, there will also be locally sourced produce that promotes wellness and sustainably.
"," As the sub-theme is sustainability, there will also be locally sourced produce that promotes wellness and sustainability, full stop.",as the sub theme is sustainability there will also be locally sourced produce that promotes wellness and sustainably,as the sub theme is sustainability there will also be locally sourced produce that promotes wellness and sustainability full stop
yoruba,general,"Nzubechukwu Dahunsi is a 52 yo male admitted yesterday to Ikot-Abasi TSICU after falling down the stairs in the setting of alcohol intoxication.
", Nzubechukwu Tahon says a 50-year-old male admitted yesterday to eco-saving advocacy to the ICU after falling down the stairs in the setting of alcohol intoxication full stop.,nzubechukwu dahunsi is a 52 yo male admitted yesterday to ikot abasi tsicu after falling down the stairs in the setting of alcohol intoxication,nzubechukwu tahon says a 50 year old male admitted yesterday to eco saving advocacy to the icu after falling down the stairs in the setting of alcohol intoxication full stop
yoruba,general,"The United Arab Emirates President Sheikh Khalifa bin Zayed Al-Nahyan died aged 73 on Friday, state media said, after battling illness for several years.
"," The United Arab Emirates President Sheikh Khalifa bin Zayed Al Haifa Nayan died aged 73 on Friday, states media said, after battling illness for several years.",the united arab emirates president sheik khalifa bin zayed al nahyan died aged 73 on friday state media said after battling illness for several years,the united arab emirates president sheik khalifa bin zayed al haifa nayan died aged 73 on friday states media said after battling illness for several years
yoruba,general,"The survey hopes to understand the type of creative works people use, how and when they access it, what they look for, and how much creative work has been generated over the last five years.
"," The survey hopes to understand the type of creative works people use, how and when they access it, what they look for, and how much creative work has been generated over the last five years.",the survey hopes to understand the type of creative works people use how and when they access it what they look for and how much creative work has been generated over the last 5 years,the survey hopes to understand the type of creative works people use how and when they access it what they look for and how much creative work has been generated over the last 5 years
yoruba,general,"DiamondXtra Season 14 promo: Access Bank sets aside  N270m rewards for loyal customers
", Diamond Extra 2013 Promo Column Asset Bank Set Aside 270 Millionaire Rewards For Lawyer Customers,diamondxtra season 14 promo access bank sets aside n 270 m rewards for loyal customers,diamond extra 2013 promo column asset bank set aside 270 millionaire rewards for lawyer customers
yoruba,clinical,Sickle cell/hemoglobin H disease., sickle cell slash hemoglobin H disease,sickle cell hemoglobin h disease,sickle cell slash hemoglobin h disease
yoruba,general,"The chairman said the PTF was escalating its surveillance and testing drive to ensure containment of the virus ahead of Christmas season for the safety and health of the citizens.
", The chairman said the PTF was escalating its surveillance and testing drive to ensure containment of the virus ahead of Christmas season for the safety and health of the citizens.,the chairman said the ptf was escalating its surveillance and testing drive to ensure containment of the virus ahead of christmas season for the safety and health of the citizens,the chairman said the ptf was escalating its surveillance and testing drive to ensure containment of the virus ahead of christmas season for the safety and health of the citizens
yoruba,general,"INEC Lists Five Challenges Ahead Of 2023 Elections
", I net least five challenges ahead of 2023 elections.,inec lists 5 challenges ahead of 2023 elections,i net least 5 challenges ahead of 2023 elections
yoruba,clinical,There may be limitation of condylar movement.," there may be limitation of condylar movement, full stop.",there may be limitation of condylar movement,there may be limitation of condylar movement full stop
yoruba,general,Much like you feel about theirs., much like you feel about this free stop,much like you feel about theirs,much like you feel about this free stop
yoruba,clinical,More conspicious uptake in the left tibia which may be related to venous stasis disease.," More conspicuous uptake in the left tibia, which may be related to venous stasis disease. Full stop.",more conspicious uptake in the left tibia which may be related to venous stasis disease,more conspicuous uptake in the left tibia which may be related to venous stasis disease full stop
yoruba,general,"She was transferred to Hospital Elmina for further care, as Dr Ahwoojah Appan suggested
"," She was transferred to Hospital Elmina for further care, as Dr. Awuja Akpan suggested.",she was transferred to hospital elmina for further care as doctor ahwoojah appan suggested,she was transferred to hospital elmina for further care as doctor awuja akpan suggested
yoruba,general,"The insecurity in this country has shown us how fragile we all are. Gods sanctuary was desecrated as Owo cried blood yesterday.
", The insecurity in this country has shown us how fragile we all are. God's sanctuary was desecrated as who cried bloodily,the insecurity in this country has shown us how fragile we all are gods sanctuary was desecrated as owo cried blood yesterday,the insecurity in this country has shown us how fragile we all are god is sanctuary was desecrated as who cried bloodily
yoruba,general,"Its time to stop settling for the status quo.
", It's time to stop settling for status quo. Full stop.,its time to stop settling for the status quo,it is time to stop settling for status quo full stop
yoruba,clinical,s / p ventral hernia repair, S slash P ventral hernia repair.,s p ventral hernia repair,s slash p ventral hernia repair
yoruba,clinical,"Etiology: Possibly autoimmune association. Extrahepatic biliary Possibly autoimmune association with other autoimmune diseases obstruction, biliary atresia with inflammatory  bowel disease 2."," etiology, possibly autoimmune association, extrahepatic biliary, possibly autoimmune association with other autoimmune diseases, obstruction biliary atresia with inflammatory bowel disease, two full stop.",etiology possibly autoimmune association extrahepatic biliary possibly autoimmune association with other autoimmune diseases obstruction biliary atresia with inflammatory bowel disease 2,etiology possibly autoimmune association extrahepatic biliary possibly autoimmune association with other autoimmune diseases obstruction biliary atresia with inflammatory bowel disease 2 full stop
yoruba,clinical,During a PICC line placement the patient received4 micrograms of Fentanyl after which he became apneic; 0.4 mg of Narcan were administered with the resolution of the apnea.," During a PICC line placement, the patient received 4 micrograms of fentanyl after which he became apneic. 0.4 mg of Narcan were administered with the resolution of the apnea.",during a picc line placement the patient received 4 micrograms of fentanyl after which he became apneic 0.4 mg of narcan were administered with the resolution of the apnea,during a picc line placement the patient received 4 micrograms of fentanyl after which he became apneic 0.4 mg of narcan were administered with the resolution of the apnea
yoruba,clinical,CON'T TO SUCTION THICK TAN SECRETIONS., continue to sanction thick tan secretions.,co not to suction thick tan secretions,continue to sanction thick tan secretions
yoruba,clinical,"cruziin Giemsa stained thin blood lm.
", Cruising Gelsa stint in blood I am fused up,cruziin giemsa stained thin blood lm,cruising gelsa stint in blood i am fused up
yoruba,general,"She is currently working with her team to use the human-centred design approaches to co-design and co-disseminate targeted messages to improve the COVID-19 vaccine uptake among hesitant healthcare workers and eligible adults in Nigeria.
"," She is currently working with her team to use the human-centered design approaches to co-design and co-disseminate targeted messages to improve the COVID-19 vaccine uptake among hesitant healthcare workers and eligible adults in Nigeria, full stop.",she is currently working with her team to use the human centered design approaches to co design and co disseminate targeted messages to improve the covid 19 vaccine uptake among hesitant healthcare workers and eligible adults in nigeria,she is currently working with her team to use the human centered design approaches to co design and co disseminate targeted messages to improve the covid 19 vaccine uptake among hesitant healthcare workers and eligible adults in nigeria full stop
yoruba,general,Galvani invented batteries which is probably the most important thing which he has made., Ghaffani invented batteries which is probably the most important thing which he has made full stop,galvani invented batteries which is probably the most important thing which he has made,ghaffani invented batteries which is probably the most important thing which he has made full stop
yoruba,clinical,"Now, Ewings sarcoma includes 3variants: (i)classic skeletal Ewings sarcomai (ii) soft tissue Ewings sarcoma and (iii) primitive neuroectodermal tumour PNET."," Now, Ewing sarcoma includes three variants, colon, eye, classic skeletal Ewing sarcoma, eye-eye, soft tissue Ewing sarcoma, and eye-eye-eye, primitive neuroectodermal tumor, PNET, full stop.",now ewings sarcoma includes 3 variants classic skeletal ewings sarcomai soft tissue ewings sarcoma and primitive neuroectodermal tumor pnet,now ewing sarcoma includes 3 variants colon eye classic skeletal ewing sarcoma eye eye soft tissue ewing sarcoma and eye eye eye primitive neuroectodermal tumor pnet full stop
yoruba,general,On the 24hrs operations of airports, on the 24 hours operations of airports.,on the 24 hrs operations of airports,on the 24 hours operations of airports
yoruba,general,"His commitment to progress and advancement would be greatly missed, he said.
"," His commitment to progress and advancement would be greatly missed, he said, full stop.",his commitment to progress and advancement would be greatly missed he said,his commitment to progress and advancement would be greatly missed he said full stop
yoruba,general,"Dr Nwigwe Chiege speaking. Next line. Patient has tried activity modification, physiotherapy, and analgesics with no improvment. Next line
"," Dr. Uwe Gwe Chiege speaking. Full stop. Next line. Full stop. Patient has tried activity modification, physiotherapy, and analgesics with no improvement. Full stop. Next line.",doctor nwigwe chiege speaking next line patient has tried activity modification physiotherapy and analgesics with no improvment next line,doctor uwe gwe chiege speaking full stop next line full stop patient has tried activity modification physiotherapy and analgesics with no improvement full stop next line
yoruba,general,"The parties further agreed to work together to successfully execute the project to international standards.
", parties for our agreed to work together to successfully execute the project of international standards.,the parties further agreed to work together to successfully execute the project to international standards,parties for our agreed to work together to successfully execute the project of international standards
yoruba,general,Bellanaija is a media partner for The Pride Women Conference, Bell Ninja is the media partner for the Bride Women Conference.,bellanaija is a media partner for the pride women conference,bell ninja is the media partner for the bride women conference
yoruba,clinical,"Journal of ClinicalPsychiatry 64:1048-1056, 2003Popper CW: Antidepressants in the treatment of attention-decithyperactivity disorder.
"," Journal of Clinical Psychiatry, 64, 1048-1056, 2003, Popper C.W., Colon, Antidepressants in the Treatment of Attention-Decid Hyperactivity Disorder, Full Stop.",journal of clinicalpsychiatry 64 1048 1056 2003 popper cw antidepressants in the treatment of attention decithyperactivity disorder,journal of clinical psychiatry 64 1048 1056 2003 popper c w colon antidepressants in the treatment of attention decid hyperactivity disorder full stop
yoruba,general,"This can restrict how the tongue moves.
", This can restrict how the tongues move. Full stop.,this can restrict how the tongue moves,this can restrict how the tongues move full stop
yoruba,clinical,This often requires sacrifice of the parent nerve.," This often requires sacrifice of the parent's nerve, full stop.",this often requires sacrifice of the parent nerve,this often requires sacrifice of the parent is nerve full stop
yoruba,clinical,The family's wishes were honored and extensive efforts were made to arrange for the patient to be placed in a rehabilitation facility., The family's wishes were honored and extensive efforts were made to arrange for the patients to be placed in a rehabilitation facility.,the family is wishes were honored and extensive efforts were made to arrange for the patient to be placed in a rehabilitation facility,the family is wishes were honored and extensive efforts were made to arrange for the patients to be placed in a rehabilitation facility
yoruba,general,"The Sector Commander who described the accident as unfortunate warned motorists particularly tanker drivers to always exercise caution and obey traffic regulations while plying the roads .
"," The sector commander who described the accident as unfortunate warned motorists, particularly tanker drivers, to always exercise caution and obey traffic regulations while flying the roads full stop.",the sector commander who described the accident as unfortunate warned motorists particularly tanker drivers to always exercise caution and obey traffic regulations while plying the roads,the sector commander who described the accident as unfortunate warned motorists particularly tanker drivers to always exercise caution and obey traffic regulations while flying the roads full stop
yoruba,clinical,Tolerating feeds at TF of 130 and of 30 cal., Tolerating feeds a TF of 130 ccgd of 30 calories full stop.,tolerating feeds at tf of 130 and of 30 cal,tolerating feeds a tf of 130 ccgd of 30 calories full stop
yoruba,general,"Dami: No I was on my phone, chill both laughing
"," Dami, colon, know how I was on my phone, coma. Chill, both laughing.",dami no i was on my phone chill both laughing,dami colon know how i was on my phone coma chill both laughing
yoruba,clinical,"Total respiratory obstruction with the tracheal foreign body may occur however, respiratory distress is usually mild if present at all."," Total respiratory obstruction with trachea foreign body may occur. However, respiratory distress is usually mild if present at all, full stop.",total respiratory obstruction with the tracheal foreign body may occur however respiratory distress is usually mild if present at all,total respiratory obstruction with trachea foreign body may occur however respiratory distress is usually mild if present at all full stop
yoruba,clinical,Given 2mg PO Dilaudid 2mg IV Ativan w/ good effect.," Given 2mg PO, diluted 2mg IV Ativan with good effect.",given 2 mg po dilaudid 2 mg iv ativan w good effect,given 2 mg po diluted 2 mg iv ativan with good effect
yoruba,clinical,The adult thyroid gland is brown in color and firm in consistency and is located posterior to the strapmuscles., The outer thyroid gland is brown in color and firm in consistency and is located posterior to the strap muscles full stop.,the adult thyroid gland is brown in color and firm in consistency and is located posterior to the strapmuscles,the outer thyroid gland is brown in color and firm in consistency and is located posterior to the strap muscles full stop
yoruba,general,"Bilateral ear discharge of 3 days duration and fever of 3 days duration. Bilateral ear discharge was first noticed 3 days ago. Agonjobey Assooahchah has had ear syringing in the past
"," PIC.twitter.com, C4POE6H9BDACTOR, content creator and fashion designer, Kiki was one of many Nigerian entrepreneurs who was looking for a reliable way to grow her business when she found Prosper.",bilateral ear discharge of 3 days duration and fever of 3 days duration bilateral ear discharge was 1st noticed 3 days ago agonjobey assooahchah has had ear syringing in the past,pic twitter com c 4 poe 6 h 9 bdactor content creator and fashion designer kiki was one of many nigerian entrepreneurs who was looking for a reliable way to grow her business when she found prosper
yoruba,general,"But not all his party faithful are optimistic about how the party the governor leads is managing its affairs.
", But not all his party faithful are optimistic about how the party the governor leads is managing its affairs.,but not all his party faithful are optimistic about how the party the governor leads is managing its affairs,but not all his party faithful are optimistic about how the party the governor leads is managing its affairs
yoruba,clinical,24 hour urine collected and sent., 24-hour urine collected and sent to Stuttgart.,24 hour urine collected and sent,24 hour urine collected and sent to stuttgart
yoruba,general,"After that he preached outdoors.
", After that he preached outdoors full stop.,after that he preached outdoors,after that he preached outdoors full stop
yoruba,clinical,TREATMENT. Pyogenic: Ultrasound or CT-guided percutaneous drainage with IV antibiotics. Operative drainage indicated if percutaneous attempts fail or cysts are multiple or loculated.," treatments, biogenic, colon, ultrasound, or CT-guided percutaneous drainage with IV antibiotics, operative drainage indicated if percutaneous attempts, fields, or cysts are multiple or located, full stop,",treatment pyogenic ultrasound or ct guided percutaneous drainage with iv antibiotics operative drainage indicated if percutaneous attempts fail or cysts are multiple or loculated,treatments biogenic colon ultrasound or ct guided percutaneous drainage with iv antibiotics operative drainage indicated if percutaneous attempts fields or cysts are multiple or located full stop
yoruba,clinical,Skin loss may require skin grafts.," Skin loss, medical asking rights,",skin loss may require skin grafts,skin loss medical asking rights
yoruba,general,California has a cap of 25 percent., California has a cap of 25% for stock.,california has a cap of 25%,california has a cap of 25% for stock
yoruba,general,"He ordered that the terms run concurrently.
"," He ordered that the terms run concurrently, full stop.",he ordered that the terms run concurrently,he ordered that the terms run concurrently full stop
yoruba,clinical,Encouraging to cough and deep breath., encouraging to cough and deep breathe.,encouraging to cough and deep breath,encouraging to cough and deep breathe
yoruba,general,"There were never any official words to this song.
"," There were never any official words to this song, full stop.",there were never any official words to this song,there were never any official words to this song full stop
yoruba,clinical,Discharge Diagnosis: PrimaryMRSA sepsis with cervical abcsess and cervica osteomyelitis as well drained paraspinal abscess in lumbar spineGram negative sepsis not fermenter not pseudomonas, discharge diagnosis primary MRSC set up subsets and cyvacal osteomyelitis as well drained paraspinal abscess in lumbar spine grain negative spices not fermenter not pseudomonas,discharge diagnosis primarymrsa sepsis with cervical abcsess and cervica osteomyelitis as well drained paraspinal abscess in lumbar spinegram negative sepsis not fermenter not pseudomonas,discharge diagnosis primary mrsc set up subsets and cyvacal osteomyelitis as well drained paraspinal abscess in lumbar spine grain negative spices not fermenter not pseudomonas
yoruba,clinical,"However, it increases the drugs toxicity to a wide range of organs throughout the body."," However, it increases the drug's toxicity to a wide range of organs throughout the body full stop.",however it increases the drugs toxicity to a wide range of organs throughout the body,however it increases the drug is toxicity to a wide range of organs throughout the body full stop
yoruba,general,"If we open up the state for public-private partnership and foreign direct investment, government can generate a minimum of N10billion as IGR monthly.
"," If we open up the state for public-private partnership and foreign direct investment, governments can generate a minimum of 10 billion naira as IGR monthly, full stop.",if we open up the state for public private partnership and foreign direct investment government can generate a minimum of n 10000000000 as igr monthly,if we open up the state for public private partnership and foreign direct investment governments can generate a minimum of 10000000000 naira as igr monthly full stop
yoruba,clinical,There is dense retrocardiac opacity compatible with volume loss effusion infiltrate., There is dense retrocarrier capacity compatible with volume loss efficient infiltrates full stop.,there is dense retrocardiac opacity compatible with volume loss effusion infiltrate,there is dense retrocarrier capacity compatible with volume loss efficient infiltrates full stop
yoruba,general,"Its also a good opportunity for us fans to let our imaginations run wild.
", It's also a good opportunity for us fans to let our imaginations run wild.,its also a good opportunity for us fans to let our imaginations run wild,it is also a good opportunity for us fans to let our imaginations run wild
yoruba,general,"The family moved to different places in Illinois when Reagan was a child.
"," The family moved to different places in Illinois where Regan was a child, full stop.",the family moved to different places in illinois when reagan was a child,the family moved to different places in illinois where regan was a child full stop
yoruba,general,"There was some talk of digitalisation, migration, and economic growth, but all that was sketchy and overshadowed by the boycott.
"," There was some talk of digitalization command, migration command, and economic growth command, but all that was sketched and overshadowed by the boycotts who stopped.",there was some talk of digitalisation migration and economic growth but all that was sketchy and overshadowed by the boycott,there was some talk of digitalization command migration command and economic growth command but all that was sketched and overshadowed by the boycotts who stopped
yoruba,clinical,"e newly formed antibodiesbind with the foreignproteintoformantigen-antibodyorimmunecomplexes, which may enter the circulation and be deposited in blood vessels and in ltering organs.
", E. Newly formed antibodies bind with the foreign protein to form antigen antibody or immune complexes which may enter the circulation and be deposited in blood vessels and in uterine organs. Full stop.,e newly formed antibodiesbind with the foreignproteintoformantigen antibodyorimmunecomplexes which may enter the circulation and be deposited in blood vessels and in ltering organs,e newly formed antibodies bind with the foreign protein to form antigen antibody or immune complexes which may enter the circulation and be deposited in blood vessels and in uterine organs full stop
yoruba,clinical,Chronic granulomatous disease in adults.," Chronic granulomatous disease in adults, full stop.",chronic granulomatous disease in adults,chronic granulomatous disease in adults full stop
yoruba,clinical,Menopause marks the end of a womans natural reproductive life., Menopause marks the end of a woman's natural reproductive life. Full stop.,menopause marks the end of a womans natural reproductive life,menopause marks the end of a woman is natural reproductive life full stop
yoruba,general,"It reaches a total length of convert.
", It reaches a total length of comma two stops,it reaches a total length of convert,it reaches a total length of comma 2 stops
yoruba,general,"Meanwhile, the governors are in hot pursuit of higher personal goals to feather their political nests.
"," Meanwhile, the governors are in hot pursuit of higher personal goals to further their political nest. Full stop.",meanwhile the governors are in hot pursuit of higher personal goals to feather their political nests,meanwhile the governors are in hot pursuit of higher personal goals to further their political nest full stop
yoruba,general,"More worrying, especially for proponents of the presidential system, is that this might mark the first step towards the USA moving away from democracy.
"," More worrying, especially for proponents of the presidential system, is that this might mark the first step towards the USA moving away from democracy.",more worrying especially for proponents of the presidential system is that this might mark the 1st step towards the usa moving away from democracy,more worrying especially for proponents of the presidential system is that this might mark the 1st step towards the usa moving away from democracy
yoruba,general,"Does they include people like the governor of Bauchi State and one of his predecessors, Alhaji Isa Yuguda among others who held that Fulani herdsmen could carry arms?
"," Does they include people like the governor of Bauchi state and one of his predecessors, Koma Alhaji Isayiguda, among others who held that Fulani headsmen could carry arms? Question mark.",does they include people like the governor of bauchi state and one of his predecessors alhaji isa yuguda among others who held that fulani herdsmen could carry arms,does they include people like the governor of bauchi state and one of his predecessors koma alhaji isayiguda among others who held that fulani headsmen could carry arms question mark
yoruba,clinical,GI: ABD SOFT NT/ND W/+HYPOACTIVE BS.," gastrointestinal, abdomen soft, non-tender, non-distended with positive hypoactive bowel sound.",gi abd soft nt nd w hypoactive bs,gastrointestinal abdomen soft non tender non distended with positive hypoactive bowel sound
yoruba,general,"During the brunch, AMVCA organisers also announced that Kenyan Jacktone Alufwani had won the first AMVCA Digital Creators Competition.
"," During the brunch, AMVCA organizers also announced that Kenya Jaktone Alufwane had won the first AMVCA Digital Creators Competition. Full stop.",during the brunch amvca organizers also announced that kenyan jacktone alufwani had won the 1st amvca digital creators competition,during the brunch amvca organizers also announced that kenya jaktone alufwane had won the 1st amvca digital creators competition full stop
yoruba,clinical,Ninquay pt still requires both mask and prongs to amintain sats of 95-99 % drop to 88-93 when face thent is off.," Ninkwe patient still requires both mask and prongs to maintain SAT of 95-99%, drop to 88-93% when face tent is off.",ninquay pt still requires both mask and prongs to amintain sats of 95 99 drop to 88 93 when face thent is off,ninkwe patient still requires both mask and prongs to maintain sat of 95 99% drop to 88 93% when face tent is off
yoruba,general,"He is not on any medication, he is a student, does not smoke cigarette not takes alcohol. next line. Assessment: Malaria. Next line. Signed: Dr Bankolay Marcoo
"," He is not on any medication, comma. He is a student, comma. Does not smoke cigarettes, not takes alcohol, full stop. Next line, full stop. Assessment, colon, malaria, full stop. Next line, full stop. Signed, colon, Dr. Bankole Makou.",he is not on any medication he is a student does not smoke cigarette not takes alcohol next line assessment malaria next line signed doctor bankolay marcoo,he is not on any medication comma he is a student comma does not smoke cigarettes not takes alcohol full stop next line full stop assessment colon malaria full stop next line full stop signed colon doctor bankole makou
yoruba,clinical,ventral respiratory group 19., Ventra Respiratory Group 19,ventral respiratory group 19,ventra respiratory group 19
yoruba,general,I shot one of my friend’s killers to avenge his death  —Attempted murder suspect," I shoot one of my friend's killer to avenge his death. Ivan, attempted murder suspect.",i shot one of my friend s killers to avenge his death attempted murder suspect,i shoot one of my friend is killer to avenge his death ivan attempted murder suspect
yoruba,general,"Tony Skole , head baseball coach at East Tennessee State University
", Tony School Command Head Baseball Coach at East Tennessee State University,tony skole head baseball coach at east tennessee state university,tony school command head baseball coach at east tennessee state university
yoruba,general,"Granted were getting used to it, but there are no divas on this set, he explained.
"," Granted, we are getting used to it, but there are no divas on this set, he explained, full stop.",granted were getting used to it but there are no divas on this set he explained,granted we are getting used to it but there are no divas on this set he explained full stop
yoruba,general,"Dr Ubochioma Ireti speaking. Next line. Chief complaint: next line. Low back Pain started 22 weeks ago radiating to his left foot. Next line
"," Dr. Mbonchoma Iweti speaking. Full stop. Next line. Full stop. Chief complaint, colon. Lens knife. Full stop. Low back pain. 22 weeks ago. Radiating to his left foot. Full stop. Next line.",doctor ubochioma ireti speaking next line chief complaint next line low back pain started 22 weeks ago radiating to his left foot next line,doctor mbonchoma iweti speaking full stop next line full stop chief complaint colon lens knife full stop low back pain 22 weeks ago radiating to his left foot full stop next line
yoruba,clinical,"""Chinazo: 30 Capsule, Sust. Release 24HRs""", Chinazo 30 capsule sustained release 24 hours.,chinazo 30 capsule sust release 24 hrs,chinazo 30 capsule sustained release 24 hours
yoruba,general,"Dr. Izundu Oluchi thinks pt Eluma is stable enough to go home.
"," Dr. Thoughts, Izumutu Oluochi thinks Fitzy Eluma is stable enough to go home.",doctor izundu oluchi thinks pt eluma is stable enough to go home,doctor thoughts izumutu oluochi thinks fitzy eluma is stable enough to go home
yoruba,clinical,"Oncemalignancy, drug-induced, and infectious etiologies are ruled out, treatment of the retroperitoneal fibrotic process is instituted.
"," Most malignancy drug use and effect strategies are ruled out, despite of the ultra-pollutary fibrous process is instituted",oncemalignancy drug induced and infectious etiologies are ruled out treatment of the retroperitoneal fibrotic process is instituted,most malignancy drug use and effect strategies are ruled out despite of the ultra pollutary fibrous process is instituted
yoruba,clinical,Keppra 20 Hospital Chubunna.," Kepra 20 Hospital, Chubuna.",keppra 20 hospital chubunna,kepra 20 hospital chubuna
yoruba,general,"Youll step into the octagon against digital renditions of all your favorite mixed martial artists, whether one of those dangerous men and women or in your own asskicking skin.
"," You step into the octagon against digital renditions of all your favorite mixed martial artists, whether one of those dangerous men and women or in your own ass-kicking skin, full stop.",youll step into the octagon against digital renditions of all your favorite mixed martial artists whether one of those dangerous men and women or in your own asskicking skin,you step into the octagon against digital renditions of all your favorite mixed martial artists whether one of those dangerous men and women or in your own ass kicking skin full stop
yoruba,general,"Since oil demand is so low now, the price has plummeted and we had a near two rand drop per litre last night.
"," Since oil demand is so low now, the price has plummeted and we had a near two round drop by little last night.",since oil demand is so low now the price has plummeted and we had a near 2 rand drop per liter last night,since oil demand is so low now the price has plummeted and we had a near 2 round drop by little last night
yoruba,clinical,Uterine palpation through the abdominal wall is repeated at frequent intervals during the immediate postpartum period to prevent and or identify uterine atony., Uterine palpation through the abdominal wall is repeated at frequent intervals during the immediate postpartum period to prevent and or identify uterine atony full stop.,uterine palpation through the abdominal wall is repeated at frequent intervals during the immediate postpartum period to prevent and or identify uterine atony,uterine palpation through the abdominal wall is repeated at frequent intervals during the immediate postpartum period to prevent and or identify uterine atony full stop
yoruba,general,Emefiele the tortoise wants to marry  the Kings daughter, He may fear that the Tatars wants to marry the king's daughter.,emefiele the tortoise wants to marry the kings daughter,he may fear that the tatars wants to marry the king is daughter
yoruba,clinical,"Extremities revealed 2+ femoral pulses bilaterally, 1+ dorsalis pedis pulses bilaterally .", Extremities reviewed normal femoral pulses bilaterally decreased doxalis pedis pulses bilaterally.,extremities revealed 2 femoral pulses bilaterally one dorsalis pedis pulses bilaterally,extremities reviewed normal femoral pulses bilaterally decreased doxalis pedis pulses bilaterally
yoruba,general,"Here is a 22 yr old food poisoning patient Chukwuemeka Babangida who presented to clinic at 11am this morning
"," Here is a 22-year-old food poisoning patient, Shukwemeka Babangida, who presented to clinic at 11 a.m. this morning.",here is a 22 yr old food poisoning patient chukwuemeka babangida who presented to clinic at 11 am this morning,here is a 22 year old food poisoning patient shukwemeka babangida who presented to clinic at 11 a m this morning
yoruba,general,"Nanjing does not own the Rover name, so the Austin name is the most recent it has to use for its mainstream mass market cars.
"," Nanjing does not own the rover, so the Austin name is the most recent it has to use for its mainstream mass-market cars to stop.",nanjing does not own the rover name so the austin name is the most recent it has to use for its mainstream mass market cars,nanjing does not own the rover so the austin name is the most recent it has to use for its mainstream mass market cars to stop
yoruba,general,"If the body is still not well take one per day for a few more weeks if needed, but not for a longer period."," If the body is not well, take one per day for a few more weeks if needed, but not for a longer period.",if the body is still not well take one per day for a few more weeks if needed but not for a longer period,if the body is not well take one per day for a few more weeks if needed but not for a longer period
yoruba,general,"Knowing all these languages gives him the advantage of singing in different languages and a wide range of audiences.18.
"," Knowing all these languages gives him the advantage of singing in different languages, a wide range of audiences, etc.",knowing all these languages gives him the advantage of singing in different languages and a wide range of audiences.18,knowing all these languages gives him the advantage of singing in different languages a wide range of audiences etc
yoruba,general,"This is a hard time to be positive about the future but we see very good things ahead, Ceze said."," This is a hard time to be positive about the future but we see very good things ahead, says Ed Foster.",this is a hard time to be positive about the future but we see very good things ahead ceze said,this is a hard time to be positive about the future but we see very good things ahead says ed foster
yoruba,clinical,"SOLUTION, INTRAMUSCULAR HYDROXYPROGESTERONE CAPROATE, HYDROXYPROGESTERONE CAPROATE, 1250MG/5ML (250MG/ML)"," Solution. Intramuscular hydroxyprogesterone caproate. Hydroxyprogesterone caproate, 1,250 mg per 5 mL. Open bracket, 250 mg per mL. Close bracket.",solution intramuscular hydroxyprogesterone caproate hydroxyprogesterone caproate 1250 mg 5 ml,solution intramuscular hydroxyprogesterone caproate hydroxyprogesterone caproate 1250 mg per 5 ml open bracket 250 mg per ml close bracket
yoruba,clinical,"Monitor electrolytes for signs of hypokalemia, base metabolic acidosis signs of ischemia."," Monitor electrolytes for signs of hypokalemia, based on metabolic acidosis signs of ischemia, full stop.",monitor electrolytes for signs of hypokalemia base metabolic acidosis signs of ischemia,monitor electrolytes for signs of hypokalemia based on metabolic acidosis signs of ischemia full stop
yoruba,general,"The new project is aptly named ARTFORM, and located south of Square One in Mississauga."," The new project is aptly named Artform, and located south of Square One in Mississauga, Houston.",the new project is aptly named artform and located south of square one in mississauga,the new project is aptly named artform and located south of square one in mississauga houston
yoruba,general,"Football enthusiast, Kelechi Anyikude, tells us about his love for Arsenal Football Club and how he supports the team while showcasing his Nigerian culture.
"," Football enthusiast, Kuma, Kileji Alikode, Kuma, tells us about his love for Arsenal Football Club and how he supports the team while showcasing his Nigerian culture. Full stop.",football enthusiast kelechi anyikude tells us about his love for arsenal football club and how he supports the team while showcasing his nigerian culture,football enthusiast kuma kileji alikode kuma tells us about his love for arsenal football club and how he supports the team while showcasing his nigerian culture full stop
yoruba,general,"Primary and secondary schools
", primary and secondary schools.,primary and secondary schools,primary and secondary schools
yoruba,general,"The successes a company records are the ones encouraged by its leaders, while the failures it experiences are the ones permitted by the leaders.
"," The successes a company records are the ones encouraged by its leaders, comma, while the failures it experiences are the ones maintained by the leaders, full stop.",the successes a company records are the ones encouraged by its leaders while the failures it experiences are the ones permitted by the leaders,the successes a company records are the ones encouraged by its leaders comma while the failures it experiences are the ones maintained by the leaders full stop
yoruba,general,Nollywood actress Emilia Dike is dead," Null would address Amelia, the care is dead.",nollywood actress emilia dike is dead,null would address amelia the care is dead
yoruba,general,"Sanders, a self-described democratic socialist, still faces questions from some Democrats about whether he would damage the party in the general election."," Sanders, comma, a self-hyphing described democratic socialist, comma, still faces questions from some Democrats about whether he would damage the party in the general election. Full stop.",sanders a self described democratic socialist still faces questions from some democrats about whether he would damage the party in the general election,sanders comma a self hyphing described democratic socialist comma still faces questions from some democrats about whether he would damage the party in the general election full stop
yoruba,general,"The remaining public programs and events in March and April have also either been canceled or postponed.
", The remaining public programs and events in March and April have also either been cancelled or postponed full stop.,the remaining public programs and events in march and april have also either been canceled or postponed,the remaining public programs and events in march and april have also either been canceled or postponed full stop
yoruba,general,"Therell be live music from 10am to noon by the Non Prophets, a group of singers and pickers whose repertoire ranges from folk and rock to bluegrass and Americana."," There'll be live music from 10am to noon by the Non-Profits, a group of singers and pickers, who a portrait ranges from folks and rocks to bluegrass and Americana full stop.",therell be live music from 10 am to noon by the non prophets a group of singers and pickers whose repertoire ranges from folk and rock to bluegrass and americana,there will be live music from 10 am to noon by the non profits a group of singers and pickers who a portrait ranges from folks and rocks to bluegrass and americana full stop
yoruba,clinical,COMMUNICATING WELL BY MOUTHING WORDS TO COMMUNICATE NEEDS., Communicate well by mouthing what to communicate needs.,communicating well by mouthing words to communicate needs,communicate well by mouthing what to communicate needs
yoruba,general,"Dr Boluwatife Chimsinafogoziem speaking. Next line. Pain is worse with sitting, standing, and walking. Patient Kamsiyochukwu has tried analgesic medication. Next line
"," Dr. Bulwatefe Chim Sidowo-Guzin speaking. Next line. Pain is worse with sitting, standing, and walking. Patients, has tried analgesic medication. Next line.",doctor boluwatife chimsinafogoziem speaking next line pain is worse with sitting standing and walking patient kamsiyochukwu has tried analgesic medication next line,doctor bulwatefe chim sidowo guzin speaking next line pain is worse with sitting standing and walking patients has tried analgesic medication next line
yoruba,general,Makeup: glowwithlilian," Makeup, cologne, glow with Lillian.",makeup glowwithlilian,makeup cologne glow with lillian
yoruba,general,"Compensation is monetary and non-monetary, and while some companies pay in the form of money, others pay in the form of products, tickets and access to events."," Compensation is monetary and non-monetary, comma, and why some companies pay in the form of money, comma, others pay in the form of product, comma, tickets and access to events, full stop.",compensation is monetary and non monetary and while some companies pay in the form of money others pay in the form of products tickets and access to events,compensation is monetary and non monetary comma and why some companies pay in the form of money comma others pay in the form of product comma tickets and access to events full stop
yoruba,general,"Chunky Straight Back Braids on the 2021 cover of  SELF MagazineThe Vice President said, Im announcing that Ill be running for Presidency under the All Progressives Congress, APC.
"," chunky straight back braids on the 2021 cover of Self magazine, the vice president said, comma, I'm announcing that I'll be running for presidency under the All Progressives Congress, comma, APC, full stop.",chunky straight back braids on the 2021 cover of self magazinethe vice president said im announcing that ill be running for presidency under the all progressives congress apc,chunky straight back braids on the 2021 cover of self magazine the vice president said comma i am announcing that i will be running for presidency under the all progressives congress comma apc full stop
yoruba,clinical,Pt taken to CT for head scan this without incident.," Patient taken to the CT for head scan this morning without incident, full stop.",pt taken to ct for head scan this without incident,patient taken to the ct for head scan this morning without incident full stop
yoruba,clinical,Wean from radiant warmer--maintain swaddled., A wing from Radiant Woman. Maintain swadu.,wean from radiant warmer maintain swaddled,a wing from radiant woman maintain swadu
yoruba,general,"Glucose can also be converted into other compounds for growth and reproduction e.g. cellulose, nectar, fructose, amino acids and fats.
"," Glucose can also be converted into other compounds for growth and reproduction. Example, cellulose, nectar, fructose, amino acids, and fats for stop.",glucose can also be converted into other compounds for growth and reproduction e g cellulose nectar fructose amino acids and fats,glucose can also be converted into other compounds for growth and reproduction example cellulose nectar fructose amino acids and fats for stop
yoruba,clinical,An intraoperative cholangiogram at the time of cholecystectomy will also document the presence or absence of bile duct stones43 Fig., An intraoperative cholangiogram at the time of co-systectomy will also document the presence or absence of BIDOT stone's 43-figure full stop.,an intraoperative cholangiogram at the time of cholecystectomy will also document the presence or absence of bile duct stones 43 fig,an intraoperative cholangiogram at the time of co systectomy will also document the presence or absence of bidot stone is 43 figure full stop
yoruba,clinical,"Poisoning by other primarily systemic and hematological agents, accide. TABLET, ORAL-28 ZOVIA 1/35E-28, ETHINYL ESTRADIOL; ETHYNODIOL DIACETATE, 0.035MG;1MG. Other injury of intrinsic muscle, fascia and tendon of other finger at", Poisoning by other family systemic hematological agents.,poisoning by other primarily systemic and hematological agents accide tablet oral 28 zovia one 35 e 28 ethinyl estradiol ethynodiol diacetate 0.035 mg one mg other injury of intrinsic muscle fascia and tendon of other finger at,poisoning by other family systemic hematological agents
yoruba,general,"Leeches suck blood from the foot of a patient during a leech therapy session on a roadside in Srinagar, the summer capital of Indian Kashmir, 21 March 2017.
", leachies suck blood from the foot of a patient during a leach therapy session on a roadside in srinagar the summer capital of india kashmir twenty one march twenty seventeen full stop,leeches suck blood from the foot of a patient during a leech therapy session on a roadside in srinagar the summer capital of indian kashmir 21 march 2017,leachies suck blood from the foot of a patient during a leach therapy session on a roadside in srinagar the summer capital of india kashmir 21 march 2017 full stop
yoruba,general,"When they dont work, either a government intervention or some other institutional solution has to be put in place.
"," When they don't work, either a government intervention or some other institutional solution has to be put in place, full stop.",when they dont work either a government intervention or some other institutional solution has to be put in place,when they do not work either a government intervention or some other institutional solution has to be put in place full stop
yoruba,general,"Mr and Mrs Dabira strive to provide their family in Dutse a balanced diet.
", Mr. and Mrs. Dabira strive to provide their family in Ducey a balanced diet.,mister and missus dabira strive to provide their family in dutse a balanced diet,mister and missus dabira strive to provide their family in ducey a balanced diet
yoruba,general,"The patient Barrah owns business in Hospital Lookarday a clothing store and a limousine business in Salaga
"," The patient, Bara, owns business in Hospital Lukade, a clothing store and a limousine business in Salaga.",the patient barrah owns business in hospital lookarday a clothing store and a limousine business in salaga,the patient bara owns business in hospital lukade a clothing store and a limousine business in salaga
yoruba,general,"But they sort of go as far as they can, and they really stretch and grow."," But they sort of go as far as they can, comma, and they really stretch and grow full stop.",but they sort of go as far as they can and they really stretch and grow,but they sort of go as far as they can comma and they really stretch and grow full stop
yoruba,general,"Times change what worked at a time will not work at all times.
", what works at the time will not work at all times.,times change what worked at a time will not work at all times,what works at the time will not work at all times
yoruba,clinical,Patient denies night sweats in the past month ., Patient denies night sweats in the past month.,patient denies night sweats in the past month,patient denies night sweats in the past month
yoruba,clinical,episode of indigestion last nite NSICU resident called and pt given maalox w/ relief., episode of indigestion last night's NSICU resident called and patients giving malox with relief,episode of indigestion last nite nsicu resident called and pt given maalox w relief,episode of indigestion last night is nsicu resident called and patients giving malox with relief
yoruba,general,"It used to be too precious and was only to be worn on special occasions, but now its about stacking, layering, mixing heritage brands with young designers and expressing your unique style, she said.
"," It used to be too precious and was only to be worn on special occasions, but now it's about stacking, layering, mixing heritage brands with young designers and expressing your unique style, she said, full stop.",it used to be too precious and was only to be worn on special occasions but now its about stacking layering mixing heritage brands with young designers and expressing your unique style she said,it used to be too precious and was only to be worn on special occasions but now it is about stacking layering mixing heritage brands with young designers and expressing your unique style she said full stop
yoruba,general,"The city has until 2021 to adopt a plan so that it can receive state funding to implement it.
"," The city asked on 2021 to adopt a plan so that it can receive state funding to implement it,",the city has until 2021 to adopt a plan so that it can receive state funding to implement it,the city asked on 2021 to adopt a plan so that it can receive state funding to implement it
yoruba,general,"The roadrunner is an opportunistic omnivore.
"," The roadrunner is an opportunistic omnivore, full stop.",the roadrunner is an opportunistic omnivore,the roadrunner is an opportunistic omnivore full stop
yoruba,general,"CLAIM and counter claim continues to be levelled by farmers concerning a controversial annual general meeting of Clare Beef Plan, which was held in the Auburn Lodge Hotel last January.
"," Claim and counterclaim continues to be levelled by farmers concerning a controversial annual general meeting of Claire Beef Plant, which was held in the Urban Lodge Hotel last January. Full stop.",claim and counter claim continues to be leveled by farmers concerning a controversial annual general meeting of clare beef plan which was held in the auburn lodge hotel last january,claim and counterclaim continues to be leveled by farmers concerning a controversial annual general meeting of claire beef plant which was held in the urban lodge hotel last january full stop
yoruba,clinical,261-280 mg / dL 17 Units," 261 to 280 milligram per dl, 17 units.",261 280 mg dl 17 units,261 to 280 milligram per dl 17 units
yoruba,general,"Some of them thought Twitter was fine the way it was being run, and did not need some billionaire-saviour to come salvage it from destruction.
"," Some of them thought Twitter was fine the way it was being run, and did not need some billionaire-sevier to come salvage it from destruction, who stopped.",some of them thought twitter was fine the way it was being run and did not need some billionaire savior to come salvage it from destruction,some of them thought twitter was fine the way it was being run and did not need some billionaire sevier to come salvage it from destruction who stopped
yoruba,general,"When His Lordship, the Bishop, spoke about some of my travails, he didnt remember to say that I was kidnapped in the year 2000 at Onu Asata in Enugu metropolis and was taken to Anambra State.
"," When his lordship, the bishop, spoke about some of my travels, he didn't remember to say that I was kidnapped in the year 2000 at Ono Asata in Enugu metropolis and was taken to Anambra state, full stop.",when his lordship the bishop spoke about some of my travails he didnt remember to say that i was kidnapped in the year 2000 at onu asata in enugu metropolis and was taken to anambra state,when his lordship the bishop spoke about some of my travels he did not remember to say that i was kidnapped in the year 2000 at ono asata in enugu metropolis and was taken to anambra state full stop
yoruba,clinical,"Even if there is no airway obstruction on presentation, it may develop after you operate and drain the pus."," Even if there is no airway obstruction on presentation, it may develop if you operate and drain the post first stop.",even if there is no airway obstruction on presentation it may develop after you operate and drain the pus,even if there is no airway obstruction on presentation it may develop if you operate and drain the post 1st stop
yoruba,general,"Well, we will get the full gist tomorrow.
", well come on we will get the food just more food stop,well we will get the full gist tomorrow,well come on we will get the food just more food stop
yoruba,clinical,Arthroscopic treatment of cam-type femoroacetabular impingement: preliminary report at 2 years minimum follow-up.," Arthroscopic treatment of CAM hyphen type femora, citabular impingement, semicolon, preliminary reports at two years minimum, follow hyphen up, full stop.",arthroscopic treatment of cam type femoroacetabular impingement preliminary report at 2 years minimum follow up,arthroscopic treatment of cam hyphen type femora citabular impingement semicolon preliminary reports at 2 years minimum follow hyphen up full stop
yoruba,clinical,No fracture and normal alignment of the cervical spine., No fracture and normal alignment of the cervical spine.,no fracture and normal alignment of the cervical spine,no fracture and normal alignment of the cervical spine
yoruba,clinical,"TABLET, ORAL BACLOFEN, BACLOFEN, 10MG"," Tablets, oral baclofen, baclofen 10 milligrams.",tablet oral baclofen baclofen 10 mg,tablets oral baclofen baclofen 10 milligrams
yoruba,clinical,Cone beam CT CBCT can restrict the radiation dose and give very clear local information as regards integrity of surrounding bone.," Cone beam CT, CBCT, can restrict the radiation dose and give very clear local information as regards integrity of surrounding bone.",cone beam ct cbct can restrict the radiation dose and give very clear local information as regards integrity of surrounding bone,cone beam ct cbct can restrict the radiation dose and give very clear local information as regards integrity of surrounding bone
yoruba,general,"The football teams have played against each other almost every year since 1878.
"," The football teams have played against each other almost every year since 1878, full stop",the football teams have played against each other almost every year since 1878,the football teams have played against each other almost every year since 1878 full stop
yoruba,general,"Esther laughed while promising to do so.
", Esther laughed when she was introducing the system.,esther laughed while promising to do so,esther laughed when she was introducing the system
yoruba,general,"Margif, in his acceptance speech after being declared winner, said he is convinced that he will be the next Governor of Plateau State after Lalong, saying the party will work together to ensure the success of the election come 2023."," In his acceptance speech after being declared winner, Koma said he is convinced that he will be the next governor of Pleiades State after Lalong. Koma said the party will work together to ensure the success of the election come 2023. Full stop.",margif in his acceptance speech after being declared winner said he is convinced that he will be the next governor of plateau state after lalong saying the party will work together to ensure the success of the election come 2023,in his acceptance speech after being declared winner koma said he is convinced that he will be the next governor of pleiades state after lalong koma said the party will work together to ensure the success of the election come 2023 full stop
yoruba,general,Patient Ebiaga Bamiro chief complaint started 5 days ago and lasted for five hours, Patient Ibyagba Bamero chief complaint started five days ago and lasted for five hours.,patient ebiaga bamiro chief complaint started 5 days ago and lasted for 5 hours,patient ibyagba bamero chief complaint started 5 days ago and lasted for 5 hours
yoruba,general,"Lassa fever, syphilis, gonorrhea, diarrhoea and COVID-19 are endemic diseases - Dr. Jabeka Phillip in his Makindu interview
"," Lashar Fifa, syphilis, gonorrhea, diarrhea, and covenanting are endemic diseases. Dr. Jabeca Philip in McIndoe interview.",lassa fever syphilis gonorrhea diarrhea and covid 19 are endemic diseases doctor jabeka phillip in his makindu interview,lashar fifa syphilis gonorrhea diarrhea and covenanting are endemic diseases doctor jabeca philip in mcindoe interview
yoruba,general,"While performing Yope song, the newly crowned 2019 African Player of the Year Sadio Mane could not help but joined Diamond on the dance floor a situation which highly sparked the entire occasion.
"," While performing Yubesong Koma, the newly crowned 2019 Africa Player of the Year Sadio Mane could not help but join Diamond on the stance floor, a situation which highly sparked the entire occasion for Stub.",while performing yope song the newly crowned 2019 african player of the year sadio mane could not help but joined diamond on the dance floor a situation which highly sparked the entire occasion,while performing yubesong koma the newly crowned 2019 africa player of the year sadio mane could not help but join diamond on the stance floor a situation which highly sparked the entire occasion for stub
yoruba,clinical,"24,  The implementation of the Comprehensive Unit-Based Safety Program CUSP,  involves measurement of a units safety culture prior, to starting the program, and inclusion of hospital management from the start."," for the implementation of the comprehensive unit-based safety programs, CUSP, goals measurement of the unit safety culture, prior to starting the program and inclusion of hospital management staff.",24 the implementation of the comprehensive unit based safety program cusp involves measurement of a units safety culture prior to starting the program and inclusion of hospital management from the start,for the implementation of the comprehensive unit based safety programs cusp goals measurement of the unit safety culture prior to starting the program and inclusion of hospital management staff
yoruba,general,"In a short span of his acting career, he became a most popular actor worldwide.
"," In the short span of his acting career, he became the most popular actor worldwide, full stop.",in a short span of his acting career he became a most popular actor worldwide,in the short span of his acting career he became the most popular actor worldwide full stop
yoruba,general,19th - century accounts, 19th-century accounts.,19th century accounts,19th century accounts
yoruba,general,"Mr Macaroni tweeted, Just reading that St Francis Church in Ondo State has been attacked Multiple people have been killed Im not even sure of the numbers.
"," Mr. McCleary tweeted, come on, just read it and say Francis Church in Yondo State has been attacked. Multiple people have been killed. Not even sure of the numbers.",mister macaroni tweeted just reading that saint francis church in ondo state has been attacked multiple people have been killed im not even sure of the numbers,mister mccleary tweeted come on just read it and say francis church in yondo state has been attacked multiple people have been killed not even sure of the numbers
yoruba,clinical,C.diff contact precautions now in place., C. Different contact precautions now in place.,c diff contact precautions now in place,c different contact precautions now in place
yoruba,general,"K12 had a net margin of 4.06 and a return on equity of 6.92.
", net of 4.06 and a return on equity of 6.92 full stop,k 12 had a net margin of 4.06 and a return on equity of 6.92,net of 4.06 and a return on equity of 6.92 full stop
yoruba,clinical,Font sl full but soft., Frontenelle SL Full but soft.,font sl full but soft,frontenelle sl full but soft
yoruba,clinical,"Stiffness of right wrist, not elsewhere classified. CAPSULE, ORAL CLOXACILLIN SODIUM, CLOXACILLIN SODIUM, EQ 250MG BASE. Other osteoporosis with current pathological fracture, left lower leg,"," stiffness of right wrist, not elsewhere classified, capsule, oral cloxacillin sodium, cloxacillin sodium, equivalent of 250 mg base, other osteoporosis with current pathological fracture, left lower leg.",stiffness of right wrist not elsewhere classified capsule oral cloxacillin sodium cloxacillin sodium eq 250 mg base other osteoporosis with current pathological fracture left lower leg,stiffness of right wrist not elsewhere classified capsule oral cloxacillin sodium cloxacillin sodium equivalent of 250 mg base other osteoporosis with current pathological fracture left lower leg
yoruba,clinical,NEUROLOGICAL: Slightly hypotonic with decreased spontaneous movements.," Neurological, slightly hypotonic with decreased spontaneous movements, who stopped.",neurological slightly hypotonic with decreased spontaneous movements,neurological slightly hypotonic with decreased spontaneous movements who stopped
yoruba,clinical,"Parastomal hernia with obstruction, without gangrene. INJECTABLE, INJECTION TOBRAMYCIN SULFATE IN SODIUM CHLORIDE 0.9% IN PLASTIC CONTAINER, TOBRAMYCIN SULFATE, EQ 80MG BASE/100ML. Other fractures of lower end of right radius, subsequent encounter for", Parastomal hernia with obstruction without gangrene. Injectable injection tobramycin sulfate and sodium chloride 0.9% in plastic container. Tobramycin sulfate equivalent 80 mg base per 100 ml. Other fractures of lower end of right radius. Subsequent encounter 4.,parastomal hernia with obstruction without gangrene injectable injection tobramycin sulfate in sodium chloride 0.9% in plastic container tobramycin sulfate eq 80 mg base 100 ml other fractures of lower end of right radius subsequent encounter for,parastomal hernia with obstruction without gangrene injectable injection tobramycin sulfate and sodium chloride 0.9% in plastic container tobramycin sulfate equivalent 80 mg base per 100 ml other fractures of lower end of right radius subsequent encounter 4
yoruba,general,"Harrison paid a high financial, emotional and professional cost after going public but says she has since managed to rebuild her life, both personally and professionally."," I recently paid the high financial, emotional and professional cost after going public but since she has since managed to rebuild her life, but personally and professionally.",harrison paid a high financial emotional and professional cost after going public but says she has since managed to rebuild her life both personally and professionally,i recently paid the high financial emotional and professional cost after going public but since she has since managed to rebuild her life but personally and professionally
yoruba,general,Summer training courses  2012, summer training courses 2012.,summer training courses 2012,summer training courses 2012
yoruba,clinical,"This definition allows for a diagnosis of abnormal labor and, thus, for appropriate management, as discussed in the next chapter."," This denunciation allows for a diagnosis of abnormal liver and, thus, for appropriate management, as discussed in the next chapter.",this definition allows for a diagnosis of abnormal labor and thus for appropriate management as discussed in the next chapter,this denunciation allows for a diagnosis of abnormal liver and thus for appropriate management as discussed in the next chapter
yoruba,clinical,"Custom-designed medications such as Alvogyl, which contains a topical anaesthetic, and iodoform and eugenol may also be used to treat dry socket."," Custom, I think, designed medications such as Evogel, which contains a topical anesthetic, an iodophore, and Eugenol may also be used to treat dry socket, foot stop,",custom designed medications such as alvogyl which contains a topical anesthetic and iodoform and eugenol may also be used to treat dry socket,custom i think designed medications such as evogel which contains a topical anesthetic an iodophore and eugenol may also be used to treat dry socket foot stop
yoruba,general,"The Ledge will sit roughly 5,000 people, with a few VIP seating areas, and draw about 15-20 national acts every year.
"," The ledge will seat roughly 5,000 people, with a few VIP seating areas, and draw about 15-20 national arts every year for store.",the ledge will sit roughly 5000 people with a few vip seating areas and draw about 15 20 national acts every year,the ledge will seat roughly 5000 people with a few vip seating areas and draw about 15 20 national arts every year for store
yoruba,clinical,"However, failure to obtain adequate control of these vessels may result in their retraction into the abdomen and result in uncontrollable hemorrhage."," However, failure to obtain adequate control of these vessels may result in their retraction into the abdomen and result in uncontrollable hemorrhage, full stop.",however failure to obtain adequate control of these vessels may result in their retraction into the abdomen and result in uncontrollable hemorrhage,however failure to obtain adequate control of these vessels may result in their retraction into the abdomen and result in uncontrollable hemorrhage full stop
yoruba,general,"When bandits strike and hold people hostage, their pockets get fatter.
"," When bandits strike and old people hostage, their pockets get fatter.",when bandits strike and hold people hostage their pockets get fatter,when bandits strike and old people hostage their pockets get fatter
yoruba,general,"Many developing countries were experiencing significant trade finance gaps even before the COVID-19 crisis they face even tighter access to trade credit.
", Many developing countries were experiencing significant trade finance gaps even before the COVID-19 crisis. They faced even tighter access to trade credits full stop.,many developing countries were experiencing significant trade finance gaps even before the covid 19 crisis they face even tighter access to trade credit,many developing countries were experiencing significant trade finance gaps even before the covid 19 crisis they faced even tighter access to trade credits full stop
yoruba,general,"Check out the highlights below:
", Check out the highlight video column.,check out the highlights below,check out the highlight video column
yoruba,general,"In older times, songwriters were the newscasters of their village, relaying the important events of the times in melodic phrases and moral tones.
"," In older times, comma, songwriters were the new castors of their village, comma, relaying the important events of the times in melodic phrases and moral tunes. Full stop.",in older times songwriters were the newscasters of their village relaying the important events of the times in melodic phrases and moral tones,in older times comma songwriters were the new castors of their village comma relaying the important events of the times in melodic phrases and moral tunes full stop
yoruba,general,"All lyrics written by Residente , all music composed by Visitante . Adapted from Allmusic .
"," All lyrics written by Resident Evil 4, all music composed by Resident Evil 4 adapted from all music 4.",all lyrics written by residente all music composed by visitante adapted from allmusic,all lyrics written by resident evil 4 all music composed by resident evil 4 adapted from all music 4
yoruba,general,"Patient Landah Doyeh chief complaint started 5 days ago and lasted for five hours
", Patients' Ladadoyan chief complaint started five days ago and lasted for five hours.,patient landah doyeh chief complaint started 5 days ago and lasted for 5 hours,patients ladadoyan chief complaint started 5 days ago and lasted for 5 hours
yoruba,general,"Chappell is the leading advocate for greater formal recognition of the first Australian sporting team to travel overseas , the Australian Aboriginal cricket team in England in 1868 .
"," Chappell is the leading advocate for greater formal recognition of the first Australian sporting team to travel overseas, the Australian Aboriginal Cricket Team in England in 1868, full stop.",chappell is the leading advocate for greater formal recognition of the 1st australian sporting team to travel overseas the australian aboriginal cricket team in england in 1868,chappell is the leading advocate for greater formal recognition of the 1st australian sporting team to travel overseas the australian aboriginal cricket team in england in 1868 full stop
yoruba,clinical,0-cm margins.," 0-cm margins, full stop",0 cm margins,0 cm margins full stop
yoruba,general,"Spacesuits have their own heating and cooling systems and a radio communication system.
", spacesuits have their own heating and cooling systems and a radio communication system full,spacesuits have their own heating and cooling systems and a radio communication system,spacesuits have their own heating and cooling systems and a radio communication system full
yoruba,general,"And we had seen examples overseas, where the virus appeared to have been conquered, only to return.
"," And we had seen examples overseas, comma, where the virus appeared to have been conquered, comma, only to return full stop.",and we had seen examples overseas where the virus appeared to have been conquered only to return,and we had seen examples overseas comma where the virus appeared to have been conquered comma only to return full stop
yoruba,general,Track listing adapted from AllMusic ., Track listing adapted from all music. Full stop.,track listing adapted from allmusic,track listing adapted from all music full stop
yoruba,clinical,"At Erich Lindemann Mental Health Center she was discovered to have ARF, a large pericardial effusion, and bilateral pleural effusions ."," At Eric Lindemann Mental Health Center, she was discovered to have acute renal failure, enlarged pericardial effusion, and bilateral pleural effusions.",at erich lindemann mental health center she was discovered to have arf a large pericardial effusion and bilateral pleural effusions,at eric lindemann mental health center she was discovered to have acute renal failure enlarged pericardial effusion and bilateral pleural effusions
yoruba,clinical,Stitches should be removed on the seventh to the tenth day., stitches should be removed on the seventh to the tenth day,stitches should be removed on the 7th to the 10th day,stitches should be removed on the 7th to the 10th day
yoruba,clinical,It also seems that multiple-family groups are more efficacious than single-family sessions., It also seems that multiple family groups are more efficacious than single family sessions,it also seems that multiple family groups are more efficacious than single family sessions,it also seems that multiple family groups are more efficacious than single family sessions
yoruba,clinical,Treatment with certain chemotherapy agents and radiation therapy increases the rate of second malignancies., Treatment with certain chemotherapy agents and radiation therapy increases the rate of second malignancies post-op.,treatment with certain chemotherapy agents and radiation therapy increases the rate of 2nd malignancies,treatment with certain chemotherapy agents and radiation therapy increases the rate of 2nd malignancies post op
yoruba,clinical,"3 with EBRT, a 2 increased recurrence risk."," with ebiharuzi, a to increase recurrence risk to stop",3 with ebrt a 2 increased recurrence risk,with ebiharuzi a to increase recurrence risk to stop
yoruba,general,"What is important is that Nigerians should know that the police management is up and doing and it has done what it is supposed to do.
"," What is important is that Nigerians should know that the police management is up and doing and it has done what it is supposed to do,",what is important is that nigerians should know that the police management is up and doing and it has done what it is supposed to do,what is important is that nigerians should know that the police management is up and doing and it has done what it is supposed to do
yoruba,general,"In response, Grandefex told him, You will simply not receive your money.
"," In response, Grandifex told him, you will simply not receive your money, foodstuff.",in response grandefex told him you will simply not receive your money,in response grandifex told him you will simply not receive your money foodstuff
yoruba,general,"Rant to the same retirement home that doesnt let workers aka heroes in the front door, instead making them trek to the loading dock so no one sees them.
", Run to the same retirement home that doesn't let workers aka heroes in the front door come out instead making them trek to the loading dock so no one sees them. Full stop.,rant to the same retirement home that doesnt let workers aka heroes in the front door instead making them trek to the loading dock so no one sees them,run to the same retirement home that does not let workers aka heroes in the front door come out instead making them trek to the loading dock so no one sees them full stop
yoruba,clinical,PT CONT TO REQUIRE NEO UNABLE TO WEAN OFF.," A-T-C-O-N-T to require N-E-O, unable to win off.",pt cont to require neo unable to wean off,a t c 0 n t to require n e 0 unable to win off
yoruba,general,"Delta Correctional centres free 34 inmates
"," Delta Correctional Centre, 334 inmates.",delta correctional centers free 34 inmates,delta correctional center 334 inmates
yoruba,clinical,"In younger women, the breast consists predominantly of glandular tissue."," In younger women, the breast consists predominantly of glandular tissue.",in younger women the breast consists predominantly of glandular tissue,in younger women the breast consists predominantly of glandular tissue
yoruba,clinical,The walls of the endocervical canal contain numerous folds and plicae., The walls of the Endosava cannot contain numerous woods and,the walls of the endocervical canal contain numerous folds and plicae,the walls of the endosava cannot contain numerous woods and
yoruba,clinical,IMPRESSION: No left ventricular thrombus., Impression. No left ventricular thrombus.,impression no left ventricular thrombus,impression no left ventricular thrombus
yoruba,general,"The study did focus on a very, very, very specific group: male firefighters in their 30s and 40s and from Indiana who went to a particular clinic.
"," The study did focus on a very, very, very specific group, male firefighters in their 30s and 40s and from Indiana who went to a particular full stop.",the study did focus on a very very very specific group male firefighters in their 30s and 40s and from indiana who went to a particular clinic,the study did focus on a very very very specific group male firefighters in their 30s and 40s and from indiana who went to a particular full stop
yoruba,general,"For some tenants, she said, Marshall House represented the longest period of stable housing they had ever had.
"," For some tenants, she said, Marshall House represented the longest period of stable housing they have ever had, full stop.",for some tenants she said marshall house represented the longest period of stable housing they had ever had,for some tenants she said marshall house represented the longest period of stable housing they have ever had full stop
yoruba,general,"The eight names that have so far emerged included a leading critic of the APC federal administration.
"," The eight names that have so far emerged included a leading critic of the APC Federal Administration, FUSOP.",the 8 names that have so far emerged included a leading critic of the apc federal administration,the 8 names that have so far emerged included a leading critic of the apc federal administration fusop
yoruba,general,"Youve got to go back and get a great Wednesday practice in, youve got to get a great Thursday practice in if you can get it or whatever the case may be, come out and practice Friday and try to re-duplicate what we just did.
"," You've got to go back and get a great Wednesday practice in, you've got to go get a great Thursday practice in, if you can get it, or whatever the case may be, come out and practice Friday and try to re-duplicate what we just did. Full stop.",youve got to go back and get a great wednesday practice in youve got to get a great thursday practice in if you can get it or whatever the case may be come out and practice friday and try to re duplicate what we just did,you have got to go back and get a great wednesday practice in you have got to go get a great thursday practice in if you can get it or whatever the case may be come out and practice friday and try to re duplicate what we just did full stop
yoruba,clinical,12/07/2025 7: 28 AM, 12 slash 07 slash 2025 7 28 a.m.,12 7 2025 7 28 am,12 slash 7 slash 2025 7 28 a m
yoruba,general,"Sanchez and Angle were like brothers sharing countless memories together.
"," Sanchez and Hangu were like brothers sharing countless memories together, Fusto.",sanchez and angle were like brothers sharing countless memories together,sanchez and hangu were like brothers sharing countless memories together fusto
yoruba,general,"Angel says why not? Adding that Sammie likes her.
"," And just as we know, it's much harder than something like that.",angel says why not adding that sammie likes her,and just as we know it is much harder than something like that
yoruba,general,"In 2022, the use of artemisinin, dihydroartemisinin, artemether, artesunate Antimalarials were prohibited in Lagos and Abuja by Ugelo Ifalade the current NAFDAC DG
"," In 2022, the use of Artemisinin, Dehydroatemisinin, Atemeta, artesunate antimalarials were prohibited in Lagos and Abuja by Udelo Ifalade, the current NAVDAC DG.",in 2022 the use of artemisinin dihydroartemisinin artemether artesunate antimalarials were prohibited in lagos and abuja by ugelo ifalade the current nafdac dg,in 2022 the use of artemisinin dehydroatemisinin atemeta artesunate antimalarials were prohibited in lagos and abuja by udelo ifalade the current navdac dg
yoruba,general,"While child infection rates have increased, the data show that most children do not get critically ill with the disease.
"," High child infection rates have increased, comma. The data showed that most children do not get critically ill with the disease, full stop.",while child infection rates have increased the data show that most children do not get critically ill with the disease,high child infection rates have increased comma the data showed that most children do not get critically ill with the disease full stop
yoruba,general,"The family history of Nwadiogwa disease was important for Udodi who is a doctor at Birnin Kebbi university but lives in Jalingo with his wife Nwabugo
"," The family history of Nwadi Ogwa disease was important for Udodi, who is a doctor at Benin Kebi University but lives in Jalingo with his wife, Nwabugo.",the family history of nwadiogwa disease was important for udodi who is a doctor at birnin kebbi university but lives in jalingo with his wife nwabugo,the family history of nwadi ogwa disease was important for udodi who is a doctor at benin kebi university but lives in jalingo with his wife nwabugo
yoruba,clinical,Pt Matarah 10 out of arm and infiltrated., Patients Matara turned out of harm and infiltrated.,pt matarah 10 out of arm and infiltrated,patients matara turned out of harm and infiltrated
yoruba,clinical,Noted 1 small spit aspirates 1-3.2 girth 25.5-25., Noted one small speed aspirate 1 to 3.2 gets 25.5 to 25 full stop.,noted one small spit aspirates one 3.2 girth 25.5 25,noted one small speed aspirate one to 3.2 gets 25.5 to 25 full stop
yoruba,clinical,"Plasmapheresis is frequently used, but it is not clear what etiologic factor is being removed by the pheresis.
"," Plasma ferrous is frequently used, but it is not clear what etiologic factor is being removed by the ferrous, full stop.",plasmapheresis is frequently used but it is not clear what etiologic factor is being removed by the pheresis,plasma ferrous is frequently used but it is not clear what etiologic factor is being removed by the ferrous full stop
yoruba,general,"So, a person should not be tempted beyond what he or she can bear.
"," So, comma, a person should not be tempted beyond what he or she can bear. Full stop.",so a person should not be tempted beyond what he or she can bear,so comma a person should not be tempted beyond what he or she can bear full stop
yoruba,clinical,RECULTURING IF SPIKES >101., Reculturing if spikes greater than 1.01,reculturing if spikes 101,reculturing if spikes greater than one.01
yoruba,clinical,Compared to the prior study of estimated pulmonary artery systolic pressure is now higher and the left atrium is now larger., Compared to the prior study of estimated pulmonary atresistoli prior is now higher and the left atrium is now larger.,compared to the prior study of estimated pulmonary artery systolic pressure is now higher and the left atrium is now larger,compared to the prior study of estimated pulmonary atresistoli prior is now higher and the left atrium is now larger
yoruba,clinical,"heent - anicteric sclera, op clear with mmm", and make scary sclera up clear with M M M,heent anicteric sclera op clear with,and make scary sclera up clear with m m m
yoruba,clinical,Preoperative assessment may be assisted by the use of pelvic imaging techniques such as ultrasound.," Preoperative assessment may be assisted by the use of pelvic imaging techniques such as ultrasound, booster,",preoperative assessment may be assisted by the use of pelvic imaging techniques such as ultrasound,preoperative assessment may be assisted by the use of pelvic imaging techniques such as ultrasound booster
yoruba,general,"With so many out of work during the pandemic stay-at-home directive, food pantry operators say demand for food is up by 140 percent.
"," With so many out of work during the pandemic stay-at-home directive, food pantry operators say demand for food is up by 140%, full stop.",with so many out of work during the pandemic stay at home directive food pantry operators say demand for food is up by 140%,with so many out of work during the pandemic stay at home directive food pantry operators say demand for food is up by 140% full stop
yoruba,general,"The backbone of the sport, its economic engine, is the passion fans have for it.
"," The backbone of the sport, its economic engine, is the passion fans have for it, full stop.",the backbone of the sport its economic engine is the passion fans have for it,the backbone of the sport its economic engine is the passion fans have for it full stop
yoruba,clinical,On contact precautions for gent-res Tobela., on contact precautions for gents having arius tubular foot stop,on contact precautions for gent res tobela,on contact precautions for gents having arius tubular foot stop
yoruba,general,"But this year, 63 percent were black and 37 percent were white.
"," But this year, 63% were black and 37% were white, full stop.",but this year 63% were black and 37% were white,but this year 63% were black and 37% were white full stop
yoruba,clinical,"Unfortunately, the 5-year survival of patients with uterine sarcoma is only 50."," Unfortunately, the 5-year survival of patients with uterine sarcoma is only 50, full stop.",unfortunately the 5 year survival of patients with uterine sarcoma is only 50,unfortunately the 5 year survival of patients with uterine sarcoma is only 50 full stop
yoruba,clinical,This is a simple and less radical procedure with less risk of damage to blood vessels and nerves of the teeth., This is a simple and less radical procedure with less risk of damage to blood vessels and nerves of the teeth.,this is a simple and less radical procedure with less risk of damage to blood vessels and nerves of the teeth,this is a simple and less radical procedure with less risk of damage to blood vessels and nerves of the teeth
yoruba,clinical,"These lesions occur more frequently in women, are often multiple and small, and have low malignant potential 5 metastasize."," These lesions are common frequently in women in coma, alpha-multiple and small coma, and have low malignant potential. 5 meters in size.",these lesions occur more frequently in women are often multiple and small and have low malignant potential 5 metastasize,these lesions are common frequently in women in coma alpha multiple and small coma and have low malignant potential 5 meters in size
yoruba,clinical,at for head tract Admitting Diagnosis: SUBDURAL HEMATOMA," Arts for a Tract, Admitting Diagnosis, Subdural Hematoma.",at for head tract admitting diagnosis subdural hematoma,arts for a tract admitting diagnosis subdural hematoma
yoruba,general,"They compound all this by unbridled corruption.
"," They compound all this by unbridled corruption, full stop.",they compound all this by unbridled corruption,they compound all this by unbridled corruption full stop
yoruba,clinical,Passavants Ridge or Bar This is a rounded ridge which appears on the posterior pharyngeal wall during closure of the nasopharyngeal isthmus.," Perseverance Rage or BAR, this is a rounded risk with attacks on the posterior financial wall during closure of the nasophageal mucosa.",passavants ridge or bar this is a rounded ridge which appears on the posterior pharyngeal wall during closure of the nasopharyngeal isthmus,perseverance rage or bar this is a rounded risk with attacks on the posterior financial wall during closure of the nasophageal mucosa
yoruba,general,"A former Central Bank of Nigerias Deputy Governor, Kingsley Moghalu, has expressed disappointment over the outcome of the African Democratic Congress presidential election.
"," The former Central Bank of Nigeria's Deputy Governor of Lukuma, Kingsley Magal Lukuma, has displayed disappointment over the outcome of the African Democratic Congress presidential election, full stop.",a former central bank of nigerias deputy governor kingsley moghalu has expressed disappointment over the outcome of the african democratic congress presidential election,the former central bank of nigeria is deputy governor of lukuma kingsley magal lukuma has displayed disappointment over the outcome of the african democratic congress presidential election full stop
yoruba,clinical,His mother called prior to his father arrival.," His mother called prayer to his father, Araebo.",his mother called prior to his father arrival,his mother called prayer to his father araebo
yoruba,general,"Among the executive branch authorities is the International Emergency Economic Powers Act IEEPA, which some of the Presidents more hawkish advisers hope he will use not only to ban TikTok, but also WeChat and other China-based apps.
"," Among the executive branch authorities is the International Emergency Economic Power, AXIE EPA, which some of the president's more hawkish advisors hope it will use not only to ban TikTok, but also WeChat and other China-Iphine-based apps, full stop.",among the executive branch authorities is the international emergency economic powers act ieepa which some of the presidents more hawkish advisers hope he will use not only to ban tiktok but also wechat and other china based apps,among the executive branch authorities is the international emergency economic power axie epa which some of the president is more hawkish advisors hope it will use not only to ban tiktok but also wechat and other china iphine based apps full stop
yoruba,general,"I have a 67 yr old man, Omolara Fundudiyegha who presented with dizziness and chest pain
"," I have a 67-year-old man, Omalora Fundodi Yegba, who presented with dizziness and chest pain.",i have a 67 yr old man omolara fundudiyegha who presented with dizziness and chest pain,i have a 67 year old man omalora fundodi yegba who presented with dizziness and chest pain
yoruba,general,"If the hints APC chairman Adamu Abdullahi dropped on May 26 that the field of contest will be open to all contestants, you can expect the ticket to go to the highest bidder.
"," If the hate, all progressive Congress Chairman Adama Abdullah dropped on May 26th, the field of contest will be open to all contestants. Come what you are, you can exchange the ticket to vote with the full stop.",if the hints apc chairman adamu abdullahi dropped on may 26 that the field of contest will be open to all contestants you can expect the ticket to go to the highest bidder,if the hate all progressive congress chairman adama abdullah dropped on may 26th the field of contest will be open to all contestants come what you are you can exchange the ticket to vote with the full stop
yoruba,general,Lessons of hajj, Lessons for Hardship,lessons of hajj,lessons for hardship
yoruba,clinical,MORPHINE IV IF PT'S CONDITION DETERIORATES., Muffin IV if patient's condition deteriorates.,morphine iv if pt is condition deteriorates,muffin iv if patient is condition deteriorates
yoruba,clinical,Ileorectal anastomoses commonly make use of this configuration., Iliorectal anastomosis commonly make use of this configuration full stop.,ileorectal anastomoses commonly make use of this configuration,iliorectal anastomosis commonly make use of this configuration full stop
yoruba,clinical,Patients with poor medical control or significant drug side effects may benefit significantly from placement of bilateral deep brain stimulators in the subthalamic nuclei.," Patients with poor medical control or significant drug side effects may benefit significantly from placement of bilateral deep brain simulators in the subtalamic nuclei, fustupus.",patients with poor medical control or significant drug side effects may benefit significantly from placement of bilateral deep brain stimulators in the subthalamic nuclei,patients with poor medical control or significant drug side effects may benefit significantly from placement of bilateral deep brain simulators in the subtalamic nuclei fustupus
yoruba,general,"But the Nigerian government is confused and careless.
", but the Nigerian government is confused and careless.,but the nigerian government is confused and careless,but the nigerian government is confused and careless
yoruba,general,"Jigawa PDP governorship candidate picks party chair as running mate
", Jigawa PDP governorship candidate picks Patichie as running mate.,jigawa pdp governorship candidate picks party chair as running mate,jigawa pdp governorship candidate picks patichie as running mate
yoruba,general,"Less cash flow means less jobs and investment.
", Less cash flow means less jobs and investment full stop.,less cash flow means less jobs and investment,less cash flow means less jobs and investment full stop
yoruba,clinical,"Source: Adapted from Martin515T HE BREAST  17cell-cycle control, and DNA damage repair pathways."," But adapted from Martin's 5153, he breaks 17 self-control and DNA damage repair pathways.",source adapted from martin 515 t he breast 17 cell cycle control and dna damage repair pathways,but adapted from martin is 5153 he breaks 17 self control and dna damage repair pathways
yoruba,general,"Powering up Redmi 10A is a MediaTek Helio G25 processor, with an octa-core CPU up to 2.0GHz.
", Powering up Redmi 10A is a MediaTek Helio G25 processor comma with a octa-core CPU up to 2.0 GHz full stop.,powering up redmi 10 a is a mediatek helio g 25 processor with an octa core cpu up to 2 ghz,powering up redmi 10 a is a mediatek helio g 25 processor comma with a octa core cpu up to 2 ghz full stop
yoruba,general,"This average of poll numbers created by Real Clear Politics includes Fox News, showing Biden with a 10 point advantage.
"," This average of poll numbers created by RealClearPolitics include Fox News, Shem Biden with a 10-point advantage, full stop.",this average of poll numbers created by real clear politics includes fox news showing biden with a 10 point advantage,this average of poll numbers created by realclearpolitics include fox news shem biden with a 10 point advantage full stop
yoruba,clinical,SEE CAREVUE FOR SPECIFIC AMOUNTS., See careful for specific amounts.,see carevue for specific amounts,see careful for specific amounts
yoruba,clinical,"Nutrition is provided, usually through the parenteral route initially."," Nutrition is provided, common, usually through the parenteral route initially, full stop.",nutrition is provided usually through the parenteral route initially,nutrition is provided common usually through the parenteral route initially full stop
yoruba,clinical,lt arm-redness and edema persist no drug., arm redness and edema persist no diagnosis related group,lieutenant arm redness and edema persist no drug,arm redness and edema persist no diagnosis related group
yoruba,clinical,5. Prednisone, Prednisone.,5 prednisone,prednisone
yoruba,general,"In the same Vision From God where He told the owners to fire a bunch of their staff, He also said they should keep stores open.
"," In the same vision from God, where he told the owners to fire a bunch of their staff, he also said they should keep stores open, full stop.",in the same vision from god where he told the owners to fire a bunch of their staff he also said they should keep stores open,in the same vision from god where he told the owners to fire a bunch of their staff he also said they should keep stores open full stop
yoruba,general,"Abiri Ekeoma Other Antimalarial drugs include pyrimethamine, proguanil, chlorproguanil, and trimethoprim
"," Abiru Ekeoma, other antimalarial drugs include pyrimethanil, proguanil, chloroproguanil, and trimethoprine.",abiri ekeoma other antimalarial drugs include pyrimethamine proguanil chlorproguanil and trimethoprim,abiru ekeoma other antimalarial drugs include pyrimethanil proguanil chloroproguanil and trimethoprine
yoruba,general,"Thats something thats proven true at Loggers Trail.
", That's something that's proven true at Logar's Trail for Stop.,thats something thats proven true at loggers trail,that is something that is proven true at logar is trail for stop
yoruba,general,"Nearly 44 percent respondents said Labour does not take Islamophobia seriously, while 55 percent did not trust the party to tackle anti-Muslim sentiment."," Nearly 44% respondents said Labour does not take Islamophobia seriously, while 55% did not trust the party to tackle anti-Iphraim Muslim statements.",nearly 44% respondents said labor does not take islamophobia seriously while 55% did not trust the party to tackle anti muslim sentiment,nearly 44% respondents said labor does not take islamophobia seriously while 55% did not trust the party to tackle anti iphraim muslim statements
yoruba,clinical,RR decreased from 30's to 20's with treatment and patient looked more comfortable.," respiratory decreased from 30s to 20s, which treatment and patients looked more comfortable.",rr decreased from 30 is to 20 is with treatment and patient looked more comfortable,respiratory decreased from 30s to 20s which treatment and patients looked more comfortable
igbo,clinical,To grant such a patent license to a party means to make such an agreement or commitment not to enforce a patent against the party., To grant such a patent license to a party means to make such an agreement or commitment not to enforce a patent against the party. Full stop.,to grant such a patent license to a party means to make such an agreement or commitment not to enforce a patent against the party,to grant such a patent license to a party means to make such an agreement or commitment not to enforce a patent against the party full stop
igbo,general,"He stated, Some were discriminated against while others were completely disenfranchised and their teeming supporters, who were amongst the delegates, could not cast their votes while the exercise lasted.
"," He stated, comma, some were discriminated against while others were completely disenfranchised and their teaming supporters, comma, who were amongst the delegates, comma, could not cast their votes while the exercise lasted to stop.",he stated some were discriminated against while others were completely disenfranchised and their teeming supporters who were amongst the delegates could not cast their votes while the exercise lasted,he stated comma some were discriminated against while others were completely disenfranchised and their teaming supporters comma who were amongst the delegates comma could not cast their votes while the exercise lasted to stop
igbo,general,"Tuesday 28 April, 1998 next line. Neuro: Pt Daramola Achike 08 February, 2003
"," Tuesday, 28 April, 1998, Next Line, Full Stop, New York, Colon, Peshendara Mola, Achike, 08 February, 2003.",tuesday 28 april 1998 next line neuro pt daramola achike 8 february 2003,tuesday 28 april 1998 next line full stop new york colon peshendara mola achike 8 february 2003
igbo,clinical,"Nursing care provided for the patient before, during, and after surgery is called perioperative nursing."," Nursing care provided for the patient before, during, and after surgery is called perioperative nursing. Full stop.",nursing care provided for the patient before during and after surgery is called perioperative nursing,nursing care provided for the patient before during and after surgery is called perioperative nursing full stop
igbo,general,"This morning Chimereya came to Chinoye hospital in Ibadan to see Dr Hussaina
"," This morning, I came to Inoie Hospital in Ibarra to see Dr. Hussain.",this morning chimereya came to chinoye hospital in ibadan to see doctor hussaina,this morning i came to inoie hospital in ibarra to see doctor hussain
igbo,general,"In the next five years, Nigeria can attain self-sufficiency in milk production.
"," In the next five years, Nigeria can attain self-sufficiency in milk production full stop.",in the next 5 years nigeria can attain self sufficiency in milk production,in the next 5 years nigeria can attain self sufficiency in milk production full stop
igbo,clinical,Action: Pt had HD yesterday with Response: Plan: Pt has been called out and is waiting for a bed on the Nwabuisi., Action. Patient had HD yesterday with response. Plan. Patient has been called out and is waiting for a bed on the WAPC.,action pt had hd yesterday with response plan pt has been called out and is waiting for a bed on the nwabuisi,action patient had hd yesterday with response plan patient has been called out and is waiting for a bed on the wapc
igbo,clinical,Propanolol 20 mg tid, propanolol 20 mg TID,propanolol 20 mg tid,propanolol 20 mg tid
igbo,clinical,"If the child survives, he or she should be monitored for the later appearance of colonic polyps"," If the child survives, he or she should be monitored for the later appearance of colonic polyps.",if the child survives he or she should be monitored for the later appearance of colonic polyps,if the child survives he or she should be monitored for the later appearance of colonic polyps
igbo,clinical,GI: ABDOMEN SOFT NON-TENDER APPETITE FAIR BUT IMPROVING NO STOOL," GI, abdomen soft, non-tender, appetite fair but improving, no stool.",gi abdomen soft non tender appetite fair but improving no stool,gi abdomen soft non tender appetite fair but improving no stool
igbo,clinical,I agree with the above assessment written by Egboe Nomer., I agree with the above assessment written by Ebo Noma.,i agree with the above assessment written by egboe nomer,i agree with the above assessment written by ebo noma
igbo,clinical,"Traumatic rupture of other ligament of other finger at metacarpophalan. TABLET, ORAL AMITRIPTYLINE HYDROCHLORIDE, AMITRIPTYLINE HYDROCHLORIDE, 50MG. Spastic entropion of left lower eyelid", Traumatic rupture of other ligament of other finger at metacarpophalangeal. Tablet oral amitriptyline hydrochloride. Amitriptyline hydrochloride 50 mg. Spastic entropion of left lower eyelid.,traumatic rupture of other ligament of other finger at metacarpophalan tablet oral amitriptyline hydrochloride amitriptyline hydrochloride 50 mg spastic entropion of left lower eyelid,traumatic rupture of other ligament of other finger at metacarpophalangeal tablet oral amitriptyline hydrochloride amitriptyline hydrochloride 50 mg spastic entropion of left lower eyelid
igbo,clinical,Weigh yourself every morning call your primary care doctor or your cardiologist if your weight goes up more than 3 lbs., Weigh yourself every morning. Call your primary care doctor or your cardiologist if your weight goes up more than 3 pounds.,weigh yourself every morning call your primary care doctor or your cardiologist if your weight goes up more than 3 lbs,weigh yourself every morning call your primary care doctor or your cardiologist if your weight goes up more than £3
igbo,clinical,CTA was performed and was negative for PE but revealed bilateral upper lobe consolidations.," CTA was performed and was negative for PE, but revealed bilateral upper lobe consolidations.",cta was performed and was negative for pe but revealed bilateral upper lobe consolidations,cta was performed and was negative for pe but revealed bilateral upper lobe consolidations
igbo,general,"She sees the little girl again as well as two Silence.
"," She sees the little girl again, as well as two silence who stop.",she sees the little girl again as well as 2 silence,she sees the little girl again as well as 2 silence who stop
igbo,general,"The game changer is to transform the economy into a vibrant, technology-led productive one with the private sector taking the lead.
"," The game changer is to transform the economy into a vibrant coma, technology-led, productive one, with the private sector taking the lead, full stop.",the game changer is to transform the economy into a vibrant technology led productive one with the private sector taking the lead,the game changer is to transform the economy into a vibrant coma technology led productive one with the private sector taking the lead full stop
igbo,general,The mystery around the childs eczema patches was solved on a hot Sunday afternoon when some of the neighbors and I indulged in small compound gossip. The mother of the child openly admitted to being on a mission to lighten her childs skin tone., The mystery around the child's eczema patches was solved on a hot Sunday afternoon when some of the nerves and eyes endured a small compound gauzy fustle. The mother of the child openly admitted to being on a mission to lighten her child's skin tone fustle.,the mystery around the childs eczema patches was solved on a hot sunday afternoon when some of the neighbors and i indulged in small compound gossip the mother of the child openly admitted to being on a mission to lighten her childs skin tone,the mystery around the child is eczema patches was solved on a hot sunday afternoon when some of the nerves and eyes endured a small compound gauzy fustle the mother of the child openly admitted to being on a mission to lighten her child is skin tone fustle
igbo,general,"Online learning is here to stay for the foreseeable future.
", Online learning is here to stay for the foreseeable future.,online learning is here to stay for the foreseeable future,online learning is here to stay for the foreseeable future
igbo,clinical,LUNGS WERE CLEAR BUT VERY DIM THROUGHOUT., Lungs were clear but very dim throughout.,lungs were clear but very dim throughout,lungs were clear but very dim throughout
igbo,clinical,PRN morphine tylenol and toradol administered with good effect.," When necessary, morphine Tylenol and Toradol administered with good effect.",prn morphine tylenol and toradol administered with good effect,when necessary morphine tylenol and toradol administered with good effect
igbo,general,"Those sort of gangbusters numbers have not only made Singh a household name with the younger generations, theyve carried her to professional success beyond the mere reach of YouTube.
"," Those sorts of gangbusters numbers have not only made seeing a household name with the younger generations, comma, Dave, carried her to professional success beyond the mere reach of YouTube.",those sort of gangbusters numbers have not only made singh a household name with the younger generations theyve carried her to professional success beyond the mere reach of youtube,those sorts of gangbusters numbers have not only made seeing a household name with the younger generations comma dave carried her to professional success beyond the mere reach of youtube
igbo,clinical,"Her mother reports that the patient stated her right hand felt """"funny"""" perhaps numb or tingling the day after completing the taper."," Her mother reports that the patient stated her right hand felt funny, perhaps numb or tingling, the day after completing the taper.",her mother reports that the patient stated her right hand felt funny perhaps numb or tingling the day after completing the taper,her mother reports that the patient stated her right hand felt funny perhaps numb or tingling the day after completing the taper
igbo,general,"Thus far, Nigeria remains the largest contributor of Fellows each year.
", Koma Nigeria remains the largest contributor of fellows each year to Stoke,thus far nigeria remains the largest contributor of fellows each year,koma nigeria remains the largest contributor of fellows each year to stoke
igbo,clinical,GI/GU: Abdomen soft two BMs this shift with trace OB positive., GI slash GU colon. Abdomen soft. Two BMS. This shift with trace will be positive.,gi gu abdomen soft 2 bms this shift with trace ob positive,gi slash gu colon abdomen soft 2 bms this shift with trace will be positive
igbo,clinical,"Neurologically, grossly nonfocal ."," New Mexico City, CrossFit Non-Football.",neurologically grossly nonfocal,new mexico city crossfit non football
igbo,clinical,The mucosal app is now excised so that cyst lining and mucosa can be sewn together round the edges of the window Figure 13., The mucosa anterior-posterior is now excised so that cyst lining and mucosa can be sewn together around the edges of the window figure 13.,the mucosal app is now excised so that cyst lining and mucosa can be sewn together round the edges of the window figure 13,the mucosa anterior posterior is now excised so that cyst lining and mucosa can be sewn together around the edges of the window figure 13
igbo,general,"The singers sixth album is expected for release in 2012.
"," The singer's sixth album is expected for release in 2012, Full Stop.",the singers 6th album is expected for release in 2012,the singer is 6th album is expected for release in 2012 full stop
igbo,general,"Azumini was seen at Bahworekay Hospital Kisumu Dakar on 02/04/2023 5 days ago
"," Azumini was seen at Bawarikei Hospital, Kisimu, Dakar on 2nd of April 2023, five days ago.",azumini was seen at bahworekay hospital kisumu dakar on 2 4 2023 5 days ago,azumini was seen at bawarikei hospital kisimu dakar on 2nd of april 20235 days ago
igbo,general,A major slogan of the demonstrators in the Arab world was Ash-shab yurid isqat an-nizam the people want to bring down the regime.," The major slogan of the demonstrators in the Arab world was Hush, iPhone Sharp, Ubit, E-Squad and iPhone Niza. People want to bring down the regime full stop.",a major slogan of the demonstrators in the arab world was ash shab yurid isqat an nizam the people want to bring down the regime,the major slogan of the demonstrators in the arab world was hush iphone sharp ubit e squad and iphone niza people want to bring down the regime full stop
igbo,general,"A statement by the forecaster said: Snow arriving from the north later tomorrow, moving south through Thursday morning may lead to some travel disruption."," A statement by the forecaster said, column, snow arriving from the north later tomorrow, comma, moving south through Thursday morning may lead to some travel disruption, full stop.",a statement by the forecaster said snow arriving from the north later tomorrow moving south through thursday morning may lead to some travel disruption,a statement by the forecaster said column snow arriving from the north later tomorrow comma moving south through thursday morning may lead to some travel disruption full stop
igbo,general,"After that, Quantrills men went into smaller groups that spread throughout Lawrence.
"," After that, Kwantrin's men went into smaller groups that spread through at Lawrence, Fustor,",after that quantrills men went into smaller groups that spread throughout lawrence,after that kwantrin is men went into smaller groups that spread through at lawrence fustor
igbo,clinical,"Neck hematoma secondary to pulmonary artery line placement requiring transfusion, catheter tip infection ."," Neck hematoma, secondary to pulmonary artery, line placement requiring transfusion, catheter, tip infection.",neck hematoma secondary to pulmonary artery line placement requiring transfusion catheter tip infection,neck hematoma secondary to pulmonary artery line placement requiring transfusion catheter tip infection
igbo,clinical,"Treatment with systemic corticosteroids is indicated for pulmonary fibrosis,  cerebral lesions,  or hypercalcemia."," Treatment with systemic corticosteroids is indicated for pulmonary fibrosis, cerebral lesions, or hypercalcemia. Full stop.",treatment with systemic corticosteroids is indicated for pulmonary fibrosis cerebral lesions or hypercalcemia,treatment with systemic corticosteroids is indicated for pulmonary fibrosis cerebral lesions or hypercalcemia full stop
igbo,clinical,MAE but is weak left side slightly weaker than right., MAE but is weak left side slightly weaker than right,mae but is weak left side slightly weaker than right,mae but is weak left side slightly weaker than right
igbo,clinical,"However, no currently available marker is sufficiently accurate for clinical use."," However, KUOMANDO's currently available marker is sufficiently accurate for chemical useful",however no currently available marker is sufficiently accurate for clinical use,however kuomando is currently available marker is sufficiently accurate for chemical useful
igbo,general,"These extraordinary activists keep the worlds poor at the forefront of their lifes work, take exceptional actions to end extreme poverty in their own communities, and foster social change across the globe, Global Citizen said on its website.
"," These extraordinary activists keep the words for at the forefront of their life work, take exceptional actions to end extreme poverty in their communities, and foster social change across the globe, global citizen, said on its website, Fullstop.",these extraordinary activists keep the worlds poor at the forefront of their lifes work take exceptional actions to end extreme poverty in their own communities and foster social change across the globe global citizen said on its website,these extraordinary activists keep the words for at the forefront of their life work take exceptional actions to end extreme poverty in their communities and foster social change across the globe global citizen said on its website fullstop
igbo,general,"Her grandfather appeared on the show as well.
"," Her grandfather appeared on the show as well, full stop.",her grandfather appeared on the show as well,her grandfather appeared on the show as well full stop
igbo,clinical,cap with rubber liner.," with rubber liner, full stock.",cap with rubber liner,with rubber liner full stock
igbo,clinical,Turn the safety cap on the suction button of the catheter so that button is depressed easily., Turn safety cap on suction button of character. So that's Watson is depressed easily full stop,turn the safety cap on the suction button of the catheter so that button is depressed easily,turn safety cap on suction button of character so that is watson is depressed easily full stop
igbo,general,"MINSK, 6 August BelTA  There are plans to promote innovation centers in Belarus, Deputy Prime Minister Yuri Nazarov told reporters as he visited the Horizont Innovation Center, BelTA has learned.
"," Minsk, 6 August, Belta. There are plans to promote innovation centers in Belarus, Deputy Prime Minister Yuri Nazarov told reporters as he visited the Horizont Innovation Center, Belta has learned, full stop.",minsk 6 august belta there are plans to promote innovation centers in belarus deputy prime minister yuri nazarov told reporters as he visited the horizont innovation center belta has learned,minsk 6 august belta there are plans to promote innovation centers in belarus deputy prime minister yuri nazarov told reporters as he visited the horizont innovation center belta has learned full stop
igbo,clinical,Duloxetine 20 mg PO QHS, Duloc 1320mg POQHS.,duloxetine 20 mg po qhs,duloc 1320 mg poqhs
igbo,general,Note the YGBSM means Youve got to be shitting me, Note the YGBS and means you've got to be,note the ygbsm means youve got to be shitting me,note the ygbs and means you have got to be
igbo,general,"Party primaries: As dollars elected, created mannequins
"," Party primaries, cologne, as dollars elected, comma, created mannequins.",party primaries as dollars elected created mannequins,party primaries cologne as dollars elected comma created mannequins
igbo,clinical,Hold Digoxin and lostartan for now if we determine this is his new baseline can restart., Hold the guns in and lose a turn for now if we determine this is his new baseline can restart. Full stop.,hold digoxin and lostartan for now if we determine this is his new baseline can restart,hold the guns in and lose a turn for now if we determine this is his new baseline can restart full stop
igbo,clinical,I have examined the baby. Agree with above note by Inda Ugwueze Addanae PCA.," I've examined the baby, agreed with the above notes, but I'm not aware that I've done a PCA full stop.",i have examined the baby agree with above note by inda ugwueze addanae pca,i have examined the baby agreed with the above notes but i am not aware that i have done a pca full stop
igbo,clinical,Tube feeds advanced to goal 85cc/hr., Two feet advanced to goal. 85 cc per hour.,tube feeds advanced to goal 85 cc hr,2 feet advanced to goal 85 cc per hour
igbo,clinical,Paranasal sinus inflammatory disease., for our nasal sinus infiltration.,paranasal sinus inflammatory disease,for our nasal sinus infiltration
igbo,general,"Dr. Mrs. Oluwafunbi Chukwukelu in her Ogbomoso interview said Malaria, Typhoid fever, Yellow fever, Tuberculosis, COVID-19 are endemic diseases
"," Dr. Mrs. Oluwafumbi Chikukelu in her Ubu Mosho interview said malaria, typhoid fever, yellow fever, tuberculosis, COVID-19 are endemic diseases.",doctor missus oluwafunbi chukwukelu in her ogbomoso interview said malaria typhoid fever yellow fever tuberculosis covid 19 are endemic diseases,doctor missus oluwafumbi chikukelu in her ubu mosho interview said malaria typhoid fever yellow fever tuberculosis covid 19 are endemic diseases
igbo,general,"At dinner, she tells him that she really likes simple things."," Adina, she tells him that she really likes him, but it's too slow.",at dinner she tells him that she really likes simple things,adina she tells him that she really likes him but it is too slow
igbo,clinical,not candidate for bedside PICC., not candidate for bedside PICC.,not candidate for bedside picc,not candidate for bedside picc
igbo,general,"This protects the building from damage by heavy rain.
", This protects the building from damage by heavy rain full stop.,this protects the building from damage by heavy rain,this protects the building from damage by heavy rain full stop
igbo,clinical,She currently is out of work and living with family members., She is currently out of work and living with family members.,she currently is out of work and living with family members,she is currently out of work and living with family members
igbo,general,"Mokolodi Nature Reserve, Gaborone Game Reserve and Manyelanong Game Reserve are the major tourist places in the district.
"," Mokolo De Nature Reserve, Komagaburoni Game Reserve and Mani Lannon Game Reserve are the major tourist places in the district.",mokolodi nature reserve gaborone game reserve and manyelanong game reserve are the major tourist places in the district,mokolo de nature reserve komagaburoni game reserve and mani lannon game reserve are the major tourist places in the district
igbo,general,"Leaf  Also known as looseleaf , cutting or bunching lettuce , this type has loosely bunched leaves and is the most widely planted . It is used mainly for salads .", leaf also known as loose leaf comma cutting or bunching lettuce comma this type has loosely bunched leaves and is the most widely planted food stock it is used mainly for sellers whose,leaf also known as looseleaf cutting or bunching lettuce this type has loosely bunched leaves and is the most widely planted it is used mainly for salads,leaf also known as loose leaf comma cutting or bunching lettuce comma this type has loosely bunched leaves and is the most widely planted food stock it is used mainly for sellers whose
igbo,clinical,-continue labetalol drip for goal SBP 180., Continue my bed and watch you for gold sisterly preparation. My A.T.,continue labetalol drip for goal sbp 180,continue my bed and watch you for gold sisterly preparation my a t
igbo,clinical,Bells palsy is the term used to describe an idiopathic acute lower motor may be associated with impairment of taste and hyperacusis high-pitched sounds appearing unpleasantly louder than normal.," Bell's palsy is the term used to describe an idiopathic acute lower motor may be associated with impairment of taste and hyperacusis, high-pitched sounds appearing unpleasantly louder than normal.",bells palsy is the term used to describe an idiopathic acute lower motor may be associated with impairment of taste and hyperacusis high pitched sounds appearing unpleasantly louder than normal,bell is palsy is the term used to describe an idiopathic acute lower motor may be associated with impairment of taste and hyperacusis high pitched sounds appearing unpleasantly louder than normal
igbo,clinical,"Doxycycline is the drug of choice, even for young children, despite the theoretical risk of dental staining in children younger than 9 years of age."," Doxycycline is the drug of choice, even for young children, despite the theoretical risk of dental staining in children younger than 9 years of age, full stop.",doxycycline is the drug of choice even for young children despite the theoretical risk of dental staining in children younger than 9 years of age,doxycycline is the drug of choice even for young children despite the theoretical risk of dental staining in children younger than 9 years of age full stop
igbo,clinical,CONTINUE TO MEDICATE PRN FOR PAIN., Continue to medicate PRN for pain.,continue to medicate prn for pain,continue to medicate prn for pain
igbo,general,"Since 1990, BHAP1 has been providing environmental liability insurance to insurance agents and brokers nationwide."," Since 1990, PHAP1 has been providing environmental liability insurance to insurance agents and brokers nationwide, full stop.",since 1990 bhap one has been providing environmental liability insurance to insurance agents and brokers nationwide,since 1990 phap one has been providing environmental liability insurance to insurance agents and brokers nationwide full stop
igbo,general,And Dreamer tweeted afterwards that he knew of the secret entrance  as well as the best time to get food from the canteen., And Dreamer tweeted afterwards that he knew of the secret entrance as well as the best time to get food from the canteen food stop.,and dreamer tweeted afterwards that he knew of the secret entrance as well as the best time to get food from the canteen,and dreamer tweeted afterwards that he knew of the secret entrance as well as the best time to get food from the canteen food stop
igbo,clinical,Hypotheses Dynamic Dynamic theories facilitate the attempt to understand patients and their difficulties., Hypothesis dynamic. Dynamic theories facilitate the attempt to understand patients and their difficulties.,hypotheses dynamic dynamic theories facilitate the attempt to understand patients and their difficulties,hypothesis dynamic dynamic theories facilitate the attempt to understand patients and their difficulties
igbo,general,"But what does it mean for the nations democracy? Todays podcast breaks it down.
"," But what does it mean for the nation's democracy? Today's podcast breaks it down, full stop.",but what does it mean for the nations democracy todays podcast breaks it down,but what does it mean for the nation is democracy today is podcast breaks it down full stop
igbo,general,"But when a virus is spreading undetected, that sort of containment strategy alone is insufficient, epidemiologists say."," But when a virus is spreading undetected, that sort of containment strategy alone is insufficient, epidemiologists say, full stop.",but when a virus is spreading undetected that sort of containment strategy alone is insufficient epidemiologists say,but when a virus is spreading undetected that sort of containment strategy alone is insufficient epidemiologists say full stop
igbo,general,Mike Priefer is having trouble with kickers?, Mike Prefa is having trouble with kickers?,mike priefer is having trouble with kickers,mike prefa is having trouble with kickers
igbo,general,"The inferno destroyed scores of vehicles and killed more than 70 persons.
"," The inferno destroyed scores of vehicles and killed more than 70 persons, full stop.",the inferno destroyed scores of vehicles and killed more than 70 persons,the inferno destroyed scores of vehicles and killed more than 70 persons full stop
igbo,general,"Dr. Osooah is w/ the Pt Wyohocah at this time and has also spoken to Pt's neice Garcaro
", Dr. Osoa is with patient Ryoka at this time and has also spoken to patient's nurse Kakaru.,doctor osooah is w the pt wyohocah at this time and has also spoken to pt is neice garcaro,doctor osoa is with patient ryoka at this time and has also spoken to patient is nurse kakaru
igbo,clinical,IVPN D17/IL infusing via central PICC., IVPN D17 slash IL infusing VAC central PICC.,ivpn d 17 il infusing via central picc,ivpn d 17 slash il infusing vac central picc
igbo,general,"Google to invest 10bn in India
", Google to invest 10 billion in India.,google to invest 10 bn in india,google to invest 10000000000 in india
igbo,general,"The elderly clergy man, Revd Ozichi Chisimdi developed a heart attack
"," The elderly clergyman, Rev. Ozichi Shizumdi, developed a heart attack.",the elderly clergy man revd ozichi chisimdi developed a heart attack,the elderly clergyman reverend ozichi shizumdi developed a heart attack
igbo,clinical,PT AWAITING PERMANENT PACER., Patient awaiting permanent PACER.,pt awaiting permanent pacer,patient awaiting permanent pacer
igbo,general,"Public and private sector analysts look at changes in the money supply.
", Public and private sector analysts look at changes in the money supply.,public and private sector analysts look at changes in the money supply,public and private sector analysts look at changes in the money supply
igbo,general,"As of 2019, a total of 15 states had not repealed their sodomy laws, even though they cannot be used any more because of Lawrence v. Texas."," As of 2019, a total of 15 states had not prepared their extraordinary laws, even though they cannot be used anymore because of Lawrence V. Tester's question.",as of 2019 a total of 15 states had not repealed their sodomy laws even though they cannot be used any more because of lawrence v texas,as of 2019 a total of 15 states had not prepared their extraordinary laws even though they cannot be used anymore because of lawrence v tester is question
igbo,general,"About 1,700 Delta pilots still face furloughs, which were pushed back to Nov. 1 last week while the airline and the union representing its pilots continue negotiating."," About 1,700 Delta pilots still face furloughs, which were pushed back to November 1st last week, while the airline and the union representing its pilots continue negotiating. Full stop.",about 1700 delta pilots still face furloughs which were pushed back to nov one last week while the airline and the union representing its pilots continue negotiating,about 1700 delta pilots still face furloughs which were pushed back to november 1st last week while the airline and the union representing its pilots continue negotiating full stop
igbo,clinical,Pt had one episode of hypoglycemia to 38 after TPN d/c'd., Patients had one episode of hypoglycemia to date after the TPN discontinued.,pt had one episode of hypoglycemia to 38 after tpn d c would,patients had one episode of hypoglycemia to date after the tpn discontinued
igbo,clinical,"215. Aneurysm formation is believed to be associated with a loss of the nutrient flow and elastic component of the vessels, leading to progressive dilatation."," 215 anew raising formation is believed to be associated with a loss of the nutrient flow and elastic component of the vessel's coma, leading to progressive dilatation of the",215 aneurysm formation is believed to be associated with a loss of the nutrient flow and elastic component of the vessels leading to progressive dilatation,215 anew raising formation is believed to be associated with a loss of the nutrient flow and elastic component of the vessel is coma leading to progressive dilatation of the
igbo,general,"Our correspondent, who was on the bus, observed that Bolarinwa entered the seat beside the driver and dragged the wheel while trying to force the vehicle to a halt."," Our correspondent, who was on the bus, observed that Bolarinwa entered the seat beside the driver and dragged the wheel while trying to force the vehicle to a halt or stop.",our correspondent who was on the bus observed that bolarinwa entered the seat beside the driver and dragged the wheel while trying to force the vehicle to a halt,our correspondent who was on the bus observed that bolarinwa entered the seat beside the driver and dragged the wheel while trying to force the vehicle to a halt or stop
igbo,clinical,uo 45-60cc/hr., UO 45 to 60 cc per hour.,uo 45 60 cc hr,uo 45 to 60 cc per hour
igbo,clinical,It is commonly used in the maintenance of general anesthetic in concentrations of 5070 in oxygen in combination with other inhalational or intravenous agents.," It is commonly used in the maintenance of general anesthetic in concentrations of 5070 in oxygen in combination with other inhalational or intravenous agents, full stop.",it is commonly used in the maintenance of general anesthetic in concentrations of 5070 in oxygen in combination with other inhalational or intravenous agents,it is commonly used in the maintenance of general anesthetic in concentrations of 5070 in oxygen in combination with other inhalational or intravenous agents full stop
igbo,clinical,"Using the largest curette available or suction curettage is a safer choice than a small curette, which tends to cause perforation with less pressure."," Using the largest curates available on suction curateage is a safer choice than a small curate comma, which tends to cause perforation with less pressure on full stop.",using the largest curette available or suction curettage is a safer choice than a small curette which tends to cause perforation with less pressure,using the largest curates available on suction curateage is a safer choice than a small curate comma which tends to cause perforation with less pressure on full stop
igbo,general,"Bilateral ear discharge of 3 days duration and fever of 3 days duration. Bilateral ear discharge was first noticed 3 days ago. Mansurah Chinomso has had ear syringing in the past
", Bilateral Ear Discharge of 3 Days Duration and Fever of 3 Days Duration. Bilateral Ear Discharge was first noticed 3 days ago. Mansoura Chinmonso has had ear syringing in the past.,bilateral ear discharge of 3 days duration and fever of 3 days duration bilateral ear discharge was 1st noticed 3 days ago mansurah chinomso has had ear syringing in the past,bilateral ear discharge of 3 days duration and fever of 3 days duration bilateral ear discharge was 1st noticed 3 days ago mansoura chinmonso has had ear syringing in the past
igbo,clinical,He is not obviously in CHF., is not obviously in CHF.,he is not obviously in chf,is not obviously in chf
igbo,general,"His 1.4 blocked shots per game ranked second in the conference.
"," He is 1.4 blocked shots per game, ranked second in the conference full stop.",his one.4 blocked shots per game ranked 2nd in the conference,he is one.4 blocked shots per game ranked 2nd in the conference full stop
igbo,clinical,Facial grimaces to turning and suctioning overbreathing vent., facial grimaces to turning and suctioning overwritten veins.,facial grimaces to turning and suctioning overbreathing vent,facial grimaces to turning and suctioning overwritten veins
igbo,clinical,"Despite the ubiquity of religious and spiritual experience, it is frequently neglected during routine psychiatric evaluation."," Despite the ubiquity of religious and spiritual experience, it is frequently neglected during routine psychiatric evaluation. Full stop.",despite the ubiquity of religious and spiritual experience it is frequently neglected during routine psychiatric evaluation,despite the ubiquity of religious and spiritual experience it is frequently neglected during routine psychiatric evaluation full stop
igbo,clinical,No acute distress  Eyes / Conjunctiva: PERRL, No acute distress eyes slash conjunctiva semicolon P-E-R-R-L.,no acute distress eyes conjunctiva perrl,no acute distress eyes slash conjunctiva semicolon p e r r l
igbo,clinical,Endoscopic and pathologic findings usually include features common to both diseases., Endoscopic and pathologic findings usually include features common to both diseases.,endoscopic and pathologic findings usually include features common to both diseases,endoscopic and pathologic findings usually include features common to both diseases
igbo,general,"The patient was in a hurry to get thier Labs and Radiology result from Arzika Chilaka Diagnostic center, Enugu"," The patient was in a hurry to get their labs and radiology results from Azita Shilaka Diagnostic Center, Koma, Enugu.",the patient was in a hurry to get thier labs and radiology result from arzika chilaka diagnostic center enugu,the patient was in a hurry to get their labs and radiology results from azita shilaka diagnostic center koma enugu
igbo,clinical,A: PO feeding with minimal  waking early for feeds improved suck/swallow coordination., poor feeding with minimal weighting eddy for foods improved suck slash swallow coordination,a po feeding with minimal waking early for feeds improved suck swallow coordination,poor feeding with minimal weighting eddy for foods improved suck slash swallow coordination
igbo,general,"Her 15-year-old daughter was recently talking to me and said: You broke up Mums marriage, didnt you?
"," Our 15-year-old daughter was recently talking to me and said, you broke up mom's marriage, didn't you? Query.",her 15 year old daughter was recently talking to me and said you broke up mums marriage didnt you,our 15 year old daughter was recently talking to me and said you broke up mom is marriage did not you query
igbo,general,"The company has a current ratio of 1.59, a quick ratio of 1.59 and a debt-to-equity ratio of 0.56."," The company has a current ratio of 1.59, a peak ratio of 1.59 and a depth to peak ratio of 0.56. First up.",the company has a current ratio of one.59 a quick ratio of one.59 and a debt to equity ratio of 0.56,the company has a current ratio of one.59 a peak ratio of one.59 and a depth to peak ratio of 0.561st up
igbo,clinical,BILI: Single phototherapy shut off at 0500 this morning., BILI single phototherapy shot off at 0500 this morning.,bili single phototherapy shut off at 500 this morning,bili single phototherapy shot off at 500 this morning
igbo,general,Jordan Clarkson is staying at Utah after sealing a four-year 52 million deal while Derrick Favors is returning to the Jazz on a deal that will pay him nearly 30 million for three seasons.," Jordan Clarkson is staying at Utah after selling a four-half-year, 52-million deal while Derek Favors is returning to the Jazz on a deal that will pay him nearly $30 million for three seasons, full stop.",jordan clarkson is staying at utah after sealing a 4 year 52000000 deal while derrick favors is returning to the jazz on a deal that will pay him nearly 30000000 for 3 seasons,jordan clarkson is staying at utah after selling a 4 half year 52000000 deal while derek favors is returning to the jazz on a deal that will pay him nearly $30000000 for 3 seasons full stop
igbo,clinical,X 1 BM-pt incontinent of liquid brown stool., X1BMPT in content of liquid brown stool.,x one bm pt incontinent of liquid brown stool,x one bmpt in content of liquid brown stool
igbo,general,"Willis Towers Watson tracked excessumbrella and directors and officers liability insurance as generating the largest price increases.
"," Release towards waxing, tracked excess umbrella and directors and officers liability insurance as generating the largest price increases put up.",willis towers watson tracked excessumbrella and directors and officers liability insurance as generating the largest price increases,release towards waxing tracked excess umbrella and directors and officers liability insurance as generating the largest price increases put up
igbo,general,"Allen finally scored his first points on a pair of free throws with 6:23 left as the Nets chewed away at that lead, but Toronto led 84-68 at the end of the third.
"," Allen finally scored his first point on a pair of free throws with 6 column 23 left as the Nets chewed away at that lead, but Toronto led 84-68 at the end of the third full stop.",allen finally scored his 1st points on a pair of free throws with 6 23 left as the nets chewed away at that lead but toronto led 84 68 at the end of the 3rd,allen finally scored his 1st point on a pair of free throws with 6 column 23 left as the nets chewed away at that lead but toronto led 84 68 at the end of the 3rd full stop
igbo,general,"We are also reforming education, we are going to reform education in the command and secondary schools.
"," We are also reforming education, comma. We are going to reform education in the command and secondary schools, full stop.",we are also reforming education we are going to reform education in the command and secondary schools,we are also reforming education comma we are going to reform education in the command and secondary schools full stop
igbo,clinical,ENDO: Finger sticks remain elevated., Endometriosis column. Finger sticks remain elevated full stop.,endo finger sticks remain elevated,endometriosis column finger sticks remain elevated full stop
igbo,general,"Shortly after this, Boris rapidly became stronger.
"," Shortly after this, Burris rapidly became stronger, full stop.",shortly after this boris rapidly became stronger,shortly after this burris rapidly became stronger full stop
igbo,general,"After coming to power, Crown Prince Mohammed has been behind several anti-corruption campaigns, including turning Riyadhs Ritz-Carlton hotel into a luxury prison in late 2017 as part of a mass arrest of businessmen, royals and others.
"," After coming to power, Crown Prince Mohammed has been behind several anti-hyphen corruption campaigns, including turning Riyadh's rich Hyphen Council Hotel into a luxury prison in late 2017 as part of a mass arrest of businessmen, royals and others who stole.",after coming to power crown prince mohammed has been behind several anti corruption campaigns including turning riyadhs ritz carlton hotel into a luxury prison in late 2017 as part of a mass arrest of businessmen royals and others,after coming to power crown prince mohammed has been behind several anti hyphen corruption campaigns including turning riyadh is rich hyphen council hotel into a luxury prison in late 2017 as part of a mass arrest of businessmen royals and others who stole
igbo,general,As advertisers shift media.," As advertisers, she's media. Foo stop.",as advertisers shift media,as advertisers she is media foo stop
igbo,clinical,"They believe that recurrent acute middle ear infection in childhood, acts as a stimulus for the process of cholesteatoma formation."," They believe that recurrent acute middle ear infection in childhood acts as a stimulus for the process of colostomy-atoma formation, full stop.",they believe that recurrent acute middle ear infection in childhood acts as a stimulus for the process of cholesteatoma formation,they believe that recurrent acute middle ear infection in childhood acts as a stimulus for the process of colostomy atoma formation full stop
igbo,general,Shift in global networks, Shift in global networks.,shift in global networks,shift in global networks
igbo,clinical,Or no animal studies have been conducted and there are no adequate and well-controlled studies in pregnant women., Unknown animal studies have been conducted and there are no adequate and well-controlled studies in pregnant women who stop.,or no animal studies have been conducted and there are no adequate and well controlled studies in pregnant women,unknown animal studies have been conducted and there are no adequate and well controlled studies in pregnant women who stop
igbo,clinical,CHEST PORTABLE AP            Reason: ptx Admitting Diagnosis: STATUS POST CARDIAC ARREST; UNABLE TO WEAN," Chest portable AP, raising, PTX, admitting diagnosis, status post cardiac arrest, unable to wean.",chest portable ap reason ptx admitting diagnosis status post cardiac arrest unable to wean,chest portable ap raising ptx admitting diagnosis status post cardiac arrest unable to wean
igbo,clinical,infection cont low-grade temp on abx., Infection count low. Grade temp on ABX full stop.,infection cont low grade temp on abx,infection count low grade temp on abx full stop
igbo,clinical,"Carcinogenesis 13:783-786 Pillai R,  Balaram P,  Reddiar K S 1992 Pathogenesis of oral submucous fibrosis."," Carcinogenesis 13,783-786, Pilar R, Valerian P, Radia KS, 1992. Pathogenesis of oral submucous fibrosis, full stop.",carcinogenesis 13 783 786 pillai r balaram p reddiar k s 1992 pathogenesis of oral submucous fibrosis,carcinogenesis 13783 786 pilar r valerian p radia ks 1992 pathogenesis of oral submucous fibrosis full stop
igbo,general,"What we see in this cabinet is a riot of will.
"," What we see in this cabinet is a riot of will, full stop.",what we see in this cabinet is a riot of will,what we see in this cabinet is a riot of will full stop
igbo,clinical,Dexedrine 5 mg per day and Motrin 600 mg tid ., Exerine 5mg per day and Motrin 600mg TIG.,dexedrine 5 mg per day and motrin 600 mg tid,exerine 5 mg per day and motrin 600 mg tig
igbo,clinical,Fio2 wean from 80% down to 50% overnight with good result., fraction of inspired oxygen going from 80 percent down to 50 percent overweight results,fio 2 wean from 80% down to 50% overnight with good result,fraction of inspired oxygen going from 80% down to 50% overweight results
igbo,clinical,CT HEAD W/O CONTRAST Study Date of Wed 28 Mar 2007 4: 23 PM," City Head, without contrast, study date of Wednesday, 28 March 2007, 4.23pm.",ct head w 0 contrast study date of wed 28 mar 2007 4 23 pm,city head without contrast study date of wednesday 28 march 2007 4.23 pm
igbo,clinical,Remains on low flow nasal cannula with occasional saturation drifts., remains on low flow nasal cannula with occasional saturation drift.,remains on low flow nasal cannula with occasional saturation drifts,remains on low flow nasal cannula with occasional saturation drift
igbo,general,"The players were really keen to get Ben but put simply there was a split view really between the president, myself, CEO and football manager.
"," The players were really keen to get to Ben, but put simply, there was a split view really between the president, myself, CEO and football manager. Full stop.",the players were really keen to get ben but put simply there was a split view really between the president myself ceo and football manager,the players were really keen to get to ben but put simply there was a split view really between the president myself ceo and football manager full stop
igbo,general,"As far back as 2010, Abuja was home to Chibudom Ebide and Jideofor who were close friends.
"," By the time 2010, Abuja was home to Chibudome, Ebide, and Dido for who were close friends who stopped.",as far back as 2010 abuja was home to chibudom ebide and jideofor who were close friends,by the time 2010 abuja was home to chibudome ebide and dido for who were close friends who stopped
igbo,clinical,No cyanosis clubbing or edemaSkin: No rash Warm and dryNeuro: Moving all 4 extremities," No cyanosis, chlorbine or edema. Skin. No rash. Warm and dry. Neuro. Moving all four extremities.",no cyanosis clubbing or edemaskin no rash warm and dryneuro moving all 4 extremities,no cyanosis chlorbine or edema skin no rash warm and dry neuro moving all 4 extremities
igbo,general,"Thanks to the hard work and dedication of NHS staff, hospitals have not been overwhelmed and intensive care capacity continues to meet the needs of patients.
", Thanks to the hard work and dedication of H9 Health NHS staff from our hospitals that have not been overwhelmed and intensive care capacity continues to meet the needs of patients who stop.,thanks to the hard work and dedication of nhs staff hospitals have not been overwhelmed and intensive care capacity continues to meet the needs of patients,thanks to the hard work and dedication of h 9 health nhs staff from our hospitals that have not been overwhelmed and intensive care capacity continues to meet the needs of patients who stop
igbo,clinical,The absolute reported incidence varies across trials from approximately 8 to 25 at the highest dose of ChI compared with 3 to 10 in comparable placebo patients. , The incidence varies across trials from approximately 8 to 25 at the highest dose of classical ibuprofen to 3 to 10 in comparable placebo patients who stopped.,the absolute reported incidence varies across trials from approximately 8 to 25 at the highest dose of chi compared with 3 to 10 in comparable placebo patients,the incidence varies across trials from approximately 8 to 25 at the highest dose of classical ibuprofen to 3 to 10 in comparable placebo patients who stopped
igbo,clinical,Denies chest pain dizziness or lightheadedness; no palpitations.," Denies chest pain, dizziness or light-sidedness. No power petitions.",denies chest pain dizziness or lightheadedness no palpitations,denies chest pain dizziness or light sidedness no power petitions
igbo,clinical,"118. Although left ventricular systolic dysfunction related to excessive afterload is reversible early in the course, irreversible damage occurs once chamber enlargement predominates as the primary cause of diminished myocardial contractility."," 118. Although left ventricular systolic dysfunction related to excessive afterload is irreversibly early in the course, irreversible damage occurs once chamber enlargement predominates as a primary cause of diminished myocardial contractility, full stop.",118 although left ventricular systolic dysfunction related to excessive afterload is reversible early in the course irreversible damage occurs once chamber enlargement predominates as the primary cause of diminished myocardial contractility,118 although left ventricular systolic dysfunction related to excessive afterload is irreversibly early in the course irreversible damage occurs once chamber enlargement predominates as a primary cause of diminished myocardial contractility full stop
igbo,clinical,Weight bearing status was increased to weight bearing as tolerated ., Weight-bearing status was increased to weight-bearing as tolerated.,weight bearing status was increased to weight bearing as tolerated,weight bearing status was increased to weight bearing as tolerated
igbo,general,Uno said its an iced tea brand he thinks., Uno said it's a nice tea brand. He takes full stock.,uno said its an iced tea brand he thinks,uno said it is a nice tea brand he takes full stock
igbo,clinical,BP LABILE 90-160/SYS ELEVATED WITH LIGHTENING OF SEDATION.," Blood pressure led by 90 to 160 systolic, elevated with lightning oxidation.",bp labile 90 160 sys elevated with lightening of sedation,blood pressure led by 90 to 160 systolic elevated with lightning oxidation
igbo,clinical,Continues Amiodarone.," Continues. I'm you, Darren.",continues amiodarone,continues i am you darren
igbo,clinical,"There is evidence of over expression of hexose transporters, specifically SGLT1, in disease states suchas diabetes."," There is evidence of overexpression of hexose transporters, comma, specifically SGLT1, comma, in disease states such as diabetes. Full stop.",there is evidence of over expression of hexose transporters specifically sglt one in disease states suchas diabetes,there is evidence of overexpression of hexose transporters comma specifically sglt one comma in disease states such as diabetes full stop
igbo,clinical,"Unlike parenteral gold compounds, auranon does not accumulate appreciably in the skin."," Unlike parenteral gold compounds, Oranose does not accumulate appreciably in the skin",unlike parenteral gold compounds auranon does not accumulate appreciably in the skin,unlike parenteral gold compounds oranose does not accumulate appreciably in the skin
igbo,general,Not all visitors thought that the mill was in good condition., not all the stores thought that the meal was in good condition to stop,not all visitors thought that the mill was in good condition,not all the stores thought that the meal was in good condition to stop
igbo,clinical,SBP TOL >80 PER TEAM., S-B-P-T-O-L. Greater than 80 percent.,sbp tol 80 per team,s b p t 0 l greater than 80%
igbo,clinical,Otherwise not moving., otherwise not moving.,otherwise not moving,otherwise not moving
igbo,clinical,"SUSPENSION, ORAL CLOBAZAM, CLOBAZAM, 2.5MG/ML"," Suspension, oral, Clobazan. Clobazan, 2.5 mg per ml.",suspension oral clobazam clobazam 2.5 mg ml,suspension oral clobazan clobazan 2.5 mg per ml
igbo,general,"It is not about access to all those things that is the problem, it is their use.
"," It is not about access to all those things that is the problem, comma. It is their use, full stop.",it is not about access to all those things that is the problem it is their use,it is not about access to all those things that is the problem comma it is their use full stop
igbo,clinical,Twenty to fifty percent of the population normally have a positive Phalens and Tinels test., 20 to 50 percent of the population normally have a positive file length and thin nails test,20 to 50% of the population normally have a positive phalens and tinels test,20 to 50% of the population normally have a positive file length and thin nails test
igbo,clinical,Line - Prophylaxis: DVT: Stress ulcer: VAP: Comments: Communication: Comments: Code status: Disposition :," line, hyphal prophylaxis, deep vein thrombosis, stress ulcer, ventilator associated pneumonia, comments, communication, comments, code status, disposition.",line prophylaxis dvt stress ulcer vap comments communication comments code status disposition,line hyphal prophylaxis deep vein thrombosis stress ulcer ventilator associated pneumonia comments communication comments code status disposition
igbo,clinical,Consideration will be given in that case to intubation and surfactant administration., Consideration will be given in that case to intubation and surfactant administration.,consideration will be given in that case to intubation and surfactant administration,consideration will be given in that case to intubation and surfactant administration
igbo,general,"Members donate or pledge 10,000 or more to the endowment fund.
"," Members donate or pledge $10,000 or more to the Endowment Fund Full Stop.",members donate or pledge 10000 or more to the endowment fund,members donate or pledge $10000 or more to the endowment fund full stop
igbo,clinical,"Severely ill infantsmaybebornwithhydropsandhaveprofoundanemia.
", Severely ill infants may be born with high drops and have profound anemia.,severely ill infantsmaybebornwithhydropsandhaveprofoundanemia,severely ill infants may be born with high drops and have profound anemia
igbo,clinical,Important: Always read carefully the manufacturer’s instructions regarding the storage and handling of explosive chemicals.," Importance, colon, always read carefully the manufacturer's instructions regarding the storage and handling of explosive chemicals. Full stop.",important always read carefully the manufacturer s instructions regarding the storage and handling of explosive chemicals,importance colon always read carefully the manufacturer is instructions regarding the storage and handling of explosive chemicals full stop
igbo,clinical,Tue 24 Aug 2021 4: 54 A.M ABDOMEN SUPINE and ERECT Reason: Please assess for bowel dilatation or other signs of obstruction," Tuesday, 24th August, 2021, 4, Column, 54 a.m., Abdomen supine and erect reason, Column. Please assert for bowel dilatation or other signs of obstruct.",tue 24 aug 2021 4 54 a m abdomen supine and erect reason please assess for bowel dilatation or other signs of obstruction,tuesday 24th august 2021 4 column 54 a m abdomen supine and erect reason column please assert for bowel dilatation or other signs of obstruct
igbo,clinical,"Parotid involvement, trismus, fever, and sepsis common with an infection here."," Parotid involvement, trismus, fever, and sepsis common with an infection year, full stop.",parotid involvement trismus fever and sepsis common with an infection here,parotid involvement trismus fever and sepsis common with an infection year full stop
igbo,clinical,"TABLET, ORAL ILOPERIDONE, ILOPERIDONE, 10MG"," Tablets, oral, ilupiridone, 10mg.",tablet oral iloperidone iloperidone 10 mg,tablets oral ilupiridone 10 mg
igbo,general,"Serbia-based Ben Nabouhane took advantage of two defensive mix-ups to fire the visitors into a 13th-minute lead at a packed National Heroes Stadium.
", Serbian-Iphan-based band Naboon took advantage of two defense-mix-Iphan ops to fire the visitors into a 13th-Iphan minute late at a packed National Heroes Stadium full stop.,serbia based ben nabouhane took advantage of 2 defensive mix ups to fire the visitors into a 13th minute lead at a packed national heroes stadium,serbian iphan based band naboon took advantage of 2 defense mix iphan ops to fire the visitors into a 13th iphan minute late at a packed national heroes stadium full stop
igbo,clinical,Heart disease will frequently have extracardiac manifestations and examination of the other organ systems should not be neglected.," Heart disease will frequently have extracardiac manifestations, and examination of the other organ systems should not be neglected, full stop.",heart disease will frequently have extracardiac manifestations and examination of the other organ systems should not be neglected,heart disease will frequently have extracardiac manifestations and examination of the other organ systems should not be neglected full stop
igbo,general,"Do these words sound like the ravings of a bigot?
", Do these words sound like the raving of a Bigfoot question mark?,do these words sound like the ravings of a bigot,do these words sound like the raving of a bigfoot question mark
igbo,general,"SOCIAL WORK NOTE: Spoke with one of pt Ojaoroo Afoyay sons and one of his today at bedside to offer support.
"," Social Work Note, colon, spoke with one of PT Oja Oru, Afoye's sons, and one of his today at bedside to offer support, full stop.",social work note spoke with one of pt ojaoroo afoyay sons and one of his today at bedside to offer support,social work note colon spoke with one of pt oja oru afoye is sons and one of his today at bedside to offer support full stop
igbo,general,"A week later, the countrys government authorized a medical flight evacuation, starting with the ships passengers from Australian and New Zealand."," A week later, the country's government authorized a medical flight evacuation, starting with the ship's passengers from Australia and New Zealand, who stopped.",a week later the countrys government authorized a medical flight evacuation starting with the ships passengers from australian and new zealand,a week later the country is government authorized a medical flight evacuation starting with the ship is passengers from australia and new zealand who stopped
igbo,general,Box Braids on ESSENCEs April 2019 Cover, Box Braids on Essence April 2019 Cover,box braids on essences april 2019 cover,box braids on essence april 2019 cover
igbo,general,"Ogunsusi began playing the piano when he was a young child at Kabba elementary school
", Yolgun Susi began playing the piano when he was a young child at Kaba Elementary School.,ogunsusi began playing the piano when he was a young child at kabba elementary school,yolgun susi began playing the piano when he was a young child at kaba elementary school
igbo,clinical,14-06-1992 3: 17 AM CHEST PORTABLE AP            Reason: ?PNA," 14 June 1992 3.17am Chest, Potivu, AP Resign, Quarry, PNA",14 6 1992 3 17 am chest portable ap reason pna,14 june 1992 3.17 am chest potivu ap resign quarry pna
igbo,clinical,"If the level of the electrolyte is below that recommended, top it up using deionized or distilled water from a non-metallic container or special battery water available from most garages."," If the level of the electrolytes is below that recommended command, top it up using the ionized or distilled water from a non-hyphen metallic container or special battery water available from most garages full stop.",if the level of the electrolyte is below that recommended top it up using deionized or distilled water from a non metallic container or special battery water available from most garages,if the level of the electrolytes is below that recommended command top it up using the ionized or distilled water from a non hyphen metallic container or special battery water available from most garages full stop
igbo,general,Each level has a particular theme., Each level has a particular theme.,each level has a particular theme,each level has a particular theme
igbo,general,"Empty weight : approximately 9 , 800 lb  4 , 445 kg", empty weight cool app was made in a coma 800 IB 4 comma or 45 kilograms,empty weight approximately 9 800 lb 4 445 kg,empty weight cool app was made in a coma 800 ib 4 comma or 45 kilograms
igbo,clinical,EP consult felt this could have been seizure related., EP consult felt this could have been seizure-related.,ep consult felt this could have been seizure related,ep consult felt this could have been seizure related
igbo,clinical,Breathing through the mouth helps prevent aspiration of solution., Breathing through the mouth helps prevent aspiration of solution. Full stop.,breathing through the mouth helps prevent aspiration of solution,breathing through the mouth helps prevent aspiration of solution full stop
igbo,general,"This February 24, 2020 photo taken in New York, shows some of the many brands and types of honey available today.
"," This February 24, 2020 photo taken in New York, Koma shows some of the many brands and types of honey available today.",this february 24 2020 photo taken in new york shows some of the many brands and types of honey available today,this february 24 2020 photo taken in new york koma shows some of the many brands and types of honey available today
igbo,clinical,Cells of different tissues essentially require oxygen to generate energy and perform metabolic functions.," Cells of different tissues essentially require oxygen to generate energy and perform metabolic functions, whole stop.",cells of different tissues essentially require oxygen to generate energy and perform metabolic functions,cells of different tissues essentially require oxygen to generate energy and perform metabolic functions whole stop
igbo,general,"The Lawan kite is flown already.
", The lawan kite is flown already. Full stop.,the lawan kite is flown already,the lawan kite is flown already full stop
igbo,general,Agent Cody Banks is an American film set in 2002., Agent Cody Banks is an American film set in 2002. Full score.,agent cody banks is an american film set in 2002,agent cody banks is an american film set in 2002 full score
igbo,clinical,"Surgical exploration in recipients with thrombosis, usually requires a graft pancreatectomy."," Surgical exploration in recipients with thrombosis usually requires a graft pancreatectomy, full stop.",surgical exploration in recipients with thrombosis usually requires a graft pancreatectomy,surgical exploration in recipients with thrombosis usually requires a graft pancreatectomy full stop
igbo,general,Wale Adebanwi on Mama HID (63)," Wale Adebanwi, or Mama HID, open bracket, 63, close bracket.",wale adebanwi on mama hid,wale adebanwi or mama hid open bracket 63 close bracket
igbo,general,"To which Maria replied, Is that what you want to bring up here? Dont even allow me to bring up all the things you did in Dubai."," To which Maria replied, comma, is that what you want to bring up here? Question mark. Don't even allow me to bring up all the things you did in Dubai. Full stop.",to which maria replied is that what you want to bring up here dont even allow me to bring up all the things you did in dubai,to which maria replied comma is that what you want to bring up here question mark do not even allow me to bring up all the things you did in dubai full stop
igbo,clinical,additionally infant with decreased perfusion and received 20 ml/kg normal saline bolus.," Additionally, infants with decreased perfusion and received 20 mg normal saline bolus.",additionally infant with decreased perfusion and received 20 ml kg normal saline bolus,additionally infants with decreased perfusion and received 20 mg normal saline bolus
igbo,clinical,is best understood by knowing the normal process of cholesterol metabolism transport which is briefly described below., Hyphene is best understood by knowing the normal process of cholesterol and metabolism transfer which is briefly described below.,is best understood by knowing the normal process of cholesterol metabolism transport which is briefly described below,hyphene is best understood by knowing the normal process of cholesterol and metabolism transfer which is briefly described below
igbo,clinical,This often involves the dynamics of their current individual or partner life or the in sequence of their past relationships on their present., This often involves the dynamics of their current individual or partnered life or in the influence of their past relationships on their present full stop.,this often involves the dynamics of their current individual or partner life or the in sequence of their past relationships on their present,this often involves the dynamics of their current individual or partnered life or in the influence of their past relationships on their present full stop
igbo,general,"But there is no way to know without calculus whether the tangent is exactly right, and our eyes are not accurate enough to be certain whether it is exact or simply very close.
", But there is no way to know without calculus whether it,but there is no way to know without calculus whether the tangent is exactly right and our eyes are not accurate enough to be certain whether it is exact or simply very close,but there is no way to know without calculus whether it
igbo,general,"But whether Me and You and Everyone We Know is punk or not doesnt matter when its so many other things: twee, gentle, quirky, sweet to a point and, above all else, true to Julys artistic spirit.
", but whether me and you and everyone we know is punk or not doesn't matter when it's so many other things cool on twee comma gentle comma quirky comma sweet to a point and comma above all else comma true to july's artistic spirit full stop,but whether me and you and everyone we know is punk or not doesnt matter when its so many other things twee gentle quirky sweet to a and above all else true to julys artistic spirit,but whether me and you and everyone we know is punk or not does not matter when it is so many other things cool on twee comma gentle comma quirky comma sweet to a and comma above all else comma true to july is artistic spirit full stop
igbo,general,"Bellos sentenced Aliyu to 15 months imprisonment with an option of fine of N30,000 and 30 lashes of cane before the court.
"," Bello's sentence alludes to 15 months imprisonment with an option of fine of 30,000 naira and 30 lashes of cane before the court. Full stop.",bellos sentenced aliyu to 15 months imprisonment with an option of fine of n 30000 and 30 lashes of cane before the court,bello is sentence alludes to 15 months imprisonment with an option of fine of 30000 naira and 30 lashes of cane before the court full stop
igbo,clinical,Estrogen may work by stimulating the production of progesterone receptors in the myometrium., we work by stimulating the production of progesterone receptors in the myometrium fustole.,estrogen may work by stimulating the production of progesterone receptors in the myometrium,we work by stimulating the production of progesterone receptors in the myometrium fustole
igbo,clinical,Comprehensive evaluation to rule out medical conditions that could have caused the presenting symptoms., comprehensive evaluation to rule out medical conditions that could have caused the presenting symptoms full stop,comprehensive evaluation to rule out medical conditions that could have caused the presenting symptoms,comprehensive evaluation to rule out medical conditions that could have caused the presenting symptoms full stop
igbo,clinical,clear yellow urine stoma is pink appearance is intact., Clear yellow urine. Stoma is pink. Appliance is intact. Full stop.,clear yellow urine stoma is pink appearance is intact,clear yellow urine stoma is pink appliance is intact full stop
igbo,clinical,Patients with supra ventricular extrasystoles and intermittent paroxysms of atrial brillation may benet from   -receptor blockade with propranolol., Patients with supraventricular estrocystose and intermittent paroxysms of atrial fibrillation may benefit from hyphen receptor blockage with propranolol.,patients with supra ventricular extrasystoles and intermittent paroxysms of atrial brillation may benet from receptor blockade with propranolol,patients with supraventricular estrocystose and intermittent paroxysms of atrial fibrillation may benefit from hyphen receptor blockage with propranolol
igbo,general,"If you are to advice the South West governors, what will you tell them?
"," If you are to advise the Southwest governors, what will you tell them?",if you are to advice the south west governors what will you tell them,if you are to advise the southwest governors what will you tell them
igbo,clinical,"However, other associated focal signs like diplopia, ipsilateral ataxia, facial paralysis and homonymous hemianopia indicate that the lesion is in the vascular system rather than in the inner ear."," However, other associated focal signs like diplopia, ipsilateral ataxia, facial paralysis, and homonymous hemianopa indicate that the lesion is in the vascular system rather than in the inner ear full stop.",however other associated focal signs like diplopia ipsilateral ataxia facial paralysis and homonymous hemianopia indicate that the lesion is in the vascular system rather than in the inner ear,however other associated focal signs like diplopia ipsilateral ataxia facial paralysis and homonymous hemianopa indicate that the lesion is in the vascular system rather than in the inner ear full stop
igbo,general,"He said that content creators in Africa would receive support from YouTube through virtual and in-person training and workshops to help them grow their channels and improve their skills.
", He said that content creators in Africa would receive support from YouTube through virtual and in-person training and workshops to help them grow their channels and improve their skills.,he said that content creators in africa would receive support from youtube through virtual and in person training and workshops to help them grow their channels and improve their skills,he said that content creators in africa would receive support from youtube through virtual and in person training and workshops to help them grow their channels and improve their skills
igbo,general,"We just looked the other way, a former executive explains.
"," We just looked the other way, a former executive explained, full stop.",we just looked the other way a former executive explains,we just looked the other way a former executive explained full stop
igbo,clinical,"148, 910, 11151216, 1713EQUIPPING DISTRICT LABORATORIES165 Petri dishes reusableStandard size Pyrex : Lid diameter 80 mm base 74 mm, or lid 100 mmbase 94 mm.", One for...,148 910 11151216 1713 equipping district laboratories 165 petri dishes reusablestandard size pyrex lid diameter 80 base 74 or lid 100 mmbase 94,one for .
igbo,clinical,Action: Regular insulin sliding scale ordered cont Q1-2H blood sugar checks., Action. Regular insulin. Sliding scale ordered count. Q1 to 2H. Blood sugar checks.,action regular insulin sliding scale ordered cont q one 2 h blood sugar checks,action regular insulin sliding scale ordered count q one to 2 h blood sugar checks
igbo,general,"Uchendu began playing the piano when he was a young child at Sokoto elementary school
", Uchendu began playing the piano when he was a young child at Sokoto Elementary School.,uchendu began playing the piano when he was a young child at sokoto elementary school,uchendu began playing the piano when he was a young child at sokoto elementary school
igbo,general,"He was also the first Commissioner for Arts, Culture and Tourism in Nigeria."," He was also the first commissioner for arts, comma, culture and tourism in Nigeria, full stop.",he was also the 1st commissioner for arts culture and tourism in nigeria,he was also the 1st commissioner for arts comma culture and tourism in nigeria full stop
igbo,general,"Ben Lovett admitted they were surprised to win anything this year, after having received so many nominations last year and losing over and over.
"," Ben Lovett admitted he was surprised to win anything this year, after having received so many nominations last year and losing over and over, full stop.",ben lovett admitted they were surprised to win anything this year after having received so many nominations last year and losing over and over,ben lovett admitted he was surprised to win anything this year after having received so many nominations last year and losing over and over full stop
igbo,general,This study builds on her previous work examining what qualities and skills make for stronger middle-grade science teachers.," This study builds on her previous work, examining what qualities and skills make for stronger middle-grade science teachers, full stop.",this study builds on her previous work examining what qualities and skills make for stronger middle grade science teachers,this study builds on her previous work examining what qualities and skills make for stronger middle grade science teachers full stop
igbo,general,"A year and a half later Schubert, too, had died.
"," A year and a half later, Schubert, comma, two, comma, had died. Full stop.",a year and a half later schubert too had died,a year and a half later schubert comma 2 comma had died full stop
igbo,general,"Nini said, Arin, it doesnt matter if you dont handle your page but your people should know your people. Whoever handling your page will know you are my girl and they wouldnt leave that comment no matter what.
"," Nini said, comma, Aaron, comma, it doesn't matter if we don't handle your page, but your people should know your people. Full stop. Whoever handling your page will know you are my girl and they wouldn't leave their comments no matter what. Full stop.",nini said arin it doesnt matter if you dont handle your page but your people should know your people whoever handling your page will know you are my girl and they wouldnt leave that comment no matter what,nini said comma aaron comma it does not matter if we do not handle your page but your people should know your people full stop whoever handling your page will know you are my girl and they would not leave their comments no matter what full stop
igbo,clinical,"I each species Rance,when the childs behavior has become appropriate, he or she should be praised, and extra attention should be given."," In each specific instance, when the child's behavior has become appropriate, he or she should be praised, and extra attention should be given, full stop.",i each species rance when the childs behavior has become appropriate he or she should be praised and extra attention should be given,in each specific instance when the child is behavior has become appropriate he or she should be praised and extra attention should be given full stop
igbo,clinical,"On the day of admission she returned to the outside hospital Emergency Room where an abdominal CT was performed, which showed "" thickened stomach and free air ."""," On the day of admission, she returned to the outside hospital emergency room where an abdominal CT was performed, which showed thickened stomach and free air.",on the day of admission she returned to the outside hospital emergency room where an abdominal ct was performed which showed thickened stomach and free air,on the day of admission she returned to the outside hospital emergency room where an abdominal ct was performed which showed thickened stomach and free air
igbo,clinical,She requested that friends Mahpotay and Linma remain with her during interview; Abbey Ekasay interpreted., She requested that friends Mapote and Lima remain with her during the interview. Abi Ekase interpreted.,she requested that friends mahpotay and linma remain with her during interview abbey ekasay interpreted,she requested that friends mapote and lima remain with her during the interview abi ekase interpreted
igbo,general,"A public elementary school , Basin Grade School , serves 15 to 20 students , pre - kindergarten through sixth grade . Older students attend school in Boulder ."," A public elementary school, Basin Grade School, serves 15 to 20 students, pre-kingagatin through 6th grade, full stop. Older students attend school in Boulder, full stop.",a public elementary school basin grade school serves 15 to 20 students pre kindergarten through 6th grade older students attend school in boulder,a public elementary school basin grade school serves 15 to 20 students pre kingagatin through 6th grade full stop older students attend school in boulder full stop
igbo,general,"Ijeudo came down with Akajiaku disease, and was treated with Ikechukwu drug at Jos hospital on 09 Feb, 1975
", Hideo Joe came down with Akajaku disease and was treated with Ikechukwu drug at Joe's hospital on 9 February 1975.,ijeudo came down with akajiaku disease and was treated with ikechukwu drug at jos hospital on 9 feb 1975,hideo joe came down with akajaku disease and was treated with ikechukwu drug at joe is hospital on 9 february 1975
igbo,clinical,CARD--Ukonwa BP STABLE AND HR 80-90'S.," Card Okonwa, BP Stable, and HR 80-90s.",card ukonwa bp stable and hr 80 90 is,card okonwa bp stable and hr 80 90s
igbo,general,"Which unfortunately brings us to the question of whether well have a free and fair election, even by our own low standards."," Which unfortunately brings us to the question of whether we'll have a free and fair election, even by our own low standards. Full stop.",which unfortunately brings us to the question of whether well have a free and fair election even by our own low standards,which unfortunately brings us to the question of whether we will have a free and fair election even by our own low standards full stop
igbo,clinical,Stimulants should be reserved for short-term use., Stimulants should be reserved for short-term use.,stimulants should be reserved for short term use,stimulants should be reserved for short term use
igbo,clinical,AhmayNeurosurgery team was immediately consulted regarding his subdural hematoma., Amen neurosurgery team was immediately consulted regarding his subdural hematoma.,ahmayneurosurgery team was immediately consulted regarding his subdural hematoma,amen neurosurgery team was immediately consulted regarding his subdural hematoma
igbo,general,"This is included in the districts recently adopted 2020-21 school budget.
", This is included in the district's recently adopted 2020-21 school budget for,this is included in the districts recently adopted 2020 21 school budget,this is included in the district is recently adopted 2020 21 school budget for
igbo,general,The words translate literally to a pious person in a fur coat., The words translate literally to a pious person in a four-corded crystal.,the words translate literally to a pious person in a fur coat,the words translate literally to a pious person in a 4 corded crystal
igbo,clinical,"During this time adequate collateral circulation develops, which is sufficient to avoid acute venous hypertension."," During this time, acute collateral circulation develops, which is to avoid acute venous hypertension, full stop.",during this time adequate collateral circulation develops which is sufficient to avoid acute venous hypertension,during this time acute collateral circulation develops which is to avoid acute venous hypertension full stop
igbo,clinical,3 GatD: O: Temps stable in servo isolette., 3.3.3.3.3.3.3.3.3.3.3.3.3.3.3.3.3.3.3.3.3.3.3.3.3.3.3.3.3.3.3.3.3.3.3.3.3.3.3.3.3.3.3.3.3.3.3.3.3.3.3.3.3.3.3.3.3.3.3.3.3.3.3.3.3.3.3.3.3.3.3.3.3.3.3.3.3.3.3.3.3.3.3.3.3.3.3.3.3.3.3.3.3.3.3.3.3.3.3.3.3.3.3.3.3.3.3.3.3.3.3.3.3,3 gatd 0 temps stable in servo isolette,3.3.3.3.3.3.3.3.3.3.3.3.3.3.3.3.3.3.3.3.3.3.3.3.3.3.3.3.3.3.3.3.3.3.3.3.3.3.3.3.3.3.3.3.3.3.3.3.3.3.3.3.3.3.3.3.3.3.3.3.3.3.3.3.3.3.3.3.3.3.3.3.3.3.3.3.3.3.3.3.3.3.3.3.3.3.3.3.3.3.3.3.3.3.3.3.3.3.3.3.3.3.3.3.3.3.3.3.3.3.3.3.3
igbo,general,"Though it does open up a bit more as you progress.
", though it does open up a bit more as you progress.,though it does open up a bit more as you progress,though it does open up a bit more as you progress
igbo,general,"Now, I know what the odds are, but were still playing for the No. 2 seed and a home playoff game.
", Now I know what the odds are but we're still playing for the number two seed and a home playoff game.,now i know what the odds are but were still playing for the no 2 seed and a home playoff game,now i know what the odds are but we are still playing for the number 2 seed and a home playoff game
igbo,clinical,The anterior surface of the body of the pancreas is covered by peritoneum.," The anterior surface of the body of the pancreas is covered by peritoneum, full stop.",the anterior surface of the body of the pancreas is covered by peritoneum,the anterior surface of the body of the pancreas is covered by peritoneum full stop
igbo,clinical,"Wash thermometer in lukewarm, soapy water."," Wash thermometer in lukewarm, soapy water at full stop.",wash thermometer in lukewarm soapy water,wash thermometer in lukewarm soapy water at full stop
igbo,clinical,LABORATORY DATA: On admission sodium 138 potassium 5.8 chloride 103 CO2 25 BUN 45 creatinine 6.3 glucose 94 white count of 3 hematocrit 26.8 platelet count 171 000.," Narratedata, Cologne, on admission sodium 138, potassium 5.8, chloride 103, COS2 25, BUN 45, creatinine 6.3, glucose 94, white count of 3, hematocrit 26.8, palatinate count 171,000.",laboratory data on admission sodium 138 potassium 5.8 chloride 103 co 2 25 bun 45 creatinine 6.3 glucose 94 white count of 3 hematocrit 26.8 platelet count 171 0,narratedata cologne on admission sodium 138 potassium 5.8 chloride 103 cos 2 25 bun 45 creatinine 6.3 glucose 94 white count of 3 hematocrit 26.8 palatinate count 171000
igbo,clinical,Urinary tract infection.," Urinary tract infection, full stop.",urinary tract infection,urinary tract infection full stop
igbo,general,"Surgical drain technique
", Surgical Train Technique,surgical drain technique,surgical train technique
igbo,clinical,small spit x1 noted on sheets at beginning of shift., Small speed times one. Noted on sheets at the beginning of shift. Full stop.,small spit x one noted on sheets at beginning of shift,small speed times one noted on sheets at the beginning of shift full stop
igbo,clinical,Wean off Levo if able., The screen off level is able.,wean off levo if able,the screen off level is able
igbo,clinical,Coughing up tenacious yellow sputum sent for gram stain and C and S conts on azythromycin po., Coughing up tenacious yellow sputum scent for gram stain and culture and sensitivity continues on azithromycin per oral full stop.,coughing up tenacious yellow sputum sent for gram stain and c and s conts on azythromycin po,coughing up tenacious yellow sputum scent for gram stain and culture and sensitivity continues on azithromycin per oral full stop
igbo,general,"Parents called at 11:22am and were updated by Dr Chimbusomma Ugeanugo
", Parents called at 11.22am and were updated by Dr. Shimbo Soma Uganogo.,parents called at 11 22 am and were updated by doctor chimbusomma ugeanugo,parents called at 11.22 am and were updated by doctor shimbo soma uganogo
igbo,clinical,"With loss of normal immune competence ,  as in conditions of neutropenia for example, periodontal destruction may be greatly accelerated."," With loss of normal immune competence, as in conditions of neutropenia, for example, where odontal destruction may be greatly accelerated to stop",with loss of normal immune competence as in conditions of neutropenia for example periodontal destruction may be greatly accelerated,with loss of normal immune competence as in conditions of neutropenia for example where odontal destruction may be greatly accelerated to stop
igbo,clinical,"The characteristic auscultatory findings of AS include a harsh, crescendo-decrescendo systolic murmur at the right second intercostal space, often with radiation to the carotid arteries."," The characteristics of clitoral findings of AS include the hash comma crescendo, the crescendo systolic moment at the right second intercostal space comma, often with tradition to the carotid atres full stop.",the characteristic auscultatory findings of as include a harsh crescendo decrescendo systolic murmur at the right 2nd intercostal space often with radiation to the carotid arteries,the characteristics of clitoral findings of as include the hash comma crescendo the crescendo systolic moment at the right 2nd intercostal space comma often with tradition to the carotid atres full stop
igbo,clinical,A: DROWSY AT TIME., A. Drowsy at time.,a drowsy at time,a drowsy at time
igbo,general,Formation and early years  1967  69," Formation and Early Years, 1967-69.",formation and early years 1967 69,formation and early years 1967 69
igbo,clinical,There is a small amount of retained stool in the right colon., There is a small amount of retained stool in the right column.,there is a small amount of retained stool in the right colon,there is a small amount of retained stool in the right column
igbo,general,"People are saying they still need him more in the state.
", People are saying they still need more in the States.,people are saying they still need him more in the state,people are saying they still need more in the states
igbo,clinical,"At the completion of the program, the medical student is required to complete an evaluation form provided by OREF."," At the completion of the program, the medical student is required to complete an evaluation form provided by OREF. Full stop.",at the completion of the program the medical student is required to complete an evaluation form provided by oref,at the completion of the program the medical student is required to complete an evaluation form provided by oref full stop
igbo,general,The disabled man said that he was unable to get to the pool for healing., The disabled man said that he was unable to get to the pool for healing full stop.,the disabled man said that he was unable to get to the pool for healing,the disabled man said that he was unable to get to the pool for healing full stop
igbo,general,"Nearly all motorways have overhead lighting including those in rural areas.
"," Nearly all motorways have overhead lighting, including those in rural areas full stop.",nearly all motorways have overhead lighting including those in rural areas,nearly all motorways have overhead lighting including those in rural areas full stop
igbo,general,"Behind every public image are a set of challenges  some of which are temporary and others that never go away.
"," Behind every public image are a set of challenges, some of which are temporary and others that never go away.",behind every public image are a set of challenges some of which are temporary and others that never go away,behind every public image are a set of challenges some of which are temporary and others that never go away
igbo,clinical,"Nausea has been a common side effect early in naltrexone treatment for alcoholism, but is generally mild and clears with continued use."," nausea has been a common side effect early in natriurexone treatment for alcoholism, but is generally mild and clears with continued use.",nausea has been a common side effect early in naltrexone treatment for alcoholism but is generally mild and clears with continued use,nausea has been a common side effect early in natriurexone treatment for alcoholism but is generally mild and clears with continued use
igbo,general,"The band started in 2010.
"," The band started in 2010, full stop.",the band started in 2010,the band started in 2010 full stop
igbo,general,"Abdominal fullness with abdominal pain. next line. Obiadi Laolu Warri No history of use of blood thinners. No history of blood disorders in the family. She does not bleed from any other orifice
", abdominal fullness with abdominal pain full stop next line full stop obiadi lao lu worry no history of use of blood thinners full stop no history of blood disorders in the family full stop she does not bleed from any other orifice,abdominal fullness with abdominal pain next line obiadi laolu warri no history of use of blood thinners no history of blood disorders in the family she does not bleed from any other orifice,abdominal fullness with abdominal pain full stop next line full stop obiadi lao lu worry no history of use of blood thinners full stop no history of blood disorders in the family full stop she does not bleed from any other orifice
igbo,clinical,A 10 mm light path cuvette is recommended for the clinical chemistry tests included in this publication., A 10mm light pad cover is recommended for the clinical chemistry test included in this publication. Full stop.,a 10 light path cuvette is recommended for the clinical chemistry tests included in this publication,a 10 hmm light pad cover is recommended for the clinical chemistry test included in this publication full stop
igbo,clinical,Third generation Antidepressants Venlafaxine: it is currently available in a slow release preparation that enables once-daily dosing.," Stored iPhone Generation Antidepressant, Velantfacine. It is currently available in a slow-release preparation that enables one's iPhone daily dosing, full stop.",3rd generation antidepressants venlafaxine it is currently available in a slow release preparation that enables once daily dosing,stored iphone generation antidepressant velantfacine it is currently available in a slow release preparation that enables one is iphone daily dosing full stop
igbo,clinical,Her urine was negative for infection and with diuresis she no longer complained of nausea or pain.., Her urine was negative for infection and with to rhesus she no longer complained of nausea or pain.,her urine was negative for infection and with diuresis she no longer complained of nausea or pain .,her urine was negative for infection and with to rhesus she no longer complained of nausea or pain
igbo,clinical,"Conservative and operative treatments have had mixed results depending on the patients age, activity level, type of tear and presence of concomitant injuries."," Conservative and operative treatment have hard-missed results depending on the patient's age, activity level, type of tear, and presence of concomitant injuries.",conservative and operative treatments have had mixed results depending on the patients age activity level type of tear and presence of concomitant injuries,conservative and operative treatment have hard missed results depending on the patient is age activity level type of tear and presence of concomitant injuries
igbo,clinical,No response to deep tissue stimuli., No response to deep tissue stimuli.,no response to deep tissue stimuli,no response to deep tissue stimuli
igbo,clinical,The pathologic findings in the brain are petechial haemorrhages on the leptomeninges and minute haemorrhages in the parenchyma., The pathologic findings in the brain are petechial haemorrhages on the leptomeninges and minute haemorrhages in the parenchyma.,the pathologic findings in the brain are petechial hemorrhages on the leptomeninges and minute hemorrhages in the parenchyma,the pathologic findings in the brain are petechial hemorrhages on the leptomeninges and minute hemorrhages in the parenchyma
igbo,general,"The cemetery closed in 1992 and since then has been maintained by the local council and the Lansdown Cemetery Trust .
", The cemetery closed in 1992 and since then has been maintained by the local council and the Lansdowne Cemetery Trust.,the cemetery closed in 1992 and since then has been maintained by the local council and the lansdown cemetery trust,the cemetery closed in 1992 and since then has been maintained by the local council and the lansdowne cemetery trust
igbo,clinical,"Giant cell carcinoma: This type is composed of highly anaplastic giant cells showing numerous atypical mitoses, 816 SECTION III Systemic Pathology of parenchymal cells and variable amount of stromal fat."," Giant cell carcinoma, colon. This type is composed of highly anaplastic giant cells, showing numerous atypical mitosis, 816 section 3 systemic pathology of parenchymal cells and variable amounts of stromal fat, full stop.",giant cell carcinoma this type is composed of highly anaplastic giant cells showing numerous atypical mitoses 816 section iii systemic pathology of parenchymal cells and variable amount of stromal fat,giant cell carcinoma colon this type is composed of highly anaplastic giant cells showing numerous atypical mitosis 816 section 3 systemic pathology of parenchymal cells and variable amounts of stromal fat full stop
igbo,clinical,A bulging congested drum is seen in exudative stage of acute otitis media.," A bulging congested drum is seen in exudative stage of acute otitis media, full stop.",a bulging congested drum is seen in exudative stage of acute otitis media,a bulging congested drum is seen in exudative stage of acute otitis media full stop
igbo,clinical,First time hospital Mmadubuike appropriately nervous but excited involved.," First time was Pisi Uma Dubuike, appropriately nervous but excited, involved to Fustov.",1st time hospital mmadubuike appropriately nervous but excited involved,1st time was pisi uma dubuike appropriately nervous but excited involved to fustov
igbo,general,"The expert, who was in Wuhan this week, claimed he had to escape from the city yesterday after noticing the jaw-droppingly poor preventative measures enforced by the local authorities."," The ex-partner, Komawu, was in Wuhan this week and claimed he had to escape from the city yesterday after noticing the draw-dropping for preventative measures enforced by the local authorities system.",the expert who was in wuhan this week claimed he had to escape from the city yesterday after noticing the jaw droppingly poor preventative measures enforced by the local authorities,the ex partner komawu was in wuhan this week and claimed he had to escape from the city yesterday after noticing the draw dropping for preventative measures enforced by the local authorities system
igbo,general,"She said her father and younger brother taught her ball joggling.
", She said that Father Nayonga better talk about Joggle Infuso.,she said her father and younger brother taught her ball joggling,she said that father nayonga better talk about joggle infuso
igbo,general,"The short answer: The vaccines are more alike than they are different, especially for members of the general public.
"," The short answer, colon, the vaccines are more alike than they are different, comma, especially for members of the general public, full stop.",the short answer the vaccines are more alike than they are different especially for members of the general public,the short answer colon the vaccines are more alike than they are different comma especially for members of the general public full stop
igbo,general,"On the restarting of the suburban railway network in Mumbai, Uddhav Thackeray said, What if families fall ill and their houses are sealed?
"," On the restarting of the Suburban Railway Network in Mumbai, would have Thakri said, was a family's fault and their houses are sealed? Question mark.",on the restarting of the suburban railway network in mumbai uddhav thackeray said what if families fall ill and their houses are sealed,on the restarting of the suburban railway network in mumbai would have thakri said was a family is fault and their houses are sealed question mark
igbo,clinical,"Therefore, conductive loss shows a loss of hearing by air conduction tests and normal hearing by bone conduction test air-bon eor AB gap."," Therefore, comma, conductive loss shows a loss of hearing by air conduction tests and normal hearing by bone conduction tests, air, hyphen, bone, or AB gap, full stop.",therefore conductive loss shows a loss of hearing by air conduction tests and normal hearing by bone conduction test air bon eor ab gap,therefore comma conductive loss shows a loss of hearing by air conduction tests and normal hearing by bone conduction tests air hyphen bone or ab gap full stop
igbo,general,"Members of the press sit and listen to them.
", Members of the press sit and listen to them.,members of the press sit and listen to them,members of the press sit and listen to them
igbo,general,"The high levels of mercury in her hair could be symptomatic of poisoning.
", The high levels of mercury in our hair could be symptomatic of poison and food stock.,the high levels of mercury in her hair could be symptomatic of poisoning,the high levels of mercury in our hair could be symptomatic of poison and food stock
igbo,general,"He was apparently well until 2 days ago when he developed high fever with associated chills and rigor. Next line.
", He was apparently well until two days ago when he developed high fever with associated chills and rigor. Full stop. Next line. Full stop.,he was apparently well until 2 days ago when he developed high fever with associated chills and rigor next line,he was apparently well until 2 days ago when he developed high fever with associated chills and rigor full stop next line full stop
igbo,clinical,1. Hiatal hernia ., One.,one hiatal hernia,one
igbo,general,"Parents called at 11:22am and were updated by Dr Onyebuchi Ikpendu
", The parents called at 11.22am and were updated by Dr Onobuchi Ikendi.,parents called at 11 22 am and were updated by doctor onyebuchi ikpendu,the parents called at 11.22 am and were updated by doctor onobuchi ikendi
igbo,clinical,"Continuing pregnancy after spontaneous abortion of one fetus or more,. AEROSOL, FOAM, TOPICAL ECOZA, ECONAZOLE NITRATE, 1%. Poisoning by unspecified psychostimulants, accidental (unintentional),"," Continuing pregnancy after spontaneous abortion of one fetus or more. Aerosol, foam, topical ecusa, econazole nitrate, 1%, poisoning by unspecified psychostimulants, accidental, open bracket, unintentional, close bracket.",continuing pregnancy after spontaneous abortion of one fetus or more aerosol foam topical ecoza econazole nitrate one poisoning by unspecified psychostimulants accidental,continuing pregnancy after spontaneous abortion of one fetus or more aerosol foam topical ecusa econazole nitrate one poisoning by unspecified psychostimulants accidental open bracket unintentional close bracket
igbo,clinical,"Table illustrates how difficult it is to detect adverse drug reactions with 95 confidence, even when there is no background incidence and the diagnostic accuracy is 100."," Table illustrates how difficult it is to detect adverse drug reactions with 95 confidence, even when there is no background incident and the diagnostic accuracy is 100. Full stop.",table illustrates how difficult it is to detect adverse drug reactions with 95 confidence even when there is no background incidence and the diagnostic accuracy is 100,table illustrates how difficult it is to detect adverse drug reactions with 95 confidence even when there is no background incident and the diagnostic accuracy is 100 full stop
igbo,clinical,IV reglan protonis bisycodal continues.," IV reglan, protonis, bisacodyl continues.",iv reglan protonis bisycodal continues,iv reglan protonis bisacodyl continues
igbo,general,"Mrs. Clinton, the presidential candidate of the Democrats did not play the role of a sore loser as Mr. Trump is now doing."," Ms. Clinton, the presidential candidate of the Democrats, did not play the role of a sole loser as Mr. Trump is now doing. Full stop.",missus clinton the presidential candidate of the democrats did not play the role of a sore loser as mister trump is now doing,ms clinton the presidential candidate of the democrats did not play the role of a sole loser as mister trump is now doing full stop
igbo,clinical,"The patient was subsequently transferred to the Cardiac Surgery Recovery Unit, intubated, for further evaluation and management .", The patient was subsequently transferred to the cardiac surgery recovery unit intubated for further evaluation and management.,the patient was subsequently transferred to the cardiac surgery recovery unit intubated for further evaluation and management,the patient was subsequently transferred to the cardiac surgery recovery unit intubated for further evaluation and management
igbo,general,"According to the Chairman, Export Group, Manufacturers Association of NigeriaVice Chairman, Sapele Integrated Industries Limited. Mr Ede Dafinone, there is no equality requirement on imports and exports for nations.
"," According to the Chairman, Export Group, Manufacturers Association of Nigeria, Vice Chairman, Sapele Integrated Industries Limited, Mr. Ede Daphione, there is no equality requirement on imports and exports for nations.",according to the chairman export group manufacturers association of nigeriavice chairman sapele integrated industries limited mister ede dafinone there is no equality requirement on imports and exports for nations,according to the chairman export group manufacturers association of nigeria vice chairman sapele integrated industries limited mister ede daphione there is no equality requirement on imports and exports for nations
igbo,general,Her six lawsuits in Maine are among hundreds she has filed in more than a dozen states., Her six lawsuits in Maine are among the hundreds she has filed in more than a dozen states to support.,her 6 lawsuits in maine are among 100s she has filed in more than a dozen states,her 6 lawsuits in maine are among the 100s she has filed in more than a dozen states to support
igbo,general,"Esa Oke community asks Oyetola to upgrade OSCOTECH to varsity of technology
", SRQ community asked OYTOLA to upgrade Oskutech to Varsity of Technology.,esa oke community asks oyetola to upgrade oscotech to varsity of technology,srq community asked oytola to upgrade oskutech to varsity of technology
igbo,clinical,Pt extubated 8 and delicate resp status for several days with marked improvement in last 36h., Patient extubated it and delicate respiratory status for several days with marked improvement in last 36 hours.,pt extubated 8 and delicate resp status for several days with marked improvement in last 36 h,patient extubated it and delicate respiratory status for several days with marked improvement in last 36 hours
igbo,general,"If it were possible for aides to walk around for Nigerian politicians or defecate on their behalf, they would have outsourced these activities too.
"," If it were possible for AIDS to walk around for Nigerian politicians or defecate on their behalf, they would have outsourced these activities to full stop.",if it were possible for aides to walk around for nigerian politicians or defecate on their behalf they would have outsourced these activities too,if it were possible for aids to walk around for nigerian politicians or defecate on their behalf they would have outsourced these activities to full stop
igbo,clinical,"Otherside effects include fever,rashes,proteinuria,peripheralneuropathy,and rarely,agranulocytosis."," Other side effects include fever, rashes, proteinuria, peripheral neuropathy, and rarely agranulocytosis.",otherside effects include fever rashes proteinuria peripheralneuropathy and rarely agranulocytosis,other side effects include fever rashes proteinuria peripheral neuropathy and rarely agranulocytosis
igbo,general,"The Democratic race is increasingly being overshadowed by the ongoing coronavirus crisis.
", The democratic race is increasingly being overshadowed by the ongoing coronavirus crisis for,the democratic race is increasingly being overshadowed by the ongoing coronavirus crisis,the democratic race is increasingly being overshadowed by the ongoing coronavirus crisis for
igbo,general,We wanted to give our players the best possible advice., We wanted to give our players the best possible advice to stop,we wanted to give our players the best possible advice,we wanted to give our players the best possible advice to stop
igbo,clinical,Orthopedics Dr. Degbay Uwa  appointment scheduled for 05-02-1981 at 2: 00 p.m.3., Dr. Diwe'o'a appointment scheduled for 5th February 1981 at 2 p.m. 3.,orthopedics doctor degbay uwa appointment scheduled for 5 2 1981 at 2 0 p m.3,doctor diwe 0 a appointment scheduled for 5th february 1981 at 2 p m 3
igbo,clinical,"Use method known to prevent harm from anesthetic administration, while protecting the patient from pain 3.", Use method known to prevent harm from anesthetic administration comma while protecting the patients from pain three full stop,use method known to prevent harm from anesthetic administration while protecting the patient from pain 3,use method known to prevent harm from anesthetic administration comma while protecting the patients from pain 3 full stop
igbo,general,"Formats and track listings
", Format and track listings.,formats and track listings,format and track listings
igbo,clinical,"The skin has five kinds of glands: merocrine sweat glands, apocrine sweat glands, sebaceous glands, ceruminous glands, and mammary glands."," The skin has five kinds of glands, colon, merucrine sweat glands, apocrine sweat glands, sebaceous glands, ceruminous glands, and mammary glands.",the skin has 5 kinds of glands merocrine sweat glands apocrine sweat glands sebaceous glands ceruminous glands and mammary glands,the skin has 5 kinds of glands colon merucrine sweat glands apocrine sweat glands sebaceous glands ceruminous glands and mammary glands
igbo,clinical,"Battery, rechargeable from a solar panel."," battery, common rechargeable from a solar panel,",battery rechargeable from a solar panel,battery common rechargeable from a solar panel
igbo,general,"I supported MC Oluomo to become Lagos NURTW chairman but he is now after me
", I supported MC Oluwamu to become the ghost of Ennio Arruti Dombichamon because he is now after me.,i supported mc oluomo to become lagos nurtw chairman but he is now after me,i supported mc oluwamu to become the ghost of ennio arruti dombichamon because he is now after me
igbo,clinical,"Laceration of other extensor muscle, fascia and tendon at forearm leve. TABLET, ORAL ATENOLOL, ATENOLOL, 100MG. Exposure to bed fire due to burning cigarette, initial encounter"," Glaceration of other extensional muscle, fascia and tendon at forearm levy. Tablets. Oral adenolol. Adenolol, 100 mg. Exposure to bed fire due to burning cigarette. Initial encounter.",laceration of other extensor muscle fascia and tendon at forearm leve tablet oral atenolol atenolol 100 mg exposure to bed fire due to burning cigarette initial encounter,glaceration of other extensional muscle fascia and tendon at forearm levy tablets oral adenolol adenolol 100 mg exposure to bed fire due to burning cigarette initial encounter
igbo,clinical,SIGNS AND SYMPTOMS Can present acutely as an abscess fluctuant mass or chronically as a draining sinus with pain at the top of the gluteal cleft.," Signs and symptoms can present accurately as an abscess, fluctuant mass, or conically as a draining sinus with pain at the top of the gluteal cleft, full stop.",signs and symptoms can present acutely as an abscess fluctuant mass or chronically as a draining sinus with pain at the top of the gluteal cleft,signs and symptoms can present accurately as an abscess fluctuant mass or conically as a draining sinus with pain at the top of the gluteal cleft full stop
igbo,clinical,"Non-standardized psychotherapies such as: psychodynamic, psychotherapy and reminiscence therapy, are also proposed as appropriate treatments for geriatric depression."," Non-standardized psychotherapies such as coma, psychodynamic psychotherapy, and remissence therapy coma are also proposed as appropriate treatment for geriatric depression, food stock.",non standardized psychotherapies such as psychodynamic psychotherapy and reminiscence therapy are also proposed as appropriate treatments for geriatric depression,non standardized psychotherapies such as coma psychodynamic psychotherapy and remissence therapy coma are also proposed as appropriate treatment for geriatric depression food stock
igbo,clinical,Neonatal hyperbilirubinemia can result in bluish discoloration of the deciduous teeth., neonatal hyperbilirubinemia can result in bleached discoloration of the deciduous teeth first of,neonatal hyperbilirubinemia can result in bluish discoloration of the deciduous teeth,neonatal hyperbilirubinemia can result in bleached discoloration of the deciduous teeth 1st of
igbo,clinical,"In most cases, patients who are cooperative prefer oral administration to parenteral medications.
"," In most cases, patients who are cooperative prefer oral administration to parenteral medications full stop.",in most cases patients who are cooperative prefer oral administration to parenteral medications,in most cases patients who are cooperative prefer oral administration to parenteral medications full stop
igbo,clinical,Acute leukaemia Gingival swelling is most frequently seen in acute myelomonocytic leukaemia.," Acute Leukemia Gingival swelling is most frequently seen in acute myelomonocytic leukemia, full stop.",acute leukemia gingival swelling is most frequently seen in acute myelomonocytic leukemia,acute leukemia gingival swelling is most frequently seen in acute myelomonocytic leukemia full stop
igbo,clinical,X1 WITH DILAUDID FOR BACK PAIN., X1 with diluate dip for back pain,x one with dilaudid for back pain,x one with diluate dip for back pain
igbo,clinical,"Ascorbic Acid principal forms of vitamin C are ascorbic acid and the oxidized form, dehydroascorbic acid."," Ascorbic acid. Principal forms of vitamin C are ascorbic acid and the oxidized form, dehydroascorbic acid.",ascorbic acid principal forms of vitamin c are ascorbic acid and the oxidized form dehydroascorbic acid,ascorbic acid principal forms of vitamin c are ascorbic acid and the oxidized form dehydroascorbic acid
igbo,general,"Expectations are high that the US House of Representatives will pass the stimulus measure to support distressed industries, including airlines, after the Senate cleared the proposal.
"," Expectations are high that the U.S. House of Representatives will pass the stimulus measure to support the stressed industries, including airlines, after the Senate cleared the proposal full stop.",expectations are high that the us house of representatives will pass the stimulus measure to support distressed industries including airlines after the senate cleared the proposal,expectations are high that the u s house of representatives will pass the stimulus measure to support the stressed industries including airlines after the senate cleared the proposal full stop
igbo,clinical,CV: Neo drip weaned to off at 1200., See the new drip wind to off at 12.00.,cv neo drip weaned to off at 1200,see the new drip wind to off at 12
igbo,general,"Akubuilo began playing the piano when he was a young child at Umuahia elementary school
", Akubu Hilo began playing the piano when he was a young child at Omuahea Elementary School.,akubuilo began playing the piano when he was a young child at umuahia elementary school,akubu hilo began playing the piano when he was a young child at omuahea elementary school
igbo,clinical,The patient was admitted to the Arkzie- Memorial for lumbar puncture ., The patient was admitted to the AXI Memorial for Lumbar Puncture.,the patient was admitted to the arkzie memorial for lumbar puncture,the patient was admitted to the axi memorial for lumbar puncture
igbo,clinical,SOCIAL: Multiple family members in to visit and updated on pt's POC and prognosis by this RN and Dr. Ekezie., Social. Multiple family members aim to visit and update health on patients POC and prognosis by this RN and Dr. Ekezi.,social multiple family members in to visit and updated on pt is poc and prognosis by this rn and doctor ekezie,social multiple family members aim to visit and update health on patients poc and prognosis by this rn and doctor ekezi
igbo,clinical,At that time it could be essentially closed through a catheterization procedure.," At that time, it could be essentially closed through a catheterization procedure.",at that time it could be essentially closed through a catheterization procedure,at that time it could be essentially closed through a catheterization procedure
igbo,general,"In the meantime, we already set up the manual patrol the military is going around the airport facilities for improved security.
"," In the meantime, we already set up the manual patrol. The military is going around the airport facilities for improved security.",in the meantime we already set up the manual patrol the military is going around the airport facilities for improved security,in the meantime we already set up the manual patrol the military is going around the airport facilities for improved security
igbo,clinical,The knots should be tied buccally., The knots should be tied bookily.,the knots should be tied buccally,the knots should be tied bookily
igbo,general,It is always such a delight to witness the weekend. Were never getting over the thrills and joy that come with Saturdays. And knowing that so many people around the world are saying their I do at this time? Absolutely priceless., and knowing that so many people around the world are seeing that I do at this time. Question mark. Absolutely priceless.,it is always such a delight to witness the weekend were never getting over the thrills and joy that come with saturdays and knowing that so many people around the world are saying their i do at this time absolutely priceless,and knowing that so many people around the world are seeing that i do at this time question mark absolutely priceless
igbo,general,"They were introduced to Sydney roads last December, with more than 3300 drivers caught during the first week of operation and issued with a warning."," They were introduced to Sydney roads last December, OMA, with more than 3,300 drivers caught during the first week of operation and issued with a warning, O stop.",they were introduced to sydney roads last december with more than 3300 drivers caught during the 1st week of operation and issued with a warning,they were introduced to sydney roads last december oma with more than 3300 drivers caught during the 1st week of operation and issued with a warning 0 stop
igbo,clinical,Received 1st maintainence dose today., received first maintenance dose today,received 1st maintainence dose today,received 1st maintenance dose today
igbo,general,"Of the 36 local companies that IPOd last year, 17 finished the year at stock prices higher than their IPO price, and 19 lost value.
"," Of the 36 local companies that IPO'd last year, 17 finished the year at stock prices higher than their IPO price, and 19 lost value, full stock.",of the 36 local companies that ipod last year 17 finished the year at stock prices higher than their ipo price and 19 lost value,of the 36 local companies that ipo would last year 17 finished the year at stock prices higher than their ipo price and 19 lost value full stock
igbo,clinical,All other T-cells are involved in cellular immunity only.," All other T cells are involved in cellular immunity only, full stop.",all other t cells are involved in cellular immunity only,all other t cells are involved in cellular immunity only full stop
igbo,clinical,Pain: pt ordered for Roxicet-has not required any.," Pain, colon, patient ordered for russetite hyphene has not required any full stop.",pain pt ordered for roxicet has not required any,pain colon patient ordered for russetite hyphene has not required any full stop
igbo,clinical,Neck pain radiates to the shoulder or scalp., neck pain relates to the shoulder or skull push-down.,neck pain radiates to the shoulder or scalp,neck pain relates to the shoulder or skull push down
igbo,clinical,RENAL: She continues on the lasix gtt at 10mg/hr.," Rinald, semicolon. She continues on the last six GTT at 10mg slash hour.",renal she continues on the lasix gtt at 10 mg hr,rinald semicolon she continues on the last 6 gtt at 10 mg slash hour
igbo,general,"Knock on wood, we have not had to cancel this event yet, said Holly Anderson, assistant director of the municipally owned Snow Bowl.
"," Knock on wood, we have not had to cancel this event yet, said Holly Anderson, Assistant Director of the Municipally Owned Snowball, Full Stop.",knock on wood we have not had to cancel this event yet said holly anderson assistant director of the municipally owned snow bowl,knock on wood we have not had to cancel this event yet said holly anderson assistant director of the municipally owned snowball full stop
igbo,general,"When Gaveston was put in charge of the coronation, one thing after another went wrong."," When Gaveston was put in charge of the coronation coma on 10 after another one strong first stop,",when gaveston was put in charge of the coronation one thing after another went wrong,when gaveston was put in charge of the coronation coma on 10 after another one strong 1st stop
igbo,general,"When you look at photos taken on this phone, theyre not as rich as they are in real life - something to bear in mind before you start trying to edit them to perfection.
"," When you look at photos taken on this phone, they are not as rich as they are in real life. Something to bear in mind before you start trying to edit them to perfection, full stop.",when you look at photos taken on this phone theyre not as rich as they are in real life something to bear in mind before you start trying to edit them to perfection,when you look at photos taken on this phone they are not as rich as they are in real life something to bear in mind before you start trying to edit them to perfection full stop
igbo,clinical,"Other dermatophytoses. INJECTABLE, INJECTION DEXTROSE 2.5% AND SODIUM CHLORIDE 0.11% IN PLASTIC CONTAINER, DEXTROSE; SODIUM CHLORIDE, 2.5GM/100ML;110MG/100ML. Cerebral infarction due to thrombosis of bilateral cerebellar arteries"," Other dermatophytosis, injectable, injection, dextrose 2.5% and sodium chloride 0.11% in plastic container. Dextrose, sodium chloride 5 gram per 100 mil, 110 milligram per 100 mil. Cerebral infarction due to thrombosis of bilateral cerebellar arteries.",other dermatophytoses injectable injection dextrose 2.5% and sodium chloride 0.11% in plastic container dextrose sodium chloride 2.5 gm 100 ml 110 mg 100 ml cerebral infarction due to thrombosis of bilateral cerebellar arteries,other dermatophytosis injectable injection dextrose 2.5% and sodium chloride 0.11% in plastic container dextrose sodium chloride 5 gram per 100 mil 110 milligram per 100 mil cerebral infarction due to thrombosis of bilateral cerebellar arteries
igbo,clinical,O remains under single phototherapy with protective eye patches in place am bili to be drawn A hyperbili Pcont to follow levels max skin exposure to lights cont plan of care, all remains under single phototherapy with protective eye patches in place and ability to be drawn a hyperbolic piece pecan to follow levels max skin especially to light cons plan of care,0 remains under single phototherapy with protective eye patches in place am bili to be drawn a hyperbili pcont to follow levels max skin exposure to lights cont plan of care,all remains under single phototherapy with protective eye patches in place and ability to be drawn a hyperbolic piece pecan to follow levels max skin especially to light cons plan of care
igbo,clinical,"They do, however, compress adjacent tissue as they grow, usually the vestibular and cochlear nerve within the internal auditory canal IAC, but can compress the brain stem and facial nerve once they outgrow that space."," They do, however, compress adjacent tissue as they grow, usually the vestibular and cochlear nerve within the internal auditory canal, IAC, but can compress the brainstem and facial nerve once they are grew that space, full stop.",they do however compress adjacent tissue as they grow usually the vestibular and cochlear nerve within the internal auditory canal iac but can compress the brain stem and facial nerve once they outgrow that space,they do however compress adjacent tissue as they grow usually the vestibular and cochlear nerve within the internal auditory canal iac but can compress the brainstem and facial nerve once they are grew that space full stop
igbo,clinical,"A root displaced into the antrum usually causes sinusitis, but it may cause no more than mucosal thickening."," A root displaced into the antrum usually causes sinusitis, but it may cause no more than mucosal thickening, fustog.",a root displaced into the antrum usually causes sinusitis but it may cause no more than mucosal thickening,a root displaced into the antrum usually causes sinusitis but it may cause no more than mucosal thickening fustog
igbo,clinical,"88 Use of neoadjuvant chemotherapy, portal vein embolization, two-stage hepatectomy, simultaneous ablation, and resection of the extrahepatic tumor in select patients have increased the number of patients eligible for a surgical approach."," Atheist use of neoadjuvant chemotherapy, putavine embolization, 2-stage hepatectomy, simultaneous ablation, and restriction of extrahepatic tumor in select patients have increased the number of patients eligible for surgical approach full stop.",88 use of neoadjuvant chemotherapy portal vein embolization 2 stage hepatectomy simultaneous ablation and resection of the extrahepatic tumor in select patients have increased the number of patients eligible for a surgical approach,atheist use of neoadjuvant chemotherapy putavine embolization 2 stage hepatectomy simultaneous ablation and restriction of extrahepatic tumor in select patients have increased the number of patients eligible for surgical approach full stop
igbo,general,Peeta doesnt see the love as an act though and really does believe Katniss might love him., Peter doesn't see the love as an act though and really does believe Katniss might love him full stop.,peeta doesnt see the love as an act though and really does believe katniss might love him,peter does not see the love as an act though and really does believe katniss might love him full stop
igbo,clinical,sxn for sm amts thick tan secretions., SXN for SM AMTS Z-Tone Secretion,sxn for sm amts thick tan secretions,sxn for sm amts z tone secretion
igbo,general,to find the field equations for QED ., friend,to find the field equations for qed,friend
igbo,general,"He is the middle child of 5 boys and his brothers Chikodinaka and Uzoechie have been visiting and seem very supportive and also appropriately emotional.
"," is the middle side of five boys and his brothers Chiko Denaka and Uzo Ishii have been visiting and seem very supportive and also appropriately emotional, full stop.",he is the middle child of 5 boys and his brothers chikodinaka and uzoechie have been visiting and seem very supportive and also appropriately emotional,is the middle side of 5 boys and his brothers chiko denaka and uzo ishii have been visiting and seem very supportive and also appropriately emotional full stop
igbo,general,But new acquisitions will also be required., for new acquisitions will also be required for stuff.,but new acquisitions will also be required,for new acquisitions will also be required for stuff
igbo,clinical,"Otorrhea, left ear. TABLET, ORAL MILTOWN, MEPROBAMATE, 600MG. Algoneurodystrophy, unspecified site"," Otoria, left ear. Tablet, oral, mealtime. Meprobamid, 600 mg. Algo-neurodystrophy, unspecified site.",otorrhea left ear tablet oral miltown meprobamate 600 mg algoneurodystrophy unspecified site,otoria left ear tablet oral mealtime meprobamid 600 mg algo neurodystrophy unspecified site
igbo,clinical,Temp over 101 all day despite tylenol/motrin and ice packs so placed on cooling blanket at 1500., Temperature over 101 of the despite Tylenol or motrin and ice packs so placed on cooling blankets at 1500,temp over 101 all day despite tylenol motrin and ice packs so placed on cooling blanket at 1500,temperature over 101 of the despite tylenol or motrin and ice packs so placed on cooling blankets at 1500
igbo,clinical,HEENT : NC/AT .," H-E-N-C, N-C, per 80.",heent nc at,h e n c n c per 80
igbo,general,"Death inhabits the rail tracks.
"," Death inhabits the wheel tracks, full stop.",death inhabits the rail tracks,death inhabits the wheel tracks full stop
igbo,general,He doesnt lack for ammunition., He doesn't like for ammunition to stop,he doesnt lack for ammunition,he does not like for ammunition to stop
igbo,clinical,"Traumatic arthropathy, left ankle and foot. INJECTABLE, INJECTION CISPLATIN, CISPLATIN, 10MG/VIAL. Driver of bus injured in collision with fixed or stationary object in", traumatic arthropathy left ankle and foot injectable injection cisplatin cisplatin ten milligram per vial driver of bus injured in collision with fixed or stationary object in,traumatic arthropathy left ankle and foot injectable injection cisplatin cisplatin 10 mg vial driver of bus injured in collision with fixed or stationary object in,traumatic arthropathy left ankle and foot injectable injection cisplatin cisplatin 10 milligram per vial driver of bus injured in collision with fixed or stationary object in
igbo,clinical,"Will be discharged home with VNA and occupational therapy.
", We will be discharged home with vendor-neutral archive and occupational therapy full stop.,will be discharged home with vna and occupational therapy,we will be discharged home with vendor neutral archive and occupational therapy full stop
igbo,general,"It just makes everything glowy and plump, which is important for me because Im on set all the time, and Im in front of lights, and Im on planes, and my skin dries out and it gets really dehydrated no matter how much water I drink.
"," It just makes everything glowy and plump, which is important for me because I'm on set all the time and I'm in front of light and I'm on planes and my skin dries out and it gets really dehydrated no matter how much water I drink, full stop.",it just makes everything glowy and plump which is important for me because im on set all the time and im in front of lights and im on planes and my skin dries out and it gets really dehydrated no matter how much water i drink,it just makes everything glowy and plump which is important for me because i am on set all the time and i am in front of light and i am on planes and my skin dries out and it gets really dehydrated no matter how much water i drink full stop
igbo,general,"So, its practices were rarely questioned.
"," So, its practices were rarely questioned, full stop.",so its practices were rarely questioned,so its practices were rarely questioned full stop
igbo,general,The agency made the announcement on Sunday night via its Twitter handle.," The agency made the announcement on Sunday night via its Twitter handle, Houston.",the agency made the announcement on sunday night via its twitter handle,the agency made the announcement on sunday night via its twitter handle houston
igbo,clinical,The questionnaire response rate was 61%., The questionnaire response rate was 61%.,the questionnaire response rate was 61%,the questionnaire response rate was 61%
igbo,general,They played many blues-style songs in Nashville.," They played many blues iPhone style songs in Nashville, Boston.",they played many blues style songs in nashville,they played many blues iphone style songs in nashville boston
igbo,general,"Temi Otedola is in love, and she has the smile to prove it.
"," Demi Otedola is in love, and she has the smile to prove it, full stop.",temi otedola is in love and she has the smile to prove it,demi otedola is in love and she has the smile to prove it full stop
igbo,general,"That rate is almost double the national average.
"," That rate is almost double the national average, full stop.",that rate is almost double the national average,that rate is almost double the national average full stop
igbo,clinical,CO 2 CI 14.," CO2, chlorine-14.",co 2 ci 14,co 2 chlorine 14
igbo,clinical,Easy bruising of unknown cause is a common phenomenon in women of child bearing age group.," Easy bruising of unknown cause is a common phenomenon in women of child-bearing age group, post-op.",easy bruising of unknown cause is a common phenomenon in women of child bearing age group,easy bruising of unknown cause is a common phenomenon in women of child bearing age group post op
igbo,general,"If he takes another beating a la Super Tuesday, with a wipeout in Florida looming the week after, Biden will be far north of 90 percent odds to win the nomination.
"," If he takes another beating a la Super Tuesday, with a wipeout in Florida looming the week after, Biden will be far north of 90% odds to win the nomination for superpower.",if he takes another beating a la super tuesday with a wipeout in florida looming the week after biden will be far north of 90% odds to win the nomination,if he takes another beating a la super tuesday with a wipeout in florida looming the week after biden will be far north of 90% odds to win the nomination for superpower
igbo,clinical,"erefore,thediagnostictestofchoiceis stillthe sweat test.
"," Therefore, the diagnostic test of choice is still the sweat test. Full stop.",erefore thediagnostictestofchoiceis stillthe sweat test,therefore the diagnostic test of choice is still the sweat test full stop
igbo,clinical,"Prevention approach to therapy and aggressiveness of treatment should be based on risk factors, including age, severity of overweight and obesity, and comorbidities, as well as family history and support."," Prevention. Approach to therapy and aggressiveness of treatment should be based on risk factors, including age, severity of overweight and obesity, and comorbidities, as well as family history and support.",prevention approach to therapy and aggressiveness of treatment should be based on risk factors including age severity of overweight and obesity and comorbidities as well as family history and support,prevention approach to therapy and aggressiveness of treatment should be based on risk factors including age severity of overweight and obesity and comorbidities as well as family history and support
igbo,general,"Ugeruomba came down with Orajimetochukwu disease, and was treated with Ebi drug at Yenagoa hospital on Sun 05 Jan, 2025
"," Oge Rionba came down with Orazimeto Trigold Disease Coma and was treated with AP drug at Geneva Hospital on Sunday, 5th January 2025.",ugeruomba came down with orajimetochukwu disease and was treated with ebi drug at yenagoa hospital on sun 5 jan 2025,oge rionba came down with orazimeto trigold disease coma and was treated with ap drug at geneva hospital on sunday 5th january 2025
igbo,clinical,"grimacing to peri-care before care initiated.
", We may seem to pre-care before care initiated to stop.,grimacing to peri care before care initiated,we may seem to pre care before care initiated to stop
igbo,clinical,"Under the inuence of the reality principle, gratication of wishes may be delayed with the aim of eventually achieving greater andor safer pleasure.
"," Under the ignorance of the reality principle, gratification of wishes may be delayed with the aim of eventually achieving greater and or safer pleasure. Full stop.",under the inuence of the reality principle gratication of wishes may be delayed with the aim of eventually achieving greater andor safer pleasure,under the ignorance of the reality principle gratification of wishes may be delayed with the aim of eventually achieving greater and or safer pleasure full stop
igbo,general,"Nollywood doesnt exist in a vacuum.
"," Nollywood doesn't exist in a vacuum, full stop.",nollywood doesnt exist in a vacuum,nollywood does not exist in a vacuum full stop
igbo,general,"If over N1tn has been disbursed, are they ghosts? It couldnt have been a ghost. Under the Differentiated Cash Reserve Requirement, over N1tn has been given out. The one for manufacturers, we call it the DCCR, and it is also at five  per cent.
"," If over 1 million TN has been disbursed, are they ghosts? If couldn't have been a ghost, under the differentiated cash reserve requirements, over 1 TN has been given out. The one for manufacturers, we call it the DCCR, and it is also at 5%.",if over n one tn has been disbursed are they ghosts it couldnt have been a ghost under the differentiated cash reserve requirement over n one tn has been given out the one for manufacturers we call it the dccr and it is also at 5%,if over 1000000 tn has been disbursed are they ghosts if could not have been a ghost under the differentiated cash reserve requirements over one tn has been given out the one for manufacturers we call it the dccr and it is also at 5%
igbo,clinical,Although the presence of distal gas radiographically argues against a malrotation/volvulus this must be excluded given the degree of bilious emesis.," Although the presence of distal gas radiographically argues against email rotation or volvulus, this must be excluded given the degree of bilus emesis.",although the presence of distal gas radiographically argues against a malrotation volvulus this must be excluded given the degree of bilious emesis,although the presence of distal gas radiographically argues against email rotation or volvulus this must be excluded given the degree of bilus emesis
igbo,general,"A West End musical is a musical theatre production that has been performed in the West End theaters of London.
", A West End Musical is a musical theatre production that has been performed in the West End Theatres of London.,a west end musical is a musical theater production that has been performed in the west end theaters of london,a west end musical is a musical theater production that has been performed in the west end theaters of london
igbo,clinical,This is the simplest and most effective treatment., This is the simplest and most effective treatment. Full stop.,this is the simplest and most effective treatment,this is the simplest and most effective treatment full stop
igbo,general,The emergence of new troubles with Max threatens to extend a crisis that is consuming one of Americas most influential companies and disrupting the global aviation business., The emergence of new troubles with mass threatings to extend a crisis that is consuming one of America's most influential companies and disrupting the global aviation business will stop,the emergence of new troubles with max threatens to extend a crisis that is consuming one of americas most influential companies and disrupting the global aviation business,the emergence of new troubles with mass threatings to extend a crisis that is consuming one of america is most influential companies and disrupting the global aviation business will stop
igbo,clinical,"The superego, which develops as an outgrowth of both the ego and id, consists of the moral standards, values and prohibitions that have been internalized throughout childhood and adolescence."," The superego, which develops as an outgrowth of both the ego and idea, consists of the moral standards, values, and prohibitions that have been internalized throughout childhood and adolescence.",the superego which develops as an outgrowth of both the ego and id consists of the moral standards values and prohibitions that have been internalized throughout childhood and adolescence,the superego which develops as an outgrowth of both the ego and idea consists of the moral standards values and prohibitions that have been internalized throughout childhood and adolescence
igbo,general,"Dr Chokayloo Kamglo speaking. Next line. Chief complaints: next line. Patient had fever, generalized body pain, and bitter taste for 2 weeks duration
"," Dr. Chuke Lukamglow speaking. Full stop. Next line. Full stop. Chief complaint colon. Next line. Full stop. Patient had fever, coma, generalized body pain, coma, and bitter taste for two weeks duration.",doctor chokayloo kamglo speaking next line chief complaints next line patient had fever generalized body pain and bitter taste for 2 weeks duration,doctor chuke lukamglow speaking full stop next line full stop chief complaint colon next line full stop patient had fever coma generalized body pain coma and bitter taste for 2 weeks duration
igbo,general,Here is a 22 yr old food poisoning patient Segun Bolatito who presented to clinic at 11am this morning," Here is a 22-year-old food poisoning patient, Shegun Bolatito, who presented to clinic at 11 a.m. this morning.",here is a 22 yr old food poisoning patient segun bolatito who presented to clinic at 11 am this morning,here is a 22 year old food poisoning patient shegun bolatito who presented to clinic at 11 a m this morning
igbo,general,"The patient was in a hurry to get thier Labs and Radiology result from Chidumaga Emetemedia Diagnostic center, Jimeta
"," The patient was in a hurry to get their labs and radiology results from Chidumaga Emitter Media Diagnostic Center, Komaji Meta.",the patient was in a hurry to get thier labs and radiology result from chidumaga emetemedia diagnostic center jimeta,the patient was in a hurry to get their labs and radiology results from chidumaga emitter media diagnostic center komaji meta
igbo,clinical,"Hepatitis C. The hepatitis C virus, HCV, was the most common cause of post-transfusion hepatitis after hepatitis B, but donors are now screened for both hepatitis C and B."," Hepatitis C. The hepatitis C virus, HCV, was the most common cause of post-hyphen transfusion hepatitis after hepatitis B, but donors are now screened for both hepatitis C and B. Full stop.",hepatitis c the hepatitis c virus hcv was the most common cause of post transfusion hepatitis after hepatitis b but donors are now screened for both hepatitis c and b,hepatitis c the hepatitis c virus hcv was the most common cause of post hyphen transfusion hepatitis after hepatitis b but donors are now screened for both hepatitis c and b full stop
igbo,general,"Watch the vlog below
", Watch the vlog below,watch the vlog below,watch the vlog below
igbo,general,"You would need these ingredients:
", You need this in video column.,you would need these ingredients,you need this in video column
igbo,general,"Listen to our latest podcast:Notwithstanding the fact that the APC may be going for a consensus candidate, findings showed that the three aspirants that had purchased the governorship form are Senator Uba Sani, Sani Dattijo and Sani Shaaban.
"," Listen to our latest podcast, colon. Notwithstanding the fact that the APC may be going for a consensus candidate, comma, findings showed that the three aspirants that had purchased the governorship from are Senator Uba Sonny, comma, Sonny Datijo and Sonny Shahaban. Full stop.",listen to our latest podcast notwithstanding the fact that the apc may be going for a consensus candidate findings showed that the 3 aspirants that had purchased the governorship form are senator uba sani sani dattijo and sani shaaban,listen to our latest podcast colon notwithstanding the fact that the apc may be going for a consensus candidate comma findings showed that the 3 aspirants that had purchased the governorship from are senator uba sonny comma sonny datijo and sonny shahaban full stop
igbo,clinical,"Meticulous instructions must be given to the nursing staff and therapists, regarding the positioning and rolling of the patient to prevent stressing the suture lines during these maneuvers.", Reticulous instruction of the giving to the nursing staff and therapists regarding the positioning and rolling of the patient to prevent stressing the suture lines during these maneuvers. Full stop.,meticulous instructions must be given to the nursing staff and therapists regarding the positioning and rolling of the patient to prevent stressing the suture lines during these maneuvers,reticulous instruction of the giving to the nursing staff and therapists regarding the positioning and rolling of the patient to prevent stressing the suture lines during these maneuvers full stop
igbo,clinical,"Within the lumen, the epithelium is supported by the lamina propria and underlying muscular is mucosa."," Within the lumen, the epithelium is supported by the laminar propia and underlying muscularis mucosa, full stop.",within the lumen the epithelium is supported by the lamina propria and underlying muscular is mucosa,within the lumen the epithelium is supported by the laminar propia and underlying muscularis mucosa full stop
igbo,clinical,Quetiapine Fumarate 25 mg Tablet Sig: One 1 Tablet PO QHSonce a day at bedtime as needed., What's your pain from my 25mg tablet? See later. What tablet?,quetiapine fumarate 25 mg tablet sig one one tablet po qhsonce a day at bedtime as needed,what is your pain from my 25 mg tablet see later what tablet
igbo,general,"She was speaking following a meeting with a group of Lithuanian MPs at the parliament in Vilnius.
"," She was speaking following a meeting with a group of Lithuanian MPs at the parliament in Vilnius, full stop.",she was speaking following a meeting with a group of lithuanian mps at the parliament in vilnius,she was speaking following a meeting with a group of lithuanian mps at the parliament in vilnius full stop
igbo,clinical,"Finally, the therapist must decide whether the problem presented by the patient is amenable to hypnotic intervention or whether other steps should be taken instead.", Finally comma the therapist must decide whether the problem presented by the patient is amenable to hypnotic Intervention or whether other steps should be taken instead full stop,finally the therapist must decide whether the problem presented by the patient is amenable to hypnotic intervention or whether other steps should be taken instead,finally comma the therapist must decide whether the problem presented by the patient is amenable to hypnotic intervention or whether other steps should be taken instead full stop
igbo,clinical,Plan to check Lytes Ifechukwukwuru BUN/Cr CBC and triglycerides in am., Plan to check lights. Ifetupukuru. BUN slash CR. CBC and triglycerides in AM.,plan to check lytes ifechukwukwuru bun cr cbc and triglycerides in am,plan to check lights ifetupukuru bun slash cr cbc and triglycerides in am
igbo,general,"A Forex trade broker in Nigeria functions as a middle man between you and the currency market. The broker can charge either a spread or a commission, and there are pros and cons to each option:
"," A forex trade broker in Nigeria functions as a middleman between you and the currency market, full stop. The broker can charge either a spread or a commission, and there are pros and cons to each option, colon.",a forex trade broker in nigeria functions as a middle man between you and the currency market the broker can charge either a spread or a commission and there are pros and cons to each option,a forex trade broker in nigeria functions as a middleman between you and the currency market full stop the broker can charge either a spread or a commission and there are pros and cons to each option colon
igbo,general,"But teachers are still on strike, resulting in nefarious activities by school children, including sexual activity and drugs, and if school children continue to remain unsupervised it might end up in pregnancies and early child marriages.
"," But teachers are still on strike, resulting in nefarious activities by school children, including sexual activity and drugs, and if school children continue to remain unsupervised, it might end up in pregnancies and at least child miscarriage marriages.",but teachers are still on strike resulting in nefarious activities by school children including sexual activity and drugs and if school children continue to remain unsupervised it might end up in pregnancies and early child marriages,but teachers are still on strike resulting in nefarious activities by school children including sexual activity and drugs and if school children continue to remain unsupervised it might end up in pregnancies and at least child miscarriage marriages
igbo,general,"Kolade came down with Ebunilo disease, and was treated with Abimboye drug at Ede hospital on Sat 26 Dec, 1998
"," Kolade came down with Ebunilo disease, common, and was treated with Abimboyo drug at Ede hospital on Saturday 26th December 1998.",kolade came down with ebunilo disease and was treated with abimboye drug at ede hospital on sat 26 dec 1998,kolade came down with ebunilo disease common and was treated with abimboyo drug at ede hospital on saturday 26th december 1998
igbo,clinical,Mild-Mod retractions., mouth to move its retractions,mild mod retractions,mouth to move its retractions
igbo,clinical,Lateral cavernous sinuses.," Lateral cavernous sinuses, footstep.",lateral cavernous sinuses,lateral cavernous sinuses footstep
igbo,clinical,Neuro: Lightly sedated on fentanyl 50mcg/hr requiring boluses of 50mcg for turning or other interventions.," Neuro, slightly sedated on fentanyl 50 microgram per hour, requiring boluses of 50 microgram for toning or other interventions.",neuro lightly sedated on fentanyl 50 mcg hr requiring boluses of 50 mcg for turning or other interventions,neuro slightly sedated on fentanyl 50 microgram per hour requiring boluses of 50 microgram for toning or other interventions
igbo,clinical,"Where the cause is pain, hypnotics must not be given until its source has been investigated, removed if possible, or analgesics prescribed. "," Where the cause is pain, hypnotics must not be given until a source has been investigated, removed if possible, or analgesics prescribed. Full stop.",where the cause is pain hypnotics must not be given until its source has been investigated removed if possible or analgesics prescribed,where the cause is pain hypnotics must not be given until a source has been investigated removed if possible or analgesics prescribed full stop
igbo,clinical,"Palpation, however, should be gentle and rarely yields clinically useful information."," Power patient, however, should be gentle and rarely use clinically useful information full stop.",palpation however should be gentle and rarely yields clinically useful information,power patient however should be gentle and rarely use clinically useful information full stop
igbo,general,"What we have advised them to do is to push the starting date by two to four weeks, he said."," What we have advised them to do is to push the starting date by two to four weeks, he said.",what we have advised them to do is to push the starting date by 2 to 4 weeks he said,what we have advised them to do is to push the starting date by 2 to 4 weeks he said
igbo,clinical,"CT computed tomography MRI magnetic resonance imaging, PNET primitive neuroectodermal tumor 666 CT-guided FNA or a core biopsy, incisional biopsy, or excisional biopsy in limited and specific situations."," CT, computed tomography. MRI, magnetic resonance.",ct computed tomography mri magnetic resonance imaging pnet primitive neuroectodermal tumor 666 ct guided fna or a core biopsy incisional biopsy or excisional biopsy in limited and specific situations,ct computed tomography mri magnetic resonance
igbo,general,"Airlines will continue to be a vector for transmission across borders, and they will be required to take measures to reduce the likelihood of a spike in the numbers of travellers who fall severely ill.
"," Airlines will continue to be a vector for transmission across borders, Kuma, and they will be required to take measures to reduce the likelihood of a spike in the numbers of travelers who fall severely ill, Gustavo.",airlines will continue to be a vector for transmission across borders and they will be required to take measures to reduce the likelihood of a spike in the numbers of travelers who fall severely ill,airlines will continue to be a vector for transmission across borders kuma and they will be required to take measures to reduce the likelihood of a spike in the numbers of travelers who fall severely ill gustavo
igbo,clinical,pt bagged and resolved with several minutes sats 96%," Patient bagged and resolved with several minutes saturation, 96%.",pt bagged and resolved with several minutes sats 96%,patient bagged and resolved with several minutes saturation 96%
igbo,general,"Recent six-month forecasts of Great Lakes water levels shows levels continuing to be well above average to near record levels in the coming months.
"," Recent 6-month forecasts of Great Lakes water levels show levels continuing to be well above average to near-record levels in the coming months, full stop.",recent 6 month forecasts of great lakes water levels shows levels continuing to be well above average to near record levels in the coming months,recent 6 month forecasts of great lakes water levels show levels continuing to be well above average to near record levels in the coming months full stop
igbo,general,"He tells me every day, Officer Cross keeps us safe from the bad guys, Mommy, she said."," He tells me every day, comma, Officer Cross keeps us safe from the bad guys, comma, mommy, comma, she said, full stop.",he tells me every day officer cross keeps us safe from the bad guys mommy she said,he tells me every day comma officer cross keeps us safe from the bad guys comma mommy comma she said full stop
igbo,general,"Moreover, Senate Republicans have been proposing a weak measure far short of what is needed to prevent a downward spiral, let alone spur a recovery.
"," Moreover, Senegalese Republicans have been proposing a weak measure, far short of what is needed to prevent a downward spiral, let alone spur a recovery, full stop.",moreover senate republicans have been proposing a weak measure far short of what is needed to prevent a downward spiral let alone spur a recovery,moreover senegalese republicans have been proposing a weak measure far short of what is needed to prevent a downward spiral let alone spur a recovery full stop
igbo,general,"During his time here, he has shown himself to be committed to serving both our student athletes and center members."," During his time here, he has shown himself to be committed to serving both our student athletes and center members.",during his time here he has shown himself to be committed to serving both our student athletes and center members,during his time here he has shown himself to be committed to serving both our student athletes and center members
igbo,clinical,fluid balance from midnight positive 1300 cc and currently neg 50 cc., Fluid balance for midnight positive 1300cc and currently NEG 50cc.,fluid balance from midnight +1300 cc and currently neg 50 cc,fluid balance for midnight +1300 cc and currently neg 50 cc
igbo,general,"$500 million in damage was caused by a storm on 04-07-2006 in Makurdi and Ogaminana
", $500 million in damage was caused by a storm on 4 July 2020 in Makodi and Ogaminana.,$500000000 in damage was caused by a storm on 4 7 2006 in makurdi and ogaminana,$500000000 in damage was caused by a storm on 4 july 2020 in makodi and ogaminana
hausa,clinical,"However, data are not sufficient to draw conclusions about the vitamins effects on human cancers."," However, comma, data are not sufficient to draw conclusions about the vitamins' effects on human cancers. Full stop.",however data are not sufficient to draw conclusions about the vitamins effects on human cancers,however comma data are not sufficient to draw conclusions about the vitamins effects on human cancers full stop
hausa,clinical,"Unspecified superficial injury of unspecified elbow, initial encounter. TABLET, ORAL CIPROFLOXACIN HYDROCHLORIDE, CIPROFLOXACIN HYDROCHLORIDE, EQ 750MG BASE. Pedestrian with other conveyance injured in collision with pedal cycle"," On-space fight, superficial injury of on-space fight elbow, initial encounter, tablet oral cyprofloxacin hydrochloride, cyprofloxacin hydrochloride, EQ750MGBs, pedestrian with other conveyance injured in collision with pedal cycle.",unspecified superficial injury of unspecified elbow initial encounter tablet oral ciprofloxacin hydrochloride ciprofloxacin hydrochloride eq 750 mg base pedestrian with other conveyance injured in collision with pedal cycle,on space fight superficial injury of on space fight elbow initial encounter tablet oral cyprofloxacin hydrochloride cyprofloxacin hydrochloride eq 750 mgbs pedestrian with other conveyance injured in collision with pedal cycle
hausa,clinical,PULMONARY WEDGE { a/v/m } 21/22/20, pulmonary wedge AVM 21st 22nd 20th,pulmonary wedge a v m 21 22 20,pulmonary wedge avm 21st 22nd 20th
hausa,clinical,Okikechukwu Dannykeh E.     Injulemah     09 Dec 2014 7: 17 PM MR HEAD, Okikechupu Danike I. Njulema 09 December 2014 7.17pm MR Head,okikechukwu dannykeh e injulemah 9 dec 2014 7 17 pm mister head,okikechupu danike i njulema 9 december 2014 7.17 pm mister head
hausa,clinical,A: aga P: cont to support development4 cont on antibiotics bld cx pnd., Assessment. Appropriate for gestational age. Plan. Continue to support development. 4. Continue on antibiotics. Blood culture. PND.,a aga p cont to support development 4 cont on antibiotics bld cx pnd,assessment appropriate for gestational age plan continue to support development 4 continue on antibiotics blood culture pnd
hausa,general,"He is not on any medication, he is a student, does not smoke cigarette not takes alcohol. next line. Assessment: Malaria. Next line. Signed: Dr Mongoe Okojobe
", he is not on any medication he is a student does not smoke cigarette not takes alcohol full stop next line full stop assessment colon malaria full stop next line full stop signed colon dr mango okujubi,he is not on any medication he is a student does not smoke cigarette not takes alcohol next line assessment malaria next line signed doctor mongoe okojobe,he is not on any medication he is a student does not smoke cigarette not takes alcohol full stop next line full stop assessment colon malaria full stop next line full stop signed colon doctor mango okujubi
hausa,clinical,"The parasites develop into long slender trypomastigotes which multiply at the site of inoculation and later in the blood, lymphatic system, and tissue fluid."," The parasites develop into long, slender tripomasticles, which multiply at the site of inoculation and later in the blood, lymphatic system, and tissue UID full stop.",the parasites develop into long slender trypomastigotes which multiply at the site of inoculation and later in the blood lymphatic system and tissue fluid,the parasites develop into long slender tripomasticles which multiply at the site of inoculation and later in the blood lymphatic system and tissue uid full stop
hausa,clinical,ROP exam for today., ROP exam for today.,rop exam for today,rop exam for today
hausa,clinical,"As for the transection plane, the key is to perform Figure 31-22."," As for the transaction plane, the key is to perform figure 31 to 22 full stop.",as for the transection plane the key is to perform figure 31 22,as for the transaction plane the key is to perform figure 31 to 22 full stop
hausa,clinical,endocarditis  CHF 7 in Losumi, Endocarditis CHF7 in Los Mines.,endocarditis chf 7 in losumi,endocarditis chf 7 in los mines
hausa,general,"Top Features Customers Should Know about OPPO Reno7
", Top Features customers should know about OPPO Reno7.,top features customers should know about oppo reno 7,top features customers should know about oppo reno 7
hausa,general,"Research scientists are the primary audience for the journal, but ordinary people read it as well.
"," Research scientists are the primary audience for the journal, but ordinary people read it as well, full stop.",research scientists are the primary audience for the journal but ordinary people read it as well,research scientists are the primary audience for the journal but ordinary people read it as well full stop
hausa,clinical,cv: vss temp 100 max po.," CV colon VSS, Tempt, 100 marks book.",cv vss temp 100 max po,cv colon vss tempt 100 marks book
hausa,general,"On Tuesday evening, Modi announced an economic package which along with previous packages and RBI reprieves will amount to Rs 20 lakh crore, which he claimed will address the issues pertaining to land, labour, liquidity and loss.
"," On Tuesday evening, Modi announced an economic package which, along with previous packages and RBI reprieves, will amount to Rs 20 lakh crore, which he claimed will address the issue pertaining to land, labour, liquidity and loss full stop.",on tuesday evening modi announced an economic package which along with previous packages and rbi reprieves will amount to rs 20 lakh crore which he claimed will address the issues pertaining to land labor liquidity and loss,on tuesday evening modi announced an economic package which along with previous packages and rbi reprieves will amount to rs 20 lakh crore which he claimed will address the issue pertaining to land labor liquidity and loss full stop
hausa,clinical,1 FEN; added Start date: 09/12/1974 2 Parents; added Start date: 09/12/1974, One FEN added start date 09-12-1974. Two parents added start date 09-12-1974.,one fen added start date 9 12 1974 2 parents added start date 9 12 1974,one fen added start date 9 12 19742 parents added start date 9 12 1974
hausa,general,"On Saturday, 12 housemates entered the first house with pomp and fanfare."," On Saturday, 12 housemates entered the first house with pump and fan free, full stop.",on saturday 12 housemates entered the 1st house with pomp and fanfare,on saturday 12 housemates entered the 1st house with pump and fan free full stop
hausa,general,"I told you months ago that Christopher Wray needed to be fired, she added.
"," I told you months ago that crystal puree needed to be pired, Komashi added, who stopped.",i told you months ago that christopher wray needed to be fired she added,i told you months ago that crystal puree needed to be pired komashi added who stopped
hausa,clinical,"Encounter for supervision of other normal pregnancy, first trimester. TABLET, ORAL-28 CYCLAFEM 7/7/7, ETHINYL ESTRADIOL; NORETHINDRONE, 0.035MG,0.035MG,0.035MG;0.5MG,0.75MG,1MG. Displaced fracture of lateral condyle of unspecified femur, subsequent", Surveys of Otafos-Tamismith-Toplat fracture of Lodz' formula,encounter for supervision of other normal pregnancy 1st trimester tablet oral 28 cyclafem 7 7 7 ethinyl estradiol norethindrone 0.035 mg 0.035 mg 0.035 mg 0.5 mg 0.75 mg one mg displaced fracture of lateral condyle of unspecified femur subsequent,surveys of otafos tamismith toplat fracture of lodz formula
hausa,clinical,Visual fields are full without lateral gaze deviation., Visual fields are full without lateral gaze deviation.,visual fields are full without lateral gaze deviation,visual fields are full without lateral gaze deviation
hausa,clinical,P: cont to mtr tolerance report changes.," P, count to empty R-tolerance report changes.",p cont to mtr tolerance report changes,p count to empty r tolerance report changes
hausa,clinical,NEURO: PT SMILING AND MOUTHING WORDS WITH DAUGHTER., Neuro PT smiling and mounting words with daughter.,neuro pt smiling and mouthing words with daughter,neuro pt smiling and mounting words with daughter
hausa,clinical,P - no evidence of failure, No evidence of failure.,p no evidence of failure,no evidence of failure
hausa,clinical,Started on vancomycin and zosyn for concern of infection but given the lack of systemic symptoms this is unlikely., started on vancomycin and zoosign for concern of infection but given the lack of systemic symptoms this is unlikely,started on vancomycin and zosyn for concern of infection but given the lack of systemic symptoms this is unlikely,started on vancomycin and zoosign for concern of infection but given the lack of systemic symptoms this is unlikely
hausa,general,"His rule was defined largely by significant military expansion of the Kingdom of Benin.
", His rule was defined largely by significant military expansion of the Kingdom of Benin-Polster.,his rule was defined largely by significant military expansion of the kingdom of benin,his rule was defined largely by significant military expansion of the kingdom of benin polster
hausa,clinical,Titrate cardizem down to off when PO dilt therapeutic., Titrate cardazine down to off when people dealt therapeutics.,titrate cardizem down to off when po dilt therapeutic,titrate cardazine down to off when people dealt therapeutics
hausa,general,"Dr Folawole Fiyosi speaking. Next line. Fever is high grade, intermittent, temporarily relieved by paracetamol. Next line"," Dr. Fulawole Fiosi speaking. Full stop. Next line. Full stop. Fever is high-grade, comma, intermittent, comma, temporarily relieved by quercetamol. Full stop. Next line.",doctor folawole fiyosi speaking next line fever is high grade intermittent temporarily relieved by paracetamol next line,doctor fulawole fiosi speaking full stop next line full stop fever is high grade comma intermittent comma temporarily relieved by quercetamol full stop next line
hausa,clinical,Ebe Iebonaem 113 days old- CGA43wks.," E. Lebonium, 113 days old, CGA 43 weeks.",ebe iebonaem 113 days old cga 43 wks,e lebonium 113 days old cga 43 weeks
hausa,general,"It uses A for objects people say are asteroids.
"," It uses A for objects people see are asteroids, full stop.",it uses a for objects people say are asteroids,it uses a for objects people see are asteroids full stop
hausa,clinical,You tolerated the treatment well with the exception of transient hearing loss., You tolerated the treatment well with the exception of transient hearing loss.,you tolerated the treatment well with the exception of transient hearing loss,you tolerated the treatment well with the exception of transient hearing loss
hausa,clinical,14 EEG: L temporal slowing, 14 EEG L temporal slowing,14 eeg l temporal slowing,14 eeg l temporal slowing
hausa,clinical,"A suicide note found at the scene referenced multiple medical problems as well as suggested ingestion of beta blocker, muscle relaxant, and Neurontin ."," A suicide note found at the scene referenced multiple medical problems as well as suggested ingestion of beta blocker, muscoral relaxant and neurontin.",a suicide note found at the scene referenced multiple medical problems as well as suggested ingestion of beta blocker muscle relaxant and neurontin,a suicide note found at the scene referenced multiple medical problems as well as suggested ingestion of beta blocker muscoral relaxant and neurontin
hausa,clinical,Examples of gene amplification are found in some solid human tumours e.," Examples of gene amplification are found in some solid human tumors E, who stopped",examples of gene amplification are found in some solid human tumors e,examples of gene amplification are found in some solid human tumors e who stopped
hausa,clinical,"Two major types of bands have been used for this procedure.
"," Two major types of bands have been used for this procedure,",2 major types of bands have been used for this procedure,2 major types of bands have been used for this procedure
hausa,clinical,resp care received on ac mode peep 12., Respiratory care received on AC mode PEEP 12.,resp care received on ac mode peep 12,respiratory care received on ac mode peep 12
hausa,clinical,Please eval Admitting Diagnosis: STEMICARDIAC CATHERIZATION, Least Ever Admitting Diagnosis Stemicardia Caterization,please eval admitting diagnosis stemicardiac catherization,least ever admitting diagnosis stemicardia caterization
hausa,general,"Now hes 10 times trendier than me, and I have to catch up.
"," Now he is ten times trendier than me, and I have to catch up, full stop.",now hes 10 times trendier than me and i have to catch up,now he is 10 times trendier than me and i have to catch up full stop
hausa,general,"Zangay was watching TV as they normally do in the evening when his brother Aboysi went to prepare dinner.
", Zangai was watching TV as they normally do in the evening when his brother Abusi went to prepare dinner full stop.,zangay was watching tv as they normally do in the evening when his brother aboysi went to prepare dinner,zangai was watching tv as they normally do in the evening when his brother abusi went to prepare dinner full stop
hausa,clinical,Neck no masses no adenopathy.," Nick, no masses, no, and then no party.",neck no masses no adenopathy,nick no masses no and then no party
hausa,clinical,temp 99.5. no ngt placed.," Term 99.5, no NGT.",temp 99.5 no ngt placed,term 99.5 no ngt
hausa,clinical,chest/abd ct done to r/o dissection.," Chest, abdomen, continue, done to rule out dissection.",chest abd ct done to r 0 dissection,chest abdomen continue done to rule out dissection
hausa,clinical,watch residuals and titrate TF to goal as tolerated., What residuals and tetrate transfer to gold as tolerated?,watch residuals and titrate tf to goal as tolerated,what residuals and tetrate transfer to gold as tolerated
hausa,clinical,It has a superior and inferior ramus and a triangular body., It has an inferior and inferior rammus and a triangular voidy full stone.,it has a superior and inferior ramus and a triangular body,it has an inferior and inferior rammus and a triangular voidy full stone
hausa,clinical,"Patients with TOA are acutely ill, often presenting with high fever, tachy cardia, severe pelvic and abdominal pain, and nausea and vomiting."," Patients with tubo-ovarian abscess are acutely ill, often presenting with high fever, tachycardia, severe pelvic and abdominal pain, and nausea and vomiting.",patients with toa are acutely ill often presenting with high fever tachy cardia severe pelvic and abdominal pain and nausea and vomiting,patients with tubo ovarian abscess are acutely ill often presenting with high fever tachycardia severe pelvic and abdominal pain and nausea and vomiting
hausa,general,"In Nigeria, too,  the May Day celebrations also happen.
"," In Nigeria, the May Day celebrations also happen full stop.",in nigeria too the may day celebrations also happen,in nigeria the may day celebrations also happen full stop
hausa,general,"French knives tend to have straighter blades, while German-style knives curve along the cutting edge."," French knives tend to have straighter blades, while German-style knives curve along the cutting edge to stop.",french knives tend to have straighter blades while german style knives curve along the cutting edge,french knives tend to have straighter blades while german style knives curve along the cutting edge to stop
hausa,clinical,Current Na 137 Serum Osmo 284., Current NE 137 Serum Osmo 284.,current na 137 serum osmo 284,current ne 137 serum osmo 284
hausa,general,"Jaba was watching TV as they normally do in the evening when his brother Ellifay went to prepare dinner.
"," Jabba was watching TV as they normally do in the evening when his brother, Elifir, went to prepare dinner full stop.",jaba was watching tv as they normally do in the evening when his brother ellifay went to prepare dinner,jabba was watching tv as they normally do in the evening when his brother elifir went to prepare dinner full stop
hausa,clinical,ENDO: BG 150s no order for insulin at this time., Endo BG 150s no order for insulin at this time.,endo bg 150s no order for insulin at this time,endo bg 150s no order for insulin at this time
hausa,clinical,Ennabrishiake Chilotem MD, and Abrici-Kelotem MDT.,ennabrishiake chilotem md,and abrici kelotem mdt
hausa,clinical,06/06/1993 12:00:00 AM, zero six strong zero six star nineteen nine three nineteen ninety three twelve zero zero zero zero a m,6 6 1993 12 0 0 am,06 strong 06 star 19931993120000 a m
hausa,clinical,of blood; otherwise intact., of blood otherwise intact.,of blood otherwise intact,of blood otherwise intact
hausa,clinical,PT's rectal bags not staying intact changed to msuchroom cath w. good effect., Patient rectal bags no stain intact change to mushroom at the blue wood effect.,pt is rectal bags not staying intact changed to msuchroom cath w good effect,patient rectal bags no stain intact change to mushroom at the blue wood effect
hausa,clinical,MAINTAINING O2SAT'S IN THE UPPER 90'S., Signing O2 salts in the upper 90s,maintaining 0 2 sat is in the upper 90 is,signing 0 2 salts in the upper 90s
hausa,clinical,Pt able to fall asleep for awhile., Patient able to fall asleep for a while.,pt able to fall asleep for awhile,patient able to fall asleep for a while
hausa,clinical,"SYRUP, ORAL CHILDREN'S CETIRIZINE HYDROCHLORIDE ALLERGY, CETIRIZINE HYDROCHLORIDE, 5MG/5ML", Oral children's styrazine hydrochloride allergy. Styrazine hydrochloride 5 mg for 5 mil.,syrup oral children is cetirizine hydrochloride allergy cetirizine hydrochloride 5 mg 5 ml,oral children is styrazine hydrochloride allergy styrazine hydrochloride 5 mg for 5 mil
hausa,clinical,"Ileal pouch anal reconstruction is not recommended in these patients because of the risk for development of Crohns disease within the pouch and the high risk of complications, such as fistula, abscess, stricture, pouch dysfunction, and pouch failure."," Illial pouch anal reconstruction is not recommended in these patients because of the risk for development of Crohn's disease within the pouch and the high risk of complications, such as fistula, abscess, stricture, pouch dysfunction, and pouch failure full stop.",ileal pouch anal reconstruction is not recommended in these patients because of the risk for development of crohns disease within the pouch and the high risk of complications such as fistula abscess stricture pouch dysfunction and pouch failure,illial pouch anal reconstruction is not recommended in these patients because of the risk for development of crohn is disease within the pouch and the high risk of complications such as fistula abscess stricture pouch dysfunction and pouch failure full stop
hausa,clinical,Listen to dad's concerns., listening to dad's concerns,listen to dad is concerns,listening to dad is concerns
hausa,general,"Infant has lovely skin, born to Agbo Abimbade parents in Warri
", Infant has lovely skin. Born to Agbo Abimbadi parents in Wari.,infant has lovely skin born to agbo abimbade parents in warri,infant has lovely skin born to agbo abimbadi parents in wari
hausa,general,"And built-in alarms alert health care workers to the slightest breathing abnormalities.
"," And built-in alarms alert health care workers to the slightest breathing abnormalities,",and built in alarms alert health care workers to the slightest breathing abnormalities,and built in alarms alert health care workers to the slightest breathing abnormalities
hausa,general,"West of the city, the land is increasingly used for cattle ranching."," West of the city, Koma, the land is increasingly used for cattle ranching, foodstuffs,",west of the city the land is increasingly used for cattle ranching,west of the city koma the land is increasingly used for cattle ranching foodstuffs
hausa,clinical,A: Involved and concerned family. P: cont to inform and support provide discharge teaching as needed.," He couldn't involve the concerned family. He couldn't continue to inform and support, provide discharge, teaching as needed, full stop.",a involved and concerned family p cont to inform and support provide discharge teaching as needed,he could not involve the concerned family he could not continue to inform and support provide discharge teaching as needed full stop
hausa,general,"This should start with justice for Audu and Matthew their killers must be brought to trial.
", This should start with justice for Awudu and Matthew. Their killers must be brought to T.R. Polestop.,this should start with justice for audu and matthew their killers must be brought to trial,this should start with justice for awudu and matthew their killers must be brought to t r polestop
hausa,clinical,ACTIVE BS NOLOOPS., Active BS. No loops.,active bs noloops,active bs no loops
hausa,clinical,Continue vanc/zosyn., Continue Vank slash Zusein.,continue vanc zosyn,continue vank slash zusein
hausa,clinical,"GEL, OPHTHALMIC LOTEPREDNOL ETABONATE, LOTEPREDNOL ETABONATE, 0.5%"," Gel, Optalimic, Lutefrenol, Eta-Bonnet, Lutefrenol, Eta-Bonnet, 0.5%.",gel ophthalmic loteprednol etabonate loteprednol etabonate 0.5%,gel optalimic lutefrenol eta bonnet lutefrenol eta bonnet 0.5%
hausa,clinical,admitted from OR intubated 7.5 ET at 21atlip., Admitted for OR intubated 7.5 ET at 21 at Lipton.,admitted from or intubated 7.5 et at 21 atlip,admitted for or intubated 7.5 et at 21 at lipton
hausa,clinical,Resp: .40 trach mask., Resp. 40 Teraj Max. Mask.,resp .40 trach mask,resp 40 teraj max mask
hausa,general,The family history of Okubhatobofegha disease was important for Nafisat who is a doctor at Owerri university but lives in Kumariya with his wife Izunna, The family history of Akuba Togo Fega disease was important for Mephisat who is a doctor at Oweri University but lives in Kumaria with his wife Izuna.,the family history of okubhatobofegha disease was important for nafisat who is a doctor at owerri university but lives in kumariya with his wife izunna,the family history of akuba togo fega disease was important for mephisat who is a doctor at oweri university but lives in kumaria with his wife izuna
hausa,general,"He is not a known hypertensive, diabetic or asthmatic, and has not had surgery in the past. Next line. Signed: Dr Ayalucu Onogo
"," He is not a known hypertensive, diabetic or asthmatic, and has not had surgery in the past. Next line, full stop, signed, colon, Dr. Ayaluku Onogo.",he is not a known hypertensive diabetic or asthmatic and has not had surgery in the past next line signed doctor ayalucu onogo,he is not a known hypertensive diabetic or asthmatic and has not had surgery in the past next line full stop signed colon doctor ayaluku onogo
hausa,clinical,In the ED initial VS were: 98.2 82 74/50 24 91% RA.," And the ED initial devices were column 98.2, 82, 74, 50, 24, 91% RE.",in the ed initial vs were 98.2 82 74 50 24 91% ra,and the ed initial devices were column 98.2 82 74 50 24 91% re
hausa,general,"Daniel James  Danny  Parslow  born 11 September 1985  is a Welsh professional footballer who plays as a defender for League Two club Cheltenham Town .
"," Daniel James Danny Pasler, born 11 September 1985, is a Welsh professional footballer who plays as a defender for League Two club Cheltenham Town, Fullstoke.",daniel james danny parslow born 11 september 1985 is a welsh professional footballer who plays as a defender for league 2 club cheltenham town,daniel james danny pasler born 11 september 1985 is a welsh professional footballer who plays as a defender for league 2 club cheltenham town fullstoke
hausa,general,"Hosted by Eli Mwenda and Oscar Koome, the show tackles a range of issues including fatherhood, feminism, dating, and self-care.
"," Hosted by Eli Mwenda and Osta Kume Koma, the show tackles a range of issues including fatherhood, feminism, dating, and self-dash care. Full stop.",hosted by eli mwenda and oscar koome the show tackles a range of issues including fatherhood feminism dating and self care,hosted by eli mwenda and osta kume koma the show tackles a range of issues including fatherhood feminism dating and self dash care full stop
hausa,clinical,He stayed in CCU for 2 days for concern of sepsis and was transferred to the floor on 19., He stayed in the CCU for two days for a concert of sepsis and was transferred to the flock on 19th.,he stayed in ccu for 2 days for concern of sepsis and was transferred to the floor on 19,he stayed in the ccu for 2 days for a concert of sepsis and was transferred to the flock on 19th
hausa,clinical,Afib with HR 100's., AFib with heart rate 100s.,afib with hr 100 is,afib with heart rate 100s
hausa,clinical,"In addition, the tip of the tubing should be kept 1 to 2 inches to 5cm beyond the tip of the penis to prevent irritation to the sensitive glans area."," In addition, the tip of the tubing should be kept 1 to 2 inches to 5 centimeters beyond the tip of the tennis to prevent irritation to sensitive glands area.",in addition the tip of the tubing should be kept one to 2 inches to 5 cm beyond the tip of the penis to prevent irritation to the sensitive glans area,in addition the tip of the tubing should be kept one to 2 inches to 5 centimeters beyond the tip of the tennis to prevent irritation to sensitive glands area
hausa,general,"It is fair to add that many religious organisations only seem to follow the offerings, and not the welfare, of their congregation these days.
"," It is fair to add that many religious organisations only seem to follow the offerings, and not the welfare, of their congregation these days. Full stop.",it is fair to add that many religious organizations only seem to follow the offerings and not the welfare of their congregation these days,it is fair to add that many religious organizations only seem to follow the offerings and not the welfare of their congregation these days full stop
hausa,general,Tongans have universal access to a national health care system., have universal access to a national healthcare system.,tongans have universal access to a national health care system,have universal access to a national healthcare system
hausa,clinical,Dr. Erinola agreed to keep pt sedated for airway protection., Dr. Erin Nola agreed to keep patients sedated for airway protection.,doctor erinola agreed to keep pt sedated for airway protection,doctor erin nola agreed to keep patients sedated for airway protection
hausa,clinical,Vanco q 12hrs iv.,.,vanco q 12 hrs iv,
hausa,clinical,sofsorb dsgs over both groin sites., soft sub dsgs over both ground sites,sofsorb dsgs over both groin sites,soft sub dsgs over both ground sites
hausa,clinical,Ovulation is expected 5 to 11 days after the dose of clomiphene citrate.," Ovulation is expected 5 to 11 days after the dose of clomiphene citrate, full stop.",ovulation is expected 5 to 11 days after the dose of clomiphene citrate,ovulation is expected 5 to 11 days after the dose of clomiphene citrate full stop
hausa,clinical,Clear BS this am with good aearation on RRR no murmurAbd soft ND + BS pale., ClearBS this morning good authorization on RRR and more more abdomen soft NB plus BS please.,clear bs this am with good aearation on rrr no murmurabd soft nd bs pale,clearbs this morning good authorization on rrr and more more abdomen soft nb plus bs please
hausa,clinical,3 FENs/o: Cont on 150cc/k/d-- PE 30 with Pm-- abd full/soft.," 3FENX, Xeron, CONT on 150cc, KER, D, PE30 with PM, ABD, Full Soft.",3 fens 0 cont on 150 cc k d pe 30 with pm abd full soft,3 fenx xeron cont on 150 cc ker d pe 30 with pm abd full soft
hausa,clinical,"Ensure the patient is positioned in the center of the bed, with the affected leg aligned with the trunk of the patient's body.", Ensure the patient is positioned in the center of the bed coma with the affected leg aligned with the trunk of the patient's body.,ensure the patient is positioned in the center of the bed with the affected leg aligned with the trunk of the patient is body,ensure the patient is positioned in the center of the bed coma with the affected leg aligned with the trunk of the patient is body
hausa,clinical,Bruise on left buttocks which patient states he had in rehab., Bruce left on buttocks with patients that he had a rehab.,bruise on left buttocks which patient states he had in rehab,bruce left on buttocks with patients that he had a rehab
hausa,clinical,At that point in time he was weaned from D-10-W to D-5-W and a follow-up dextrose was 115.," At that point in time, he was winning from D10 to D5W and a follow-up dexterous was 115.",at that point in time he was weaned from d 10 w to d 5 w and a follow up dextrose was 115,at that point in time he was winning from d 10 to d 5 w and a follow up dexterous was 115
hausa,clinical,LUNGS SOUNDS DECREASED BILAT., Long sound decreased billets.,lungs sounds decreased bilat,long sound decreased billets
hausa,clinical,fXa level on 8 was 1.9 and dose was decreased to 80mg Hospital Tanda.., FxA level on it was 1.9 and dose was decreased to 80 mg hospital tanda.,fxa level on 8 was one.9 and dose was decreased to 80 mg hospital tanda .,fxa level on it was one.9 and dose was decreased to 80 mg hospital tanda
hausa,clinical,"Warfarin Coumadin:Three options: Avoid 3 days prior to operation and resume postoperative day 2 admit preoperatively and change to heparin, which can be held only a couple of hours ahead operate through coumadin."," Warfarin Coumadin. Three options. Avoid three days prior to operation and resume post-operative day two. Admit pre-operatively and change to Heparin, which can be held over a couple of hours ahead. Operate through Coumadin.",warfarin coumadin 3 options avoid 3 days prior to operation and resume postoperative day 2 admit preoperatively and change to heparin which can be held only a couple of hours ahead operate through coumadin,warfarin coumadin 3 options avoid 3 days prior to operation and resume post operative day 2 admit pre operatively and change to heparin which can be held over a couple of hours ahead operate through coumadin
hausa,general,"When we started, critics said it would not be possible.
"," When we started, critics said it will not be possible.",when we started critics said it would not be possible,when we started critics said it will not be possible
hausa,clinical,Coronary heart disease causes most of the deaths when it comes to effects of cigarette smoking.," Coronary heart disease causes most of the deaths, 239, when it comes to effects of cigarette smoking, full stop.",coronary heart disease causes most of the deaths when it comes to effects of cigarette smoking,coronary heart disease causes most of the deaths 239 when it comes to effects of cigarette smoking full stop
hausa,clinical,Foley with icteric urine adequate hourly amount., fully with hysteric urine adequate hourly amounts,foley with icteric urine adequate hourly amount,fully with hysteric urine adequate hourly amounts
hausa,general,"About a million people died during the siege.
", About a million people died during the siege post-war.,about a 1000000 people died during the siege,about a 1000000 people died during the siege post war
hausa,general,"Though swiftly declared wanted after any collapse, the cases against the developers are usually not followed through conclusively.
"," Though swiftly declared wanted after any collapse, the cases against the developers are not followed through conclusively. Full stop.",though swiftly declared wanted after any collapse the cases against the developers are usually not followed through conclusively,though swiftly declared wanted after any collapse the cases against the developers are not followed through conclusively full stop
hausa,clinical,"Thus, the total solute concentration of the uid in the proximal convoluted tubule does not change as the uidmoves toward the descending loop of Henle."," Thus, the total solute concentration of the UID in the proximal convoluted table does not change as the UID moves towards the descending loop of Eindlich full stop.",thus the total solute concentration of the uid in the proximal convoluted tubule does not change as the uidmoves toward the descending loop of henle,thus the total solute concentration of the uid in the proximal convoluted table does not change as the uid moves towards the descending loop of eindlich full stop
hausa,clinical,Dad did temp changed diaper  and fed infant with verbal cues.," Dad, did Trump changed diaper and fed infants with verbal cues?",dad did temp changed diaper and fed infant with verbal cues,dad did trump changed diaper and fed infants with verbal cues
hausa,clinical,"S-""""No."," S, strip, node.",s no,s strip node
hausa,general,"In a statement, County Administrator Jerry Cameron said they were taking things slow to try to avoid the missteps of other jurisdictions."," In a statement, County Administrator Jerry Cameron said they were taking things slow to try to avoid the missteps of other jurisdictions to stop",in a statement county administrator jerry cameron said they were taking things slow to try to avoid the missteps of other jurisdictions,in a statement county administrator jerry cameron said they were taking things slow to try to avoid the missteps of other jurisdictions to stop
hausa,clinical,Resp: Vent change: Fio2 40% f 4., respiration hyping ventilation change hyphen fio2 40 percent f4,resp vent change fio 2 40% f 4,respiration hyping ventilation change hyphen fio 2 40% f 4
hausa,clinical,Benzodiazepines were continued in light of concern for withdrawal.," Benjoo, their zeppins were continued in light of confines for withdrawal.",benzodiazepines were continued in light of concern for withdrawal,benjoo their zeppins were continued in light of confines for withdrawal
hausa,clinical,Mother very involved in to visit x 3., Mother very involved in to visit x3,mother very involved in to visit x 3,mother very involved in to visit x 3
hausa,clinical,"States in hospital but says """"Surrah Family.", in hospital but sees,states in hospital but says surrah family,in hospital but sees
hausa,clinical,"Nondisplaced fracture of unspecified ulna styloid process, subsequent. TABLET, EXTENDED RELEASE, ORAL REQUIP XL, ROPINIROLE HYDROCHLORIDE, EQ 12MG BASE. Exposure to excessive natural heat, sequela", non-displaced fracture of unspecified ulnar styloid process subsequent tablet extended release oral requip xl propinrol hydrochloride equivalent 12 milligram base exposure to excessive natural heat sequelae,nondisplaced fracture of unspecified ulna styloid process subsequent tablet extended release oral requip xl ropinirole hydrochloride eq 12 mg base exposure to excessive natural heat sequela,non displaced fracture of unspecified ulnar styloid process subsequent tablet extended release oral requip xl propinrol hydrochloride equivalent 12 milligram base exposure to excessive natural heat sequelae
hausa,general,"This demands being deliberate with your speech.
", This demand been deliberate with your speech. So stop.,this demands being deliberate with your speech,this demand been deliberate with your speech so stop
hausa,general,"Ojiugo Kasarachi was discharged with baseline Creatinine.
", Ojiogo Kasarachi was discharged with baseline creatinine. Full stop.,ojiugo kasarachi was discharged with baseline creatinine,ojiogo kasarachi was discharged with baseline creatinine full stop
hausa,clinical,Hemodynamically stable w/ improving neuro status though still with extensive STM loss., Chemodynamically stable W stroke improving neural status though still with extensive STM loss.,hemodynamically stable w improving neuro status though still with extensive stm loss,chemodynamically stable w stroke improving neural status though still with extensive stm loss
hausa,clinical,On 61cc's of SC 30cal with promod and rice cereal 130cc/kg/d., On 61 CCs of SC30 Cal with Pro Mode and Rice Serial 130 CCs slash KG slash T.,on 61 cc is of sc 30 cal with promod and rice cereal 130 cc kg d,on 61 ccs of sc 30 cal with pro mode and rice serial 130 ccs slash kg slash t
hausa,clinical,repeat Hct 22.8 19 next check due at tonight., Repeat HCT 22.819 next check to you as tonight.,repeat hct 22.8 19 next check due at tonight,repeat hct 22.819 next check to you as tonight
hausa,clinical,cont po/iv vanco., Hunt P.O. stroke IV van Gogh.,cont po iv vanco,hunt p 0 stroke iv van gogh
hausa,general,"These women want it badly but most of them cannot afford the training they need, and thats where we come in.
"," These women want it badly, but most of them cannot afford the training they need, and that's where we come in full stop.",these women want it badly but most of them cannot afford the training they need and thats where we come in,these women want it badly but most of them cannot afford the training they need and that is where we come in full stop
hausa,clinical,appears alert and oriented., appears alert and oriented.,appears alert and oriented,appears alert and oriented
hausa,clinical,Will trial humidified Oluomachi to treat nasal secretions., Will triad humidified Oluma key to treat nasal secretions.,will trial humidified oluomachi to treat nasal secretions,will triad humidified oluma key to treat nasal secretions
hausa,clinical,This is an incurable condition characterized by the formation of disfiguring nodules over the surface of the body.," This is an incurable condition characterized by the formation of discurring nodules over the surface of the body, full stop.",this is an incurable condition characterized by the formation of disfiguring nodules over the surface of the body,this is an incurable condition characterized by the formation of discurring nodules over the surface of the body full stop
hausa,clinical,Other meds : Paxil ., or damage colon positive dot.,other meds paxil,or damage colon positive dot
hausa,clinical,These may be acting singly or in combination., This may be acting singly or in combination.,these may be acting singly or in combination,this may be acting singly or in combination
hausa,clinical,"Calculi in the duct can be removed through an intraoral approach, but the course of the duct through the buccinator muscle makes the operation difficult."," Calculate in the duct can be removed through an intraoral approach, but the cause of the duct through the bosonator muscle makes the operation difficult.",calculi in the duct can be removed through an intraoral approach but the course of the duct through the buccinator muscle makes the operation difficult,calculate in the duct can be removed through an intraoral approach but the cause of the duct through the bosonator muscle makes the operation difficult
hausa,clinical,"To prevent corrosion of the battery terminals and connections, lightly coat the metal surfaces with petroleum grease, e."," To prevent corrosion of the battery terminals and connections, lightly coat the metal surfaces with petroleum grease. E, full stop.",to prevent corrosion of the battery terminals and connections lightly coat the metal surfaces with petroleum grease e,to prevent corrosion of the battery terminals and connections lightly coat the metal surfaces with petroleum grease e full stop
hausa,clinical,"To promote safety awarenesswhen, in a subdivided laboratory, there is only a single exit and staff become trapped in one section."," Promote safety awareness when, in a subdivided laboratory, there is only a single exit and staff become trapped in one section. Full stop.",to promote safety awarenesswhen in a subdivided laboratory there is only a single exit and staff become trapped in one section,promote safety awareness when in a subdivided laboratory there is only a single exit and staff become trapped in one section full stop
hausa,clinical,Gran Ct-7310 BLOOD, Grand City 7310 Blood,gran ct 7310 blood,grand city 7310 blood
hausa,clinical,Aggressive medical management with   -adrenergic blocking agents and other blood pressurelowering regimens is crucial to treatment., Aggressive medical management with hyphen adrenergic blocking agents and other blood pressure lowering regimens is crucial to treatments for stop-loss.,aggressive medical management with adrenergic blocking agents and other blood pressurelowering regimens is crucial to treatment,aggressive medical management with hyphen adrenergic blocking agents and other blood pressure lowering regimens is crucial to treatments for stop loss
hausa,general,"May Almighty Allah make it easy for us to observe good deeds at this period of the first 10 days of Dhul-Hijjah and grant us the benefits. Ameen.
", May Almighty Allah make it easy for us to observe good deeds at this period of the first ten days of July-Hijjah and grant us the benefit. Ameen.,may almighty allah make it easy for us to observe good deeds at this period of the 1st 10 days of dhul hijjah and grant us the benefits ameen,may almighty allah make it easy for us to observe good deeds at this period of the 1st 10 days of july hijjah and grant us the benefit ameen
hausa,clinical,CT 02/08/2029: impression: no femoral fracture or dislocation diffuse subcutaneous edema and possible edema of the left adductors and quadriceps muscle are seen without discrete hematoma., um computed tomography to second of um august 2029 impression no femoral fracture or dislocation diffuse subcutaneous edema and possible edema of the left at doctors and quadriceps muscle are seen without discrete hematoma,ct 2 8 2029 impression no femoral fracture or dislocation diffuse subcutaneous edema and possible edema of the left adductors and quadriceps muscle are seen without discrete hematoma,computed tomography to 2nd of august 2029 impression no femoral fracture or dislocation diffuse subcutaneous edema and possible edema of the left at doctors and quadriceps muscle are seen without discrete hematoma
hausa,general,Native Americans ate many different things depending on where they lived.," Native Americans ate many different things depending on where they lived, who stopped",native americans ate many different things depending on where they lived,native americans ate many different things depending on where they lived who stopped
hausa,clinical,"As elevated portal system pressure impedes the flow of blood through the liver increased intrahepatic resistance, various sites of venous anastomosis become dilated secondary to retrograde flow from the portal to systemic circulations.", As elevated portal system pressure infuse the out of blood through the liver increase in triphatic resistance various sites of venous and stomosis become dilated secondary to retrograde out from the portal to systemic circulation,as elevated portal system pressure impedes the flow of blood through the liver increased intrahepatic resistance various sites of venous anastomosis become dilated secondary to retrograde flow from the portal to systemic circulations,as elevated portal system pressure infuse the out of blood through the liver increase in triphatic resistance various sites of venous and stomosis become dilated secondary to retrograde out from the portal to systemic circulation
hausa,clinical,Attending: EneeteeChief Complaint: Rollover ATV accident," attending NTC complaint, rollover ATV accident.",attending eneeteechief complaint rollover atv accident,attending ntc complaint rollover atv accident
hausa,clinical,PADS' LO TWENTIES CVP 14-20., Parts LO 20 CVP 14-20,pads lo 20s cvp 14 20,parts lo 20 cvp 14 20
hausa,clinical,"Figure 32. Some authors have proposed abandonment of the term pseudodementia, suggesting that most patients, so diagnosed have both genuine dementia, and a superimposed affective disorder."," Some authors have proposed abandonment of the term pseudodementia, suggesting that most patients so diagnosed have both Janine dementia and a superimposed affective disorder, FIGO32 full stop.",figure 32 some authors have proposed abandonment of the term pseudodementia suggesting that most patients so diagnosed have both genuine dementia and a superimposed affective disorder,some authors have proposed abandonment of the term pseudodementia suggesting that most patients so diagnosed have both janine dementia and a superimposed affective disorder figo 32 full stop
hausa,general,"Diversity is getting invited to the dance, inclusion is getting into the room with the dance, but belonging is getting asked to dance, said Todd Sears, founder and principal of global business network Out Leadership.
"," Diversity is getting invited to the dance, inclusion is getting into the room with the dance, what's belonging is getting asked to dance, said Todd, says, founder and principal of global business network out leadership, full stop.",diversity is getting invited to the dance inclusion is getting into the room with the dance but belonging is getting asked to dance said todd sears founder and principal of global business network out leadership,diversity is getting invited to the dance inclusion is getting into the room with the dance what is belonging is getting asked to dance said todd says founder and principal of global business network out leadership full stop
hausa,clinical,P: Cont to monitor weight and labs., P. To monitor weight and labs.,p cont to monitor weight and labs,p to monitor weight and labs
hausa,clinical,spec for c-dif gathered., speak for see div,spec for c dif gathered,speak for see div
hausa,clinical,No evidence of bleeding or hematoma at venipuncture site., Evidence of bleeding or hematoma at venipunctuosite sputum.,no evidence of bleeding or hematoma at venipuncture site,evidence of bleeding or hematoma at venipunctuosite sputum
hausa,general,"They said: We are undertaking sensible contingency planning for a wide range of scenarios, including the reasonable worst case, to ensure we are ready for all eventualities.
"," They said, column, we are undertaking sensible contingency planning for a wide range of scenarios, comma, including the reasonable worst case, comma, to ensure we are ready for all eventualities, full stop.",they said we are undertaking sensible contingency planning for a wide range of scenarios including the reasonable worst case to ensure we are ready for all eventualities,they said column we are undertaking sensible contingency planning for a wide range of scenarios comma including the reasonable worst case comma to ensure we are ready for all eventualities full stop
hausa,clinical,Bilateral groin bruises from old cath sites no drainage OTA.," Bilateral groin bruises from out-cut site, no drainage OTA.",bilateral groin bruises from old cath sites no drainage ota,bilateral groin bruises from out cut site no drainage ota
hausa,clinical,Isolette weaned Q 3 hours so far this shift., Isolate when Q3 hours so far this shift,isolette weaned q 3 hours so far this shift,isolate when q 3 hours so far this shift
hausa,clinical,"Based on epidemiologic and serologic studies, the following factors have been implicated in the etiology of post-necrotic cirrhosis."," Based on epidemiologic and serologic studies, the following factors have been implicated in the etiology of post hyphen necrotic cirrhosis full stop",based on epidemiologic and serologic studies the following factors have been implicated in the etiology of post necrotic cirrhosis,based on epidemiologic and serologic studies the following factors have been implicated in the etiology of post hyphen necrotic cirrhosis full stop
hausa,general,"In todays podcast, the focus is on hit-and-run accidents, with particular focus on a young lady, Omotomi Akinsanya, who was run over by a Lebanese, John Greg.
"," In today's podcast, the focus is on hit-and-run accidents, with particular focus on a young lady, Omo Tommy Akisanya, who was run over by a Lebanese, John Gregg, full stop.",in todays podcast the focus is on hit and run accidents with particular focus on a young lady omotomi akinsanya who was run over by a lebanese john greg,in today is podcast the focus is on hit and run accidents with particular focus on a young lady omo tommy akisanya who was run over by a lebanese john gregg full stop
hausa,clinical,Serologic testing showing a fourfold rise in acute and convalescent sera or documentation of HHV-6 DNA by PCR in the cerebrospinal fluid is diagnostic., Serologic testing showing a fourfold rise in acute and convalescent sera or documentation of HHV-6 DNA by PCR in the cerebrospinal fluid is diagnostic full stop.,serologic testing showing a fourfold rise in acute and convalescent sera or documentation of hhv 6 dna by pcr in the cerebrospinal fluid is diagnostic,serologic testing showing a fourfold rise in acute and convalescent sera or documentation of hhv 6 dna by pcr in the cerebrospinal fluid is diagnostic full stop
hausa,clinical,Dr.Diogo in to assess., Dr. Diogo Intereses.,doctor diogo in to assess,doctor diogo intereses
hausa,general,"When the next pandemic hits  and can anyone doubt that it will?
", What the next pandemic is and can anyone doubt that it will?,when the next pandemic hits and can anyone doubt that it will,what the next pandemic is and can anyone doubt that it will
hausa,general,"One final question for you.
"," One final question for you, full stop.",one final question for you,one final question for you full stop
hausa,clinical,Simvastatin 80 mg PO 13., Simvastatin 80MGP013,simvastatin 80 mg po 13,simvastatin 80 mgp 13
hausa,clinical,: Selection of patients for curative or palliative resection of esophageal cancer based on preoperative endoscopic ultrasound.," Colon cellation of patient for curative or palliative resection of oesophageal cancer based on preoperative endoscopy, urgent and full stop.",selection of patients for curative or palliative resection of esophageal cancer based on preoperative endoscopic ultrasound,colon cellation of patient for curative or palliative resection of oesophageal cancer based on preoperative endoscopy urgent and full stop
hausa,clinical,"Provide patients with disposable tissues, and instruct them, as indicated, to cover their mouth and nose to prevent spread by airborne droplets."," Provide patients with disposable tissues, comma, and instruct them, comma, as indicated, comma, to cover their mouth and nose to prevent spread by airborne droplets. Full stop.",provide patients with disposable tissues and instruct them as indicated to cover their mouth and nose to prevent spread by airborne droplets,provide patients with disposable tissues comma and instruct them comma as indicated comma to cover their mouth and nose to prevent spread by airborne droplets full stop
hausa,clinical,new line for more effective hd and more mobility., New line for more effective HD and more mobility.,new line for more effective hd and more mobility,new line for more effective hd and more mobility
hausa,clinical,Mild pulmonary artery hypertension, My pulmonary artery hypertension.,mild pulmonary artery hypertension,my pulmonary artery hypertension
hausa,general,"Was originally supposed to be released to theaters.
", was originally supposed to be released to theaters,was originally supposed to be released to theaters,was originally supposed to be released to theaters
hausa,clinical,Her metoprolol and lisinopril were stopped due to hypotension., Parmetropole and lisinopril were stopped due to hypertension.,her metoprolol and lisinopril were stopped due to hypotension,parmetropole and lisinopril were stopped due to hypertension
hausa,general,Nigerians urged to invest in UK real estate as insurance against global inflation, Nigerians urge to invest in the UK real estate as insurance against global inflation.,nigerians urged to invest in uk real estate as insurance against global inflation,nigerians urge to invest in the uk real estate as insurance against global inflation
hausa,clinical,On Diuril and K supps., on diarrheal and case subs.,on diuril and k supps,on diarrheal and case subs
hausa,clinical,"If the condition worsens and is associated with psychological morbidity, it may be treated with bromocriptine."," If the condition worsens and is associated with psychological morbidity, it may be treated with bromocriptine.",if the condition worsens and is associated with psychological morbidity it may be treated with bromocriptine,if the condition worsens and is associated with psychological morbidity it may be treated with bromocriptine
hausa,clinical,Started on 08-09 ), start on 0.08.09,started on 8 9,start on 0.08.09
hausa,clinical,Qb 150 w/dialysate and replacement fluid both w/0 K. Stopped CVVHDF at 0130 on 5., QB150W slash the ally site and replacement root bot W slash OK. Stop CVV HDF at 0130 and 5.,qb 150 w dialysate and replacement fluid both w 0 k stopped cvvhdf at 130 on 5,qb 150 w slash the ally site and replacement root bot w slash ok stop cvv hdf at 130 and 5
hausa,clinical,Abdomen saoft with + bowel sounds., Abdomen soft with plus vowel sound. Abdomen soft with plus vowel sound.,abdomen saoft with bowel sounds,abdomen soft with plus vowel sound abdomen soft with plus vowel sound
hausa,general,"Just dont lie to yourself.
", Just don't lie to yourself. We'll stop.,just dont lie to yourself,just do not lie to yourself we will stop
hausa,clinical,ELEVATED INR: The patient was given 8 units of fresh frozen plasma with correction of INR.," In the elevated INF, the patient was given 8 units of fresh frozen plasma with correction of INF.",elevated inr the patient was given 8 units of fresh frozen plasma with correction of inr,in the elevated inf the patient was given 8 units of fresh frozen plasma with correction of inf
hausa,general,"Emergency Ambulance services arrived at Enugu Hospital, Gombe AT 1AM with the Agbo family."," emergency ambulance services arrived at Enugu Hospital, Gombe at 1am with the Agbo family",emergency ambulance services arrived at enugu hospital gombe at one am with the agbo family,emergency ambulance services arrived at enugu hospital gombe at one am with the agbo family
hausa,clinical,Glucosamine and chondroitin sulfate., glucosamine and chondroitin sulfate,glucosamine and chondroitin sulfate,glucosamine and chondroitin sulfate
hausa,general,"Later in the call, he predicted a political backlash to the public health measures."," Later, in the call, he predicted a political backlash to the public health measures push-up.",later in the call he predicted a political backlash to the public health measures,later in the call he predicted a political backlash to the public health measures push up
hausa,clinical,Cardiac: RRR no m femoral pulses 2+.Abdomen: soft 3VC no mass quiet BS.," Cardiac RRR, no ephemeral pulses, 2+, abdomen, soft, 3VC, no mass, quiet, BS.",cardiac rrr no m femoral pulses 2 abdomen soft 3 vc no mass quiet bs,cardiac rrr no ephemeral pulses 2 abdomen soft 3 vc no mass quiet bs
hausa,general,"You will recall that on Wednesday, Mr. President directed and I informed you that all ministers and other political appointees who aspire to contest for elective offices in 2023 general elections, should resign their current appointments.
"," You will recall that on Wednesday, Mr. President directed and I informed you that all ministers and other political appointees who aspire to contest for elective offices in 2023 general elections should resign their current appointments.",you will recall that on wednesday mister president directed and i informed you that all ministers and other political appointees who aspire to contest for elective offices in 2023 general elections should resign their current appointments,you will recall that on wednesday mister president directed and i informed you that all ministers and other political appointees who aspire to contest for elective offices in 2023 general elections should resign their current appointments
hausa,clinical,"Other infrequent side effects include splenic infarction, bowel obstruction, paralytic ileus, and upper GI bleeding."," Other infrequent side effects include splenic infarction, bowel obstruction, paralytic ileus, and upper GI bleeding. Full stop.",other infrequent side effects include splenic infarction bowel obstruction paralytic ileus and upper gi bleeding,other infrequent side effects include splenic infarction bowel obstruction paralytic ileus and upper gi bleeding full stop
hausa,clinical,Findings were discussed with ICU nurse Romi at 7 PM on25 Feb 1978.., Findings were discussed with ICU nurse Romy at 7 p.m. on 25 February 1978.,findings were discussed with icu nurse romi at 7 pm on 25 feb 1978 .,findings were discussed with icu nurse romy at 7 p m on 25 february 1978
hausa,clinical,FOOT AP LAT and OBL RIGHT           Reason: please evaluate for evidence of osteomyelitis," Food, AP, LAT and OBL. Right. Reason. Please evaluate for evidence of osteomyelitis.",foot ap lat and obl right reason please evaluate for evidence of osteomyelitis,food ap lat and obl right reason please evaluate for evidence of osteomyelitis
hausa,general,"One of the first things you learn about the social sciences is that politics and economics are eternally joined at the hip.
"," One of the first things you learn about the social sciences is that politics and economics are internally joined at the hip, full stop.",one of the 1st things you learn about the social sciences is that politics and economics are eternally joined at the hip,one of the 1st things you learn about the social sciences is that politics and economics are internally joined at the hip full stop
hausa,general,"He claimed that survey results were accurate since the margin of error was between three and four percent, adding that any statistical deviation within that range was accepted internationally for such surveys.
"," It claimed that survey results were accurate since the margin of error was between 3 and 4 percent, adding that any statistical deviation within that range was accepted internationally for sub-surveys to stop.",he claimed that survey results were accurate since the margin of error was between 3 and 4% adding that any statistical deviation within that range was accepted internationally for such surveys,it claimed that survey results were accurate since the margin of error was between 3 and 4% adding that any statistical deviation within that range was accepted internationally for sub surveys to stop
hausa,clinical,Hemodynamics were measured and demonstrated C.O.6.1 C.I.3.0 PCWP17 RA14 PA43/19 RV43/12.," Hemodynamics were measured and demonstrated. CO61, CI30, PCWP17, RA14, PA43 over 19, RV43 over 12.",hemodynamics were measured and demonstrated c o.6 one c i.3.0 pcwp 17 ra 14 pa 43 19 rv 43 12,hemodynamics were measured and demonstrated co 61 ci 30 pcwp 17 ra 14 pa 43 over 19 rv 43 over 12
hausa,clinical,FINAL REPORT HISTORY: Forty-six year old male with chest pain., Final report history. 46-year-old male with chest pain.,final report history 46 year old male with chest pain,final report history 46 year old male with chest pain
hausa,clinical,F/U w/dophoff placement cultures  and renal status.," F U W D O P H O F F Placement, cultures and renal status.",f u w dophoff placement cultures and renal status,f u w d 0 p h 0 f f placement cultures and renal status
hausa,clinical,Remains on iron and trivisol., remains on ion and travisol,remains on iron and trivisol,remains on ion and travisol
hausa,clinical,Father and brother died of PE ., Father and brother died of PE.,father and brother died of pe,father and brother died of pe
hausa,clinical,Currently at 2 units per hour., Currently at 2 units per hour.,currently at 2 units per hour,currently at 2 units per hour
hausa,clinical,Frequent handwashing is the most effective action a laboratory worker can take to avoid laboratory-acquired infection., Frequent hand washing is the most effective action a laboratory worker can take to avoid laboratory acquired infection.,frequent handwashing is the most effective action a laboratory worker can take to avoid laboratory acquired infection,frequent hand washing is the most effective action a laboratory worker can take to avoid laboratory acquired infection
hausa,clinical,Discharge Diagnosis: GERD Basal cell cancer on face sp excision stress incontinence sp bladder sling sp breast biopsy sp lap choleycystectomy appendectomy c section Previous problems with anesthesia: vomitting post anesthesiadilaudid," The stress diagnosis is called GERD, B-cell cancer of the face, SPSH, stress, incontinence, S-P blood, S-LINK, S-P-B-B-C, S-P-L-A-B, cholecystectomy, appendectomy, C-section, previous problems with anesthesia, colon, remission, post-anesthesia, dilaudid.",discharge diagnosis gerd basal cell cancer on face sp excision stress incontinence sp bladder sling sp breast biopsy sp lap choleycystectomy appendectomy c section previous problems with anesthesia vomitting post anesthesiadilaudid,the stress diagnosis is called gerd b cell cancer of the face spsh stress incontinence s p blood s link s p b b c s p l a b cholecystectomy appendectomy c section previous problems with anesthesia colon remission post anesthesia dilaudid
hausa,clinical,SW consulted on this 50 year old patient transferred from Hospital Falano Hospital with a Variceal bleed., SW consulted on this 50 years old fashion transfer from hospital Falano Hospital in Barasial Blit.,sw consulted on this 50 year old patient transferred from hospital falano hospital with a variceal bleed,sw consulted on this 50 years old fashion transfer from hospital falano hospital in barasial blit
hausa,general,"The spring would see a new campaign against Richmond.
", The spring would see a new campaign against Richmond food stock.,the spring would see a new campaign against richmond,the spring would see a new campaign against richmond food stock
hausa,clinical,Yankauer suction catheter.," Yankoa, Sanction, Kathita, full stop.",yankauer suction catheter,yankoa sanction kathita full stop
hausa,clinical,Self-limiting Runs of V-Tach  K+ 3.8 in labs checked at this time repleted with 40 meq of K-Dur., self-limiting rounds of victor k plus 3.8 in left check at this time he played it with 14 make of k you are,self limiting runs of v tach k 3.8 in labs checked at this time repleted with 40 meq of k dur,self limiting rounds of victor k +3.8 in left check at this time he played it with 14 make of k you are
hausa,general,"You can imagine a bus stop along the Lagos-Abeokuta expressway, Obadeyi, where cases of falling containers occurred at least four times in a week.
"," You can imagine a bus stop along the Lagos, iPhone, Abukuta Express, Abadie, where cases of foreign containers occurred at least four times in a week.",you can imagine a bus stop along the lagos abeokuta expressway obadeyi where cases of falling containers occurred at least 4 times in a week,you can imagine a bus stop along the lagos iphone abukuta express abadie where cases of foreign containers occurred at least 4 times in a week
hausa,clinical,"In females, testosterone levels also decline with age however, at menopause the decline in female hormones is so much greater that many postmenopausal women have higher androgen to estrogen ratios, resulting frequently in signifiant hirsutism."," In females, testosterone levels also decline with age. However, at menopause, the decline in female hormones is so much greater that many postmenopausal women have higher androgen to estrogen ratios, resulting frequently in significant hirsutism. So stop.",in females testosterone levels also decline with age however at menopause the decline in female hormones is so much greater that many postmenopausal women have higher androgen to estrogen ratios resulting frequently in signifiant hirsutism,in females testosterone levels also decline with age however at menopause the decline in female hormones is so much greater that many postmenopausal women have higher androgen to estrogen ratios resulting frequently in significant hirsutism so stop
hausa,clinical,"Charles I. . Sanders, M.D. 76-364"," Charles I. Sanders, MD, 76 to 364.",charles i sanders m d 76 364,charles i sanders md 76 to 364
hausa,general,Several insect pests attack the plants and affect coffee production., Several insect pests attack the plants and affect coffee production. Full stop.,several insect pests attack the plants and affect coffee production,several insect pests attack the plants and affect coffee production full stop
hausa,general,"Speaking with the Nigerian Tribune on the significance of Jordan to the Christian faithful, Prophet Ojo described it as a land of separation from the land of reproach to that of promise.
", speaking with the nigerian tribune on the significance of jordan to the christian faithful prophet ojo described it as a land of separation from the land of reproach to that of promise,speaking with the nigerian tribune on the significance of jordan to the christian faithful prophet ojo described it as a land of separation from the land of reproach to that of promise,speaking with the nigerian tribune on the significance of jordan to the christian faithful prophet ojo described it as a land of separation from the land of reproach to that of promise
hausa,clinical,Found same findings., Found same findings.,found same findings,found same findings
hausa,clinical,A: Age appropriate., A. Age-appropriate.,a age appropriate,a age appropriate
hausa,general,"Only God can determine that.
", Only God can determine that. Full stop.,only god can determine that,only god can determine that full stop
hausa,clinical,"Some individuals have only mild clinical symptoms, whereas others have more severe disease."," Some individuals have only mild clinical symptoms, coma, whereas others have more severe disease to stop.",some individuals have only mild clinical symptoms whereas others have more severe disease,some individuals have only mild clinical symptoms coma whereas others have more severe disease to stop
hausa,clinical,Pt is homelessPt., PT is harmless PT,pt is homelesspt,pt is harmless pt
hausa,clinical,Information for families that provides details about community resources and state laws are helpful., Information for families that provide details about community resources and state laws is helpful.,information for families that provides details about community resources and state laws are helpful,information for families that provide details about community resources and state laws is helpful
hausa,general,"Dubai in the night looks more lovely and vivacious, and returning to its inviting arms will unquestionably inspire your spirits.
"," Dubai in the night looks more lovely and vivacious, and returning to its inviting arms will unquestionably inspire your spirit, full stop.",dubai in the night looks more lovely and vivacious and returning to its inviting arms will unquestionably inspire your spirits,dubai in the night looks more lovely and vivacious and returning to its inviting arms will unquestionably inspire your spirit full stop
